ISO-10303-21;
HEADER;
FILE_DESCRIPTION((''),'2;1');
FILE_NAME('C-644884-3','2020-02-17T08:35:45',('workeradm'),(
'TE Connectivity Ltd.'),'CREO PARAMETRIC BY PTC INC, 2019292',
'CREO PARAMETRIC BY PTC INC, 2019292','');
FILE_SCHEMA(('AUTOMOTIVE_DESIGN { 1 0 10303 214 1 1 1 1 }'));
ENDSEC;
DATA;
#134=CARTESIAN_POINT('',(-3.6576E0,7.874E-1,-3.81E-1));
#135=DIRECTION('',(1.E0,0.E0,0.E0));
#136=DIRECTION('',(0.E0,1.E0,0.E0));
#137=AXIS2_PLACEMENT_3D('',#134,#135,#136);
#139=DIRECTION('',(0.E0,-1.E0,0.E0));
#140=VECTOR('',#139,1.5748E0);
#141=CARTESIAN_POINT('',(-3.6576E0,7.874E-1,0.E0));
#142=LINE('',#141,#140);
#143=CARTESIAN_POINT('',(-3.6576E0,-7.874E-1,-3.81E-1));
#144=DIRECTION('',(1.E0,0.E0,0.E0));
#145=DIRECTION('',(0.E0,0.E0,1.E0));
#146=AXIS2_PLACEMENT_3D('',#143,#144,#145);
#148=DIRECTION('',(0.E0,0.E0,-1.E0));
#149=VECTOR('',#148,2.159E0);
#150=CARTESIAN_POINT('',(-3.6576E0,-1.1684E0,-3.81E-1));
#151=LINE('',#150,#149);
#152=DIRECTION('',(0.E0,1.E0,0.E0));
#153=VECTOR('',#152,2.487356106904E-1);
#154=CARTESIAN_POINT('',(-3.6576E0,-1.1684E0,-2.54E0));
#155=LINE('',#154,#153);
#156=DIRECTION('',(0.E0,5.E-1,8.660254037844E-1));
#157=VECTOR('',#156,3.666174209354E-1);
#158=CARTESIAN_POINT('',(-3.6576E0,-9.196643893096E-1,-2.54E0));
#159=LINE('',#158,#157);
#160=CARTESIAN_POINT('',(-3.6576E0,-4.064E-1,-2.413E0));
#161=DIRECTION('',(-1.E0,0.E0,0.E0));
#162=DIRECTION('',(0.E0,-8.660254037844E-1,5.E-1));
#163=AXIS2_PLACEMENT_3D('',#160,#161,#162);
#165=DIRECTION('',(0.E0,1.E0,0.E0));
#166=VECTOR('',#165,8.128E-1);
#167=CARTESIAN_POINT('',(-3.6576E0,-4.064E-1,-2.032E0));
#168=LINE('',#167,#166);
#169=CARTESIAN_POINT('',(-3.6576E0,4.064E-1,-2.413E0));
#170=DIRECTION('',(-1.E0,0.E0,0.E0));
#171=DIRECTION('',(0.E0,0.E0,1.E0));
#172=AXIS2_PLACEMENT_3D('',#169,#170,#171);
#174=DIRECTION('',(0.E0,5.E-1,-8.660254037844E-1));
#175=VECTOR('',#174,3.666174209354E-1);
#176=CARTESIAN_POINT('',(-3.6576E0,7.363556788419E-1,-2.2225E0));
#177=LINE('',#176,#175);
#178=DIRECTION('',(0.E0,1.E0,0.E0));
#179=VECTOR('',#178,2.487356106904E-1);
#180=CARTESIAN_POINT('',(-3.6576E0,9.196643893096E-1,-2.54E0));
#181=LINE('',#180,#179);
#182=DIRECTION('',(0.E0,0.E0,1.E0));
#183=VECTOR('',#182,2.159E0);
#184=CARTESIAN_POINT('',(-3.6576E0,1.1684E0,-2.54E0));
#185=LINE('',#184,#183);
#186=CARTESIAN_POINT('',(1.285875E0,1.1684E0,-3.81E-1));
#187=CARTESIAN_POINT('',(1.322546216345E0,1.1684E0,-3.223260538478E-1));
#188=CARTESIAN_POINT('',(1.382993757854E0,1.144069967980E0,-2.256099874328E-1));
#189=CARTESIAN_POINT('',(1.453256831250E0,1.069068731864E0,-1.131890700007E-1));
#190=CARTESIAN_POINT('',(1.496293190439E0,9.772917904373E-1,
-4.433089529727E-2));
#191=CARTESIAN_POINT('',(1.518555662364E0,8.809143132189E-1,
-8.710940218373E-3));
#192=CARTESIAN_POINT('',(1.524E0,8.219955563089E-1,0.E0));
#193=CARTESIAN_POINT('',(1.524E0,7.874E-1,0.E0));
#195=DIRECTION('',(1.E0,0.E0,0.E0));
#196=VECTOR('',#195,2.371725E0);
#197=CARTESIAN_POINT('',(1.285875E0,1.1684E0,-3.81E-1));
#198=LINE('',#197,#196);
#199=CARTESIAN_POINT('',(-1.285875E0,1.1684E0,-3.81E-1));
#200=CARTESIAN_POINT('',(-1.322546216345E0,1.1684E0,-3.223260538478E-1));
#201=CARTESIAN_POINT('',(-1.382993757854E0,1.144069967980E0,
-2.256099874328E-1));
#202=CARTESIAN_POINT('',(-1.453256831250E0,1.069068731864E0,
-1.131890700007E-1));
#203=CARTESIAN_POINT('',(-1.496293190439E0,9.772917904373E-1,
-4.433089529727E-2));
#204=CARTESIAN_POINT('',(-1.518555662364E0,8.809143132189E-1,
-8.710940218373E-3));
#205=CARTESIAN_POINT('',(-1.524E0,8.219955563089E-1,0.E0));
#206=CARTESIAN_POINT('',(-1.524E0,7.874E-1,0.E0));
#208=DIRECTION('',(1.E0,0.E0,0.E0));
#209=VECTOR('',#208,2.371725E0);
#210=CARTESIAN_POINT('',(-3.6576E0,1.1684E0,-3.81E-1));
#211=LINE('',#210,#209);
#212=CARTESIAN_POINT('',(-1.254125E0,1.1684E0,-3.81E-1));
#213=CARTESIAN_POINT('',(-1.217453783655E0,1.1684E0,-3.223260538478E-1));
#214=CARTESIAN_POINT('',(-1.157006242146E0,1.144069967980E0,
-2.256099874328E-1));
#215=CARTESIAN_POINT('',(-1.086743168750E0,1.069068731864E0,
-1.131890700007E-1));
#216=CARTESIAN_POINT('',(-1.043706809561E0,9.772917904373E-1,
-4.433089529727E-2));
#217=CARTESIAN_POINT('',(-1.021444337636E0,8.809143132189E-1,
-8.710940218373E-3));
#218=CARTESIAN_POINT('',(-1.016E0,8.219955563089E-1,0.E0));
#219=CARTESIAN_POINT('',(-1.016E0,7.874E-1,0.E0));
#221=DIRECTION('',(1.E0,0.E0,0.E0));
#222=VECTOR('',#221,2.50825E0);
#223=CARTESIAN_POINT('',(-1.254125E0,1.1684E0,-3.81E-1));
#224=LINE('',#223,#222);
#225=CARTESIAN_POINT('',(1.254125E0,1.1684E0,-3.81E-1));
#226=CARTESIAN_POINT('',(1.217453783655E0,1.1684E0,-3.223260538478E-1));
#227=CARTESIAN_POINT('',(1.157006242146E0,1.144069967980E0,-2.256099874328E-1));
#228=CARTESIAN_POINT('',(1.086743168750E0,1.069068731864E0,-1.131890700007E-1));
#229=CARTESIAN_POINT('',(1.043706809561E0,9.772917904373E-1,
-4.433089529727E-2));
#230=CARTESIAN_POINT('',(1.021444337636E0,8.809143132189E-1,
-8.710940218373E-3));
#231=CARTESIAN_POINT('',(1.016E0,8.219955563089E-1,0.E0));
#232=CARTESIAN_POINT('',(1.016E0,7.874E-1,0.E0));
#234=DIRECTION('',(0.E0,1.E0,0.E0));
#235=VECTOR('',#234,2.3368E0);
#236=CARTESIAN_POINT('',(1.27E0,-1.1684E0,-4.064E-1));
#237=LINE('',#236,#235);
#238=DIRECTION('',(0.E0,-1.E0,0.E0));
#239=VECTOR('',#238,1.5748E0);
#240=CARTESIAN_POINT('',(1.524E0,7.874E-1,0.E0));
#241=LINE('',#240,#239);
#242=DIRECTION('',(1.E0,0.E0,0.E0));
#243=VECTOR('',#242,2.1336E0);
#244=CARTESIAN_POINT('',(1.524E0,7.874E-1,0.E0));
#245=LINE('',#244,#243);
#246=DIRECTION('',(0.E0,-1.E0,0.E0));
#247=VECTOR('',#246,1.5748E0);
#248=CARTESIAN_POINT('',(-1.524E0,7.874E-1,0.E0));
#249=LINE('',#248,#247);
#250=DIRECTION('',(1.E0,0.E0,0.E0));
#251=VECTOR('',#250,2.1336E0);
#252=CARTESIAN_POINT('',(-3.6576E0,7.874E-1,0.E0));
#253=LINE('',#252,#251);
#254=DIRECTION('',(0.E0,-1.E0,0.E0));
#255=VECTOR('',#254,1.5748E0);
#256=CARTESIAN_POINT('',(-1.016E0,7.874E-1,0.E0));
#257=LINE('',#256,#255);
#258=DIRECTION('',(1.E0,0.E0,0.E0));
#259=VECTOR('',#258,2.032E0);
#260=CARTESIAN_POINT('',(-1.016E0,7.874E-1,0.E0));
#261=LINE('',#260,#259);
#262=DIRECTION('',(0.E0,-1.E0,0.E0));
#263=VECTOR('',#262,1.5748E0);
#264=CARTESIAN_POINT('',(1.016E0,7.874E-1,0.E0));
#265=LINE('',#264,#263);
#266=DIRECTION('',(0.E0,1.E0,0.E0));
#267=VECTOR('',#266,6.35E-1);
#268=CARTESIAN_POINT('',(2.2225E0,-3.175E-1,0.E0));
#269=LINE('',#268,#267);
#270=DIRECTION('',(1.E0,0.E0,0.E0));
#271=VECTOR('',#270,6.35E-1);
#272=CARTESIAN_POINT('',(2.2225E0,-3.175E-1,0.E0));
#273=LINE('',#272,#271);
#274=DIRECTION('',(0.E0,1.E0,0.E0));
#275=VECTOR('',#274,6.35E-1);
#276=CARTESIAN_POINT('',(2.8575E0,-3.175E-1,0.E0));
#277=LINE('',#276,#275);
#278=DIRECTION('',(1.E0,0.E0,0.E0));
#279=VECTOR('',#278,6.35E-1);
#280=CARTESIAN_POINT('',(2.2225E0,3.175E-1,0.E0));
#281=LINE('',#280,#279);
#282=DIRECTION('',(0.E0,1.E0,0.E0));
#283=VECTOR('',#282,6.35E-1);
#284=CARTESIAN_POINT('',(-3.175E-1,-3.175E-1,0.E0));
#285=LINE('',#284,#283);
#286=DIRECTION('',(1.E0,0.E0,0.E0));
#287=VECTOR('',#286,6.35E-1);
#288=CARTESIAN_POINT('',(-3.175E-1,-3.175E-1,0.E0));
#289=LINE('',#288,#287);
#290=DIRECTION('',(0.E0,1.E0,0.E0));
#291=VECTOR('',#290,6.35E-1);
#292=CARTESIAN_POINT('',(3.175E-1,-3.175E-1,0.E0));
#293=LINE('',#292,#291);
#294=DIRECTION('',(1.E0,0.E0,0.E0));
#295=VECTOR('',#294,6.35E-1);
#296=CARTESIAN_POINT('',(-3.175E-1,3.175E-1,0.E0));
#297=LINE('',#296,#295);
#298=DIRECTION('',(0.E0,1.E0,0.E0));
#299=VECTOR('',#298,6.35E-1);
#300=CARTESIAN_POINT('',(-2.8575E0,-3.175E-1,0.E0));
#301=LINE('',#300,#299);
#302=DIRECTION('',(1.E0,0.E0,0.E0));
#303=VECTOR('',#302,6.35E-1);
#304=CARTESIAN_POINT('',(-2.8575E0,-3.175E-1,0.E0));
#305=LINE('',#304,#303);
#306=DIRECTION('',(0.E0,1.E0,0.E0));
#307=VECTOR('',#306,6.35E-1);
#308=CARTESIAN_POINT('',(-2.2225E0,-3.175E-1,0.E0));
#309=LINE('',#308,#307);
#310=DIRECTION('',(1.E0,0.E0,0.E0));
#311=VECTOR('',#310,6.35E-1);
#312=CARTESIAN_POINT('',(-2.8575E0,3.175E-1,0.E0));
#313=LINE('',#312,#311);
#314=CARTESIAN_POINT('',(3.6576E0,7.874E-1,-3.81E-1));
#315=DIRECTION('',(1.E0,0.E0,0.E0));
#316=DIRECTION('',(0.E0,1.E0,0.E0));
#317=AXIS2_PLACEMENT_3D('',#314,#315,#316);
#319=DIRECTION('',(0.E0,0.E0,1.E0));
#320=VECTOR('',#319,2.159E0);
#321=CARTESIAN_POINT('',(3.6576E0,1.1684E0,-2.54E0));
#322=LINE('',#321,#320);
#323=DIRECTION('',(0.E0,1.E0,0.E0));
#324=VECTOR('',#323,2.487356106904E-1);
#325=CARTESIAN_POINT('',(3.6576E0,9.196643893096E-1,-2.54E0));
#326=LINE('',#325,#324);
#327=DIRECTION('',(0.E0,5.E-1,-8.660254037844E-1));
#328=VECTOR('',#327,3.666174209354E-1);
#329=CARTESIAN_POINT('',(3.6576E0,7.363556788419E-1,-2.2225E0));
#330=LINE('',#329,#328);
#331=CARTESIAN_POINT('',(3.6576E0,4.064E-1,-2.413E0));
#332=DIRECTION('',(-1.E0,0.E0,0.E0));
#333=DIRECTION('',(0.E0,0.E0,1.E0));
#334=AXIS2_PLACEMENT_3D('',#331,#332,#333);
#336=DIRECTION('',(0.E0,1.E0,0.E0));
#337=VECTOR('',#336,8.128E-1);
#338=CARTESIAN_POINT('',(3.6576E0,-4.064E-1,-2.032E0));
#339=LINE('',#338,#337);
#340=CARTESIAN_POINT('',(3.6576E0,-4.064E-1,-2.413E0));
#341=DIRECTION('',(-1.E0,0.E0,0.E0));
#342=DIRECTION('',(0.E0,-8.660254037844E-1,5.E-1));
#343=AXIS2_PLACEMENT_3D('',#340,#341,#342);
#345=DIRECTION('',(0.E0,5.E-1,8.660254037844E-1));
#346=VECTOR('',#345,3.666174209354E-1);
#347=CARTESIAN_POINT('',(3.6576E0,-9.196643893096E-1,-2.54E0));
#348=LINE('',#347,#346);
#349=DIRECTION('',(0.E0,1.E0,0.E0));
#350=VECTOR('',#349,2.487356106904E-1);
#351=CARTESIAN_POINT('',(3.6576E0,-1.1684E0,-2.54E0));
#352=LINE('',#351,#350);
#353=DIRECTION('',(0.E0,0.E0,-1.E0));
#354=VECTOR('',#353,2.159E0);
#355=CARTESIAN_POINT('',(3.6576E0,-1.1684E0,-3.81E-1));
#356=LINE('',#355,#354);
#357=CARTESIAN_POINT('',(3.6576E0,-7.874E-1,-3.81E-1));
#358=DIRECTION('',(1.E0,0.E0,0.E0));
#359=DIRECTION('',(0.E0,0.E0,1.E0));
#360=AXIS2_PLACEMENT_3D('',#357,#358,#359);
#362=DIRECTION('',(0.E0,-1.E0,0.E0));
#363=VECTOR('',#362,1.5748E0);
#364=CARTESIAN_POINT('',(3.6576E0,7.874E-1,0.E0));
#365=LINE('',#364,#363);
#366=DIRECTION('',(5.299989400032E-1,0.E0,-8.479983040051E-1));
#367=VECTOR('',#366,2.995289009428E-2);
#368=CARTESIAN_POINT('',(-1.285875E0,1.1684E0,-3.81E-1));
#369=LINE('',#368,#367);
#370=DIRECTION('',(1.E0,0.E0,0.E0));
#371=VECTOR('',#370,1.7526E0);
#372=CARTESIAN_POINT('',(-3.6576E0,1.1684E0,-2.54E0));
#373=LINE('',#372,#371);
#374=DIRECTION('',(0.E0,0.E0,1.E0));
#375=VECTOR('',#374,5.08E-1);
#376=CARTESIAN_POINT('',(-1.905E0,1.1684E0,-2.54E0));
#377=LINE('',#376,#375);
#378=DIRECTION('',(-1.E0,0.E0,0.E0));
#379=VECTOR('',#378,1.27E0);
#380=CARTESIAN_POINT('',(-6.35E-1,1.1684E0,-2.032E0));
#381=LINE('',#380,#379);
#382=DIRECTION('',(0.E0,0.E0,1.E0));
#383=VECTOR('',#382,5.08E-1);
#384=CARTESIAN_POINT('',(-6.35E-1,1.1684E0,-2.54E0));
#385=LINE('',#384,#383);
#386=DIRECTION('',(1.E0,0.E0,0.E0));
#387=VECTOR('',#386,1.27E0);
#388=CARTESIAN_POINT('',(-6.35E-1,1.1684E0,-2.54E0));
#389=LINE('',#388,#387);
#390=DIRECTION('',(0.E0,0.E0,1.E0));
#391=VECTOR('',#390,5.08E-1);
#392=CARTESIAN_POINT('',(6.35E-1,1.1684E0,-2.54E0));
#393=LINE('',#392,#391);
#394=DIRECTION('',(-1.E0,0.E0,0.E0));
#395=VECTOR('',#394,1.27E0);
#396=CARTESIAN_POINT('',(1.905E0,1.1684E0,-2.032E0));
#397=LINE('',#396,#395);
#398=DIRECTION('',(0.E0,0.E0,1.E0));
#399=VECTOR('',#398,5.08E-1);
#400=CARTESIAN_POINT('',(1.905E0,1.1684E0,-2.54E0));
#401=LINE('',#400,#399);
#402=DIRECTION('',(1.E0,0.E0,0.E0));
#403=VECTOR('',#402,1.7526E0);
#404=CARTESIAN_POINT('',(1.905E0,1.1684E0,-2.54E0));
#405=LINE('',#404,#403);
#406=DIRECTION('',(5.299989400032E-1,0.E0,8.479983040051E-1));
#407=VECTOR('',#406,2.995289009428E-2);
#408=CARTESIAN_POINT('',(1.27E0,1.1684E0,-4.064E-1));
#409=LINE('',#408,#407);
#410=DIRECTION('',(5.299989400032E-1,0.E0,-8.479983040051E-1));
#411=VECTOR('',#410,2.995289009428E-2);
#412=CARTESIAN_POINT('',(1.254125E0,1.1684E0,-3.81E-1));
#413=LINE('',#412,#411);
#414=DIRECTION('',(5.299989400032E-1,0.E0,8.479983040051E-1));
#415=VECTOR('',#414,2.995289009428E-2);
#416=CARTESIAN_POINT('',(-1.27E0,1.1684E0,-4.064E-1));
#417=LINE('',#416,#415);
#418=DIRECTION('',(0.E0,1.E0,0.E0));
#419=VECTOR('',#418,2.3368E0);
#420=CARTESIAN_POINT('',(-1.27E0,-1.1684E0,-4.064E-1));
#421=LINE('',#420,#419);
#422=CARTESIAN_POINT('',(1.524E0,-7.874E-1,0.E0));
#423=CARTESIAN_POINT('',(1.524E0,-8.219955563089E-1,0.E0));
#424=CARTESIAN_POINT('',(1.518555662364E0,-8.809143132189E-1,
-8.710940218373E-3));
#425=CARTESIAN_POINT('',(1.496293190439E0,-9.772917904373E-1,
-4.433089529727E-2));
#426=CARTESIAN_POINT('',(1.453256831250E0,-1.069068731864E0,
-1.131890700007E-1));
#427=CARTESIAN_POINT('',(1.382993757854E0,-1.144069967980E0,
-2.256099874328E-1));
#428=CARTESIAN_POINT('',(1.322546216345E0,-1.1684E0,-3.223260538478E-1));
#429=CARTESIAN_POINT('',(1.285875E0,-1.1684E0,-3.81E-1));
#431=DIRECTION('',(1.E0,0.E0,0.E0));
#432=VECTOR('',#431,2.1336E0);
#433=CARTESIAN_POINT('',(1.524E0,-7.874E-1,0.E0));
#434=LINE('',#433,#432);
#435=CARTESIAN_POINT('',(-1.524E0,-7.874E-1,0.E0));
#436=CARTESIAN_POINT('',(-1.524E0,-8.219955563089E-1,0.E0));
#437=CARTESIAN_POINT('',(-1.518555662364E0,-8.809143132189E-1,
-8.710940218373E-3));
#438=CARTESIAN_POINT('',(-1.496293190439E0,-9.772917904373E-1,
-4.433089529727E-2));
#439=CARTESIAN_POINT('',(-1.453256831250E0,-1.069068731864E0,
-1.131890700007E-1));
#440=CARTESIAN_POINT('',(-1.382993757854E0,-1.144069967980E0,
-2.256099874328E-1));
#441=CARTESIAN_POINT('',(-1.322546216345E0,-1.1684E0,-3.223260538478E-1));
#442=CARTESIAN_POINT('',(-1.285875E0,-1.1684E0,-3.81E-1));
#444=DIRECTION('',(1.E0,0.E0,0.E0));
#445=VECTOR('',#444,2.1336E0);
#446=CARTESIAN_POINT('',(-3.6576E0,-7.874E-1,0.E0));
#447=LINE('',#446,#445);
#448=CARTESIAN_POINT('',(-1.016E0,-7.874E-1,0.E0));
#449=CARTESIAN_POINT('',(-1.016E0,-8.219955563089E-1,0.E0));
#450=CARTESIAN_POINT('',(-1.021444337636E0,-8.809143132189E-1,
-8.710940218373E-3));
#451=CARTESIAN_POINT('',(-1.043706809561E0,-9.772917904373E-1,
-4.433089529727E-2));
#452=CARTESIAN_POINT('',(-1.086743168750E0,-1.069068731864E0,
-1.131890700007E-1));
#453=CARTESIAN_POINT('',(-1.157006242146E0,-1.144069967980E0,
-2.256099874328E-1));
#454=CARTESIAN_POINT('',(-1.217453783655E0,-1.1684E0,-3.223260538478E-1));
#455=CARTESIAN_POINT('',(-1.254125E0,-1.1684E0,-3.81E-1));
#457=DIRECTION('',(1.E0,0.E0,0.E0));
#458=VECTOR('',#457,2.032E0);
#459=CARTESIAN_POINT('',(-1.016E0,-7.874E-1,0.E0));
#460=LINE('',#459,#458);
#461=CARTESIAN_POINT('',(1.016E0,-7.874E-1,0.E0));
#462=CARTESIAN_POINT('',(1.016E0,-8.219955563089E-1,0.E0));
#463=CARTESIAN_POINT('',(1.021444337636E0,-8.809143132189E-1,
-8.710940218373E-3));
#464=CARTESIAN_POINT('',(1.043706809561E0,-9.772917904373E-1,
-4.433089529727E-2));
#465=CARTESIAN_POINT('',(1.086743168750E0,-1.069068731864E0,
-1.131890700007E-1));
#466=CARTESIAN_POINT('',(1.157006242146E0,-1.144069967980E0,
-2.256099874328E-1));
#467=CARTESIAN_POINT('',(1.217453783655E0,-1.1684E0,-3.223260538478E-1));
#468=CARTESIAN_POINT('',(1.254125E0,-1.1684E0,-3.81E-1));
#470=DIRECTION('',(5.299989400032E-1,0.E0,-8.479983040051E-1));
#471=VECTOR('',#470,2.995289009428E-2);
#472=CARTESIAN_POINT('',(-1.285875E0,-1.1684E0,-3.81E-1));
#473=LINE('',#472,#471);
#474=DIRECTION('',(5.299989400032E-1,0.E0,8.479983040051E-1));
#475=VECTOR('',#474,2.995289009428E-2);
#476=CARTESIAN_POINT('',(-1.27E0,-1.1684E0,-4.064E-1));
#477=LINE('',#476,#475);
#478=DIRECTION('',(1.E0,0.E0,0.E0));
#479=VECTOR('',#478,2.50825E0);
#480=CARTESIAN_POINT('',(-1.254125E0,-1.1684E0,-3.81E-1));
#481=LINE('',#480,#479);
#482=DIRECTION('',(5.299989400032E-1,0.E0,-8.479983040051E-1));
#483=VECTOR('',#482,2.995289009428E-2);
#484=CARTESIAN_POINT('',(1.254125E0,-1.1684E0,-3.81E-1));
#485=LINE('',#484,#483);
#486=DIRECTION('',(5.299989400032E-1,0.E0,8.479983040051E-1));
#487=VECTOR('',#486,2.995289009428E-2);
#488=CARTESIAN_POINT('',(1.27E0,-1.1684E0,-4.064E-1));
#489=LINE('',#488,#487);
#490=DIRECTION('',(1.E0,0.E0,0.E0));
#491=VECTOR('',#490,2.371725E0);
#492=CARTESIAN_POINT('',(1.285875E0,-1.1684E0,-3.81E-1));
#493=LINE('',#492,#491);
#494=DIRECTION('',(0.E0,0.E0,1.E0));
#495=VECTOR('',#494,5.08E-1);
#496=CARTESIAN_POINT('',(1.905E0,-1.1684E0,-2.54E0));
#497=LINE('',#496,#495);
#498=DIRECTION('',(-1.E0,0.E0,0.E0));
#499=VECTOR('',#498,1.27E0);
#500=CARTESIAN_POINT('',(1.905E0,-1.1684E0,-2.032E0));
#501=LINE('',#500,#499);
#502=DIRECTION('',(0.E0,0.E0,1.E0));
#503=VECTOR('',#502,5.08E-1);
#504=CARTESIAN_POINT('',(6.35E-1,-1.1684E0,-2.54E0));
#505=LINE('',#504,#503);
#506=DIRECTION('',(0.E0,0.E0,1.E0));
#507=VECTOR('',#506,5.08E-1);
#508=CARTESIAN_POINT('',(-6.35E-1,-1.1684E0,-2.54E0));
#509=LINE('',#508,#507);
#510=DIRECTION('',(-1.E0,0.E0,0.E0));
#511=VECTOR('',#510,1.27E0);
#512=CARTESIAN_POINT('',(-6.35E-1,-1.1684E0,-2.032E0));
#513=LINE('',#512,#511);
#514=DIRECTION('',(0.E0,0.E0,1.E0));
#515=VECTOR('',#514,5.08E-1);
#516=CARTESIAN_POINT('',(-1.905E0,-1.1684E0,-2.54E0));
#517=LINE('',#516,#515);
#518=DIRECTION('',(1.E0,0.E0,0.E0));
#519=VECTOR('',#518,2.371725E0);
#520=CARTESIAN_POINT('',(-3.6576E0,-1.1684E0,-3.81E-1));
#521=LINE('',#520,#519);
#522=DIRECTION('',(0.E0,1.E0,0.E0));
#523=VECTOR('',#522,2.487356106904E-1);
#524=CARTESIAN_POINT('',(1.905E0,-1.1684E0,-2.54E0));
#525=LINE('',#524,#523);
#526=DIRECTION('',(1.E0,0.E0,0.E0));
#527=VECTOR('',#526,1.7526E0);
#528=CARTESIAN_POINT('',(1.905E0,-1.1684E0,-2.54E0));
#529=LINE('',#528,#527);
#530=DIRECTION('',(0.E0,1.E0,0.E0));
#531=VECTOR('',#530,2.487356106904E-1);
#532=CARTESIAN_POINT('',(-6.35E-1,-1.1684E0,-2.54E0));
#533=LINE('',#532,#531);
#534=DIRECTION('',(1.E0,0.E0,0.E0));
#535=VECTOR('',#534,1.27E0);
#536=CARTESIAN_POINT('',(-6.35E-1,-1.1684E0,-2.54E0));
#537=LINE('',#536,#535);
#538=DIRECTION('',(0.E0,1.E0,0.E0));
#539=VECTOR('',#538,2.487356106904E-1);
#540=CARTESIAN_POINT('',(6.35E-1,-1.1684E0,-2.54E0));
#541=LINE('',#540,#539);
#542=DIRECTION('',(0.E0,1.E0,0.E0));
#543=VECTOR('',#542,2.487356106904E-1);
#544=CARTESIAN_POINT('',(-1.905E0,-1.1684E0,-2.54E0));
#545=LINE('',#544,#543);
#546=DIRECTION('',(1.E0,0.E0,0.E0));
#547=VECTOR('',#546,1.7526E0);
#548=CARTESIAN_POINT('',(-3.6576E0,-1.1684E0,-2.54E0));
#549=LINE('',#548,#547);
#550=DIRECTION('',(0.E0,5.E-1,8.660254037844E-1));
#551=VECTOR('',#550,3.666174209354E-1);
#552=CARTESIAN_POINT('',(1.905E0,-9.196643893096E-1,-2.54E0));
#553=LINE('',#552,#551);
#554=DIRECTION('',(1.E0,0.E0,0.E0));
#555=VECTOR('',#554,1.7526E0);
#556=CARTESIAN_POINT('',(1.905E0,-9.196643893096E-1,-2.54E0));
#557=LINE('',#556,#555);
#558=DIRECTION('',(0.E0,5.E-1,8.660254037844E-1));
#559=VECTOR('',#558,3.666174209354E-1);
#560=CARTESIAN_POINT('',(-6.35E-1,-9.196643893096E-1,-2.54E0));
#561=LINE('',#560,#559);
#562=DIRECTION('',(1.E0,0.E0,0.E0));
#563=VECTOR('',#562,1.27E0);
#564=CARTESIAN_POINT('',(-6.35E-1,-9.196643893096E-1,-2.54E0));
#565=LINE('',#564,#563);
#566=DIRECTION('',(0.E0,5.E-1,8.660254037844E-1));
#567=VECTOR('',#566,3.666174209354E-1);
#568=CARTESIAN_POINT('',(6.35E-1,-9.196643893096E-1,-2.54E0));
#569=LINE('',#568,#567);
#570=DIRECTION('',(0.E0,5.E-1,8.660254037844E-1));
#571=VECTOR('',#570,3.666174209354E-1);
#572=CARTESIAN_POINT('',(-1.905E0,-9.196643893096E-1,-2.54E0));
#573=LINE('',#572,#571);
#574=DIRECTION('',(1.E0,0.E0,0.E0));
#575=VECTOR('',#574,1.7526E0);
#576=CARTESIAN_POINT('',(-3.6576E0,-9.196643893096E-1,-2.54E0));
#577=LINE('',#576,#575);
#578=CARTESIAN_POINT('',(1.905E0,-4.064E-1,-2.413E0));
#579=DIRECTION('',(1.E0,0.E0,0.E0));
#580=DIRECTION('',(0.E0,0.E0,1.E0));
#581=AXIS2_PLACEMENT_3D('',#578,#579,#580);
#583=DIRECTION('',(1.E0,0.E0,0.E0));
#584=VECTOR('',#583,1.7526E0);
#585=CARTESIAN_POINT('',(1.905E0,-7.363556788419E-1,-2.2225E0));
#586=LINE('',#585,#584);
#587=CARTESIAN_POINT('',(-6.35E-1,-4.064E-1,-2.413E0));
#588=DIRECTION('',(1.E0,0.E0,0.E0));
#589=DIRECTION('',(0.E0,0.E0,1.E0));
#590=AXIS2_PLACEMENT_3D('',#587,#588,#589);
#592=DIRECTION('',(1.E0,0.E0,0.E0));
#593=VECTOR('',#592,1.27E0);
#594=CARTESIAN_POINT('',(-6.35E-1,-7.363556788419E-1,-2.2225E0));
#595=LINE('',#594,#593);
#596=CARTESIAN_POINT('',(6.35E-1,-4.064E-1,-2.413E0));
#597=DIRECTION('',(1.E0,0.E0,0.E0));
#598=DIRECTION('',(0.E0,0.E0,1.E0));
#599=AXIS2_PLACEMENT_3D('',#596,#597,#598);
#601=CARTESIAN_POINT('',(-1.905E0,-4.064E-1,-2.413E0));
#602=DIRECTION('',(1.E0,0.E0,0.E0));
#603=DIRECTION('',(0.E0,0.E0,1.E0));
#604=AXIS2_PLACEMENT_3D('',#601,#602,#603);
#606=DIRECTION('',(1.E0,0.E0,0.E0));
#607=VECTOR('',#606,1.7526E0);
#608=CARTESIAN_POINT('',(-3.6576E0,-7.363556788419E-1,-2.2225E0));
#609=LINE('',#608,#607);
#610=DIRECTION('',(0.E0,1.E0,0.E0));
#611=VECTOR('',#610,7.62E-1);
#612=CARTESIAN_POINT('',(-6.35E-1,4.064E-1,-2.032E0));
#613=LINE('',#612,#611);
#614=DIRECTION('',(1.E0,0.E0,0.E0));
#615=VECTOR('',#614,1.7526E0);
#616=CARTESIAN_POINT('',(-3.6576E0,-4.064E-1,-2.032E0));
#617=LINE('',#616,#615);
#618=DIRECTION('',(0.E0,1.E0,0.E0));
#619=VECTOR('',#618,7.62E-1);
#620=CARTESIAN_POINT('',(-6.35E-1,-1.1684E0,-2.032E0));
#621=LINE('',#620,#619);
#622=DIRECTION('',(1.E0,0.E0,0.E0));
#623=VECTOR('',#622,1.27E0);
#624=CARTESIAN_POINT('',(-6.35E-1,-4.064E-1,-2.032E0));
#625=LINE('',#624,#623);
#626=DIRECTION('',(0.E0,1.E0,0.E0));
#627=VECTOR('',#626,7.62E-1);
#628=CARTESIAN_POINT('',(1.905E0,-1.1684E0,-2.032E0));
#629=LINE('',#628,#627);
#630=DIRECTION('',(1.E0,0.E0,0.E0));
#631=VECTOR('',#630,1.7526E0);
#632=CARTESIAN_POINT('',(1.905E0,-4.064E-1,-2.032E0));
#633=LINE('',#632,#631);
#634=DIRECTION('',(0.E0,1.E0,0.E0));
#635=VECTOR('',#634,7.62E-1);
#636=CARTESIAN_POINT('',(1.905E0,4.064E-1,-2.032E0));
#637=LINE('',#636,#635);
#638=DIRECTION('',(0.E0,1.E0,0.E0));
#639=VECTOR('',#638,6.35E-1);
#640=CARTESIAN_POINT('',(2.2225E0,-3.175E-1,-2.032E0));
#641=LINE('',#640,#639);
#642=DIRECTION('',(1.E0,0.E0,0.E0));
#643=VECTOR('',#642,6.35E-1);
#644=CARTESIAN_POINT('',(2.2225E0,3.175E-1,-2.032E0));
#645=LINE('',#644,#643);
#646=DIRECTION('',(0.E0,1.E0,0.E0));
#647=VECTOR('',#646,6.35E-1);
#648=CARTESIAN_POINT('',(2.8575E0,-3.175E-1,-2.032E0));
#649=LINE('',#648,#647);
#650=DIRECTION('',(1.E0,0.E0,0.E0));
#651=VECTOR('',#650,6.35E-1);
#652=CARTESIAN_POINT('',(2.2225E0,-3.175E-1,-2.032E0));
#653=LINE('',#652,#651);
#654=DIRECTION('',(0.E0,1.E0,0.E0));
#655=VECTOR('',#654,6.35E-1);
#656=CARTESIAN_POINT('',(-3.175E-1,-3.175E-1,-2.032E0));
#657=LINE('',#656,#655);
#658=DIRECTION('',(1.E0,0.E0,0.E0));
#659=VECTOR('',#658,6.35E-1);
#660=CARTESIAN_POINT('',(-3.175E-1,3.175E-1,-2.032E0));
#661=LINE('',#660,#659);
#662=DIRECTION('',(0.E0,1.E0,0.E0));
#663=VECTOR('',#662,6.35E-1);
#664=CARTESIAN_POINT('',(3.175E-1,-3.175E-1,-2.032E0));
#665=LINE('',#664,#663);
#666=DIRECTION('',(1.E0,0.E0,0.E0));
#667=VECTOR('',#666,6.35E-1);
#668=CARTESIAN_POINT('',(-3.175E-1,-3.175E-1,-2.032E0));
#669=LINE('',#668,#667);
#670=DIRECTION('',(0.E0,1.E0,0.E0));
#671=VECTOR('',#670,6.35E-1);
#672=CARTESIAN_POINT('',(-2.8575E0,-3.175E-1,-2.032E0));
#673=LINE('',#672,#671);
#674=DIRECTION('',(1.E0,0.E0,0.E0));
#675=VECTOR('',#674,6.35E-1);
#676=CARTESIAN_POINT('',(-2.8575E0,3.175E-1,-2.032E0));
#677=LINE('',#676,#675);
#678=DIRECTION('',(0.E0,1.E0,0.E0));
#679=VECTOR('',#678,6.35E-1);
#680=CARTESIAN_POINT('',(-2.2225E0,-3.175E-1,-2.032E0));
#681=LINE('',#680,#679);
#682=DIRECTION('',(1.E0,0.E0,0.E0));
#683=VECTOR('',#682,6.35E-1);
#684=CARTESIAN_POINT('',(-2.8575E0,-3.175E-1,-2.032E0));
#685=LINE('',#684,#683);
#686=CARTESIAN_POINT('',(1.905E0,4.064E-1,-2.413E0));
#687=DIRECTION('',(1.E0,0.E0,0.E0));
#688=DIRECTION('',(0.E0,8.660254037844E-1,5.E-1));
#689=AXIS2_PLACEMENT_3D('',#686,#687,#688);
#691=DIRECTION('',(1.E0,0.E0,0.E0));
#692=VECTOR('',#691,1.7526E0);
#693=CARTESIAN_POINT('',(1.905E0,4.064E-1,-2.032E0));
#694=LINE('',#693,#692);
#695=CARTESIAN_POINT('',(-6.35E-1,4.064E-1,-2.413E0));
#696=DIRECTION('',(1.E0,0.E0,0.E0));
#697=DIRECTION('',(0.E0,8.660254037844E-1,5.E-1));
#698=AXIS2_PLACEMENT_3D('',#695,#696,#697);
#700=DIRECTION('',(1.E0,0.E0,0.E0));
#701=VECTOR('',#700,1.27E0);
#702=CARTESIAN_POINT('',(-6.35E-1,4.064E-1,-2.032E0));
#703=LINE('',#702,#701);
#704=CARTESIAN_POINT('',(6.35E-1,4.064E-1,-2.413E0));
#705=DIRECTION('',(1.E0,0.E0,0.E0));
#706=DIRECTION('',(0.E0,8.660254037844E-1,5.E-1));
#707=AXIS2_PLACEMENT_3D('',#704,#705,#706);
#709=CARTESIAN_POINT('',(-1.905E0,4.064E-1,-2.413E0));
#710=DIRECTION('',(1.E0,0.E0,0.E0));
#711=DIRECTION('',(0.E0,8.660254037844E-1,5.E-1));
#712=AXIS2_PLACEMENT_3D('',#709,#710,#711);
#714=DIRECTION('',(1.E0,0.E0,0.E0));
#715=VECTOR('',#714,1.7526E0);
#716=CARTESIAN_POINT('',(-3.6576E0,4.064E-1,-2.032E0));
#717=LINE('',#716,#715);
#718=DIRECTION('',(0.E0,5.E-1,-8.660254037844E-1));
#719=VECTOR('',#718,3.666174209354E-1);
#720=CARTESIAN_POINT('',(1.905E0,7.363556788419E-1,-2.2225E0));
#721=LINE('',#720,#719);
#722=DIRECTION('',(1.E0,0.E0,0.E0));
#723=VECTOR('',#722,1.7526E0);
#724=CARTESIAN_POINT('',(1.905E0,7.363556788419E-1,-2.2225E0));
#725=LINE('',#724,#723);
#726=DIRECTION('',(0.E0,5.E-1,-8.660254037844E-1));
#727=VECTOR('',#726,3.666174209354E-1);
#728=CARTESIAN_POINT('',(-6.35E-1,7.363556788419E-1,-2.2225E0));
#729=LINE('',#728,#727);
#730=DIRECTION('',(1.E0,0.E0,0.E0));
#731=VECTOR('',#730,1.27E0);
#732=CARTESIAN_POINT('',(-6.35E-1,7.363556788419E-1,-2.2225E0));
#733=LINE('',#732,#731);
#734=DIRECTION('',(0.E0,5.E-1,-8.660254037844E-1));
#735=VECTOR('',#734,3.666174209354E-1);
#736=CARTESIAN_POINT('',(6.35E-1,7.363556788419E-1,-2.2225E0));
#737=LINE('',#736,#735);
#738=DIRECTION('',(0.E0,5.E-1,-8.660254037844E-1));
#739=VECTOR('',#738,3.666174209354E-1);
#740=CARTESIAN_POINT('',(-1.905E0,7.363556788419E-1,-2.2225E0));
#741=LINE('',#740,#739);
#742=DIRECTION('',(1.E0,0.E0,0.E0));
#743=VECTOR('',#742,1.7526E0);
#744=CARTESIAN_POINT('',(-3.6576E0,7.363556788419E-1,-2.2225E0));
#745=LINE('',#744,#743);
#746=DIRECTION('',(0.E0,1.E0,0.E0));
#747=VECTOR('',#746,2.487356106904E-1);
#748=CARTESIAN_POINT('',(1.905E0,9.196643893096E-1,-2.54E0));
#749=LINE('',#748,#747);
#750=DIRECTION('',(1.E0,0.E0,0.E0));
#751=VECTOR('',#750,1.7526E0);
#752=CARTESIAN_POINT('',(1.905E0,9.196643893096E-1,-2.54E0));
#753=LINE('',#752,#751);
#754=DIRECTION('',(0.E0,1.E0,0.E0));
#755=VECTOR('',#754,2.487356106904E-1);
#756=CARTESIAN_POINT('',(-6.35E-1,9.196643893096E-1,-2.54E0));
#757=LINE('',#756,#755);
#758=DIRECTION('',(1.E0,0.E0,0.E0));
#759=VECTOR('',#758,1.27E0);
#760=CARTESIAN_POINT('',(-6.35E-1,9.196643893096E-1,-2.54E0));
#761=LINE('',#760,#759);
#762=DIRECTION('',(0.E0,1.E0,0.E0));
#763=VECTOR('',#762,2.487356106904E-1);
#764=CARTESIAN_POINT('',(6.35E-1,9.196643893096E-1,-2.54E0));
#765=LINE('',#764,#763);
#766=DIRECTION('',(0.E0,1.E0,0.E0));
#767=VECTOR('',#766,2.487356106904E-1);
#768=CARTESIAN_POINT('',(-1.905E0,9.196643893096E-1,-2.54E0));
#769=LINE('',#768,#767);
#770=DIRECTION('',(1.E0,0.E0,0.E0));
#771=VECTOR('',#770,1.7526E0);
#772=CARTESIAN_POINT('',(-3.6576E0,9.196643893096E-1,-2.54E0));
#773=LINE('',#772,#771);
#774=DIRECTION('',(0.E0,1.E0,0.E0));
#775=VECTOR('',#774,7.62E-1);
#776=CARTESIAN_POINT('',(6.35E-1,-1.1684E0,-2.032E0));
#777=LINE('',#776,#775);
#778=DIRECTION('',(0.E0,1.E0,0.E0));
#779=VECTOR('',#778,7.62E-1);
#780=CARTESIAN_POINT('',(6.35E-1,4.064E-1,-2.032E0));
#781=LINE('',#780,#779);
#782=DIRECTION('',(0.E0,1.E0,0.E0));
#783=VECTOR('',#782,7.62E-1);
#784=CARTESIAN_POINT('',(-1.905E0,-1.1684E0,-2.032E0));
#785=LINE('',#784,#783);
#786=DIRECTION('',(0.E0,1.E0,0.E0));
#787=VECTOR('',#786,7.62E-1);
#788=CARTESIAN_POINT('',(-1.905E0,4.064E-1,-2.032E0));
#789=LINE('',#788,#787);
#790=DIRECTION('',(0.E0,0.E0,1.E0));
#791=VECTOR('',#790,7.493E0);
#792=CARTESIAN_POINT('',(2.2225E0,3.175E-1,0.E0));
#793=LINE('',#792,#791);
#794=DIRECTION('',(0.E0,-1.E0,0.E0));
#795=VECTOR('',#794,6.35E-1);
#796=CARTESIAN_POINT('',(2.2225E0,3.175E-1,7.493E0));
#797=LINE('',#796,#795);
#798=DIRECTION('',(0.E0,0.E0,-1.E0));
#799=VECTOR('',#798,7.493E0);
#800=CARTESIAN_POINT('',(2.2225E0,-3.175E-1,7.493E0));
#801=LINE('',#800,#799);
#802=DIRECTION('',(0.E0,0.E0,-1.E0));
#803=VECTOR('',#802,3.302E0);
#804=CARTESIAN_POINT('',(2.2225E0,-3.175E-1,-2.032E0));
#805=LINE('',#804,#803);
#806=DIRECTION('',(0.E0,1.E0,0.E0));
#807=VECTOR('',#806,6.35E-1);
#808=CARTESIAN_POINT('',(2.2225E0,-3.175E-1,-5.334E0));
#809=LINE('',#808,#807);
#810=DIRECTION('',(0.E0,0.E0,1.E0));
#811=VECTOR('',#810,3.302E0);
#812=CARTESIAN_POINT('',(2.2225E0,3.175E-1,-5.334E0));
#813=LINE('',#812,#811);
#814=DIRECTION('',(0.E0,0.E0,-1.E0));
#815=VECTOR('',#814,7.493E0);
#816=CARTESIAN_POINT('',(2.8575E0,-3.175E-1,7.493E0));
#817=LINE('',#816,#815);
#818=DIRECTION('',(0.E0,-1.E0,0.E0));
#819=VECTOR('',#818,6.35E-1);
#820=CARTESIAN_POINT('',(2.8575E0,3.175E-1,7.493E0));
#821=LINE('',#820,#819);
#822=DIRECTION('',(0.E0,0.E0,1.E0));
#823=VECTOR('',#822,7.493E0);
#824=CARTESIAN_POINT('',(2.8575E0,3.175E-1,0.E0));
#825=LINE('',#824,#823);
#826=DIRECTION('',(0.E0,0.E0,1.E0));
#827=VECTOR('',#826,3.302E0);
#828=CARTESIAN_POINT('',(2.8575E0,3.175E-1,-5.334E0));
#829=LINE('',#828,#827);
#830=DIRECTION('',(0.E0,1.E0,0.E0));
#831=VECTOR('',#830,6.35E-1);
#832=CARTESIAN_POINT('',(2.8575E0,-3.175E-1,-5.334E0));
#833=LINE('',#832,#831);
#834=DIRECTION('',(0.E0,0.E0,-1.E0));
#835=VECTOR('',#834,3.302E0);
#836=CARTESIAN_POINT('',(2.8575E0,-3.175E-1,-2.032E0));
#837=LINE('',#836,#835);
#838=DIRECTION('',(1.E0,0.E0,0.E0));
#839=VECTOR('',#838,6.35E-1);
#840=CARTESIAN_POINT('',(2.2225E0,-3.175E-1,7.493E0));
#841=LINE('',#840,#839);
#842=DIRECTION('',(1.E0,0.E0,0.E0));
#843=VECTOR('',#842,6.35E-1);
#844=CARTESIAN_POINT('',(2.2225E0,3.175E-1,7.493E0));
#845=LINE('',#844,#843);
#846=DIRECTION('',(1.E0,0.E0,0.E0));
#847=VECTOR('',#846,6.35E-1);
#848=CARTESIAN_POINT('',(2.2225E0,3.175E-1,-5.334E0));
#849=LINE('',#848,#847);
#850=DIRECTION('',(1.E0,0.E0,0.E0));
#851=VECTOR('',#850,6.35E-1);
#852=CARTESIAN_POINT('',(2.2225E0,-3.175E-1,-5.334E0));
#853=LINE('',#852,#851);
#854=DIRECTION('',(0.E0,0.E0,1.E0));
#855=VECTOR('',#854,7.493E0);
#856=CARTESIAN_POINT('',(-3.175E-1,3.175E-1,0.E0));
#857=LINE('',#856,#855);
#858=DIRECTION('',(0.E0,-1.E0,0.E0));
#859=VECTOR('',#858,6.35E-1);
#860=CARTESIAN_POINT('',(-3.175E-1,3.175E-1,7.493E0));
#861=LINE('',#860,#859);
#862=DIRECTION('',(0.E0,0.E0,-1.E0));
#863=VECTOR('',#862,7.493E0);
#864=CARTESIAN_POINT('',(-3.175E-1,-3.175E-1,7.493E0));
#865=LINE('',#864,#863);
#866=DIRECTION('',(0.E0,0.E0,-1.E0));
#867=VECTOR('',#866,3.302E0);
#868=CARTESIAN_POINT('',(-3.175E-1,-3.175E-1,-2.032E0));
#869=LINE('',#868,#867);
#870=DIRECTION('',(0.E0,1.E0,0.E0));
#871=VECTOR('',#870,6.35E-1);
#872=CARTESIAN_POINT('',(-3.175E-1,-3.175E-1,-5.334E0));
#873=LINE('',#872,#871);
#874=DIRECTION('',(0.E0,0.E0,1.E0));
#875=VECTOR('',#874,3.302E0);
#876=CARTESIAN_POINT('',(-3.175E-1,3.175E-1,-5.334E0));
#877=LINE('',#876,#875);
#878=DIRECTION('',(0.E0,0.E0,-1.E0));
#879=VECTOR('',#878,7.493E0);
#880=CARTESIAN_POINT('',(3.175E-1,-3.175E-1,7.493E0));
#881=LINE('',#880,#879);
#882=DIRECTION('',(0.E0,-1.E0,0.E0));
#883=VECTOR('',#882,6.35E-1);
#884=CARTESIAN_POINT('',(3.175E-1,3.175E-1,7.493E0));
#885=LINE('',#884,#883);
#886=DIRECTION('',(0.E0,0.E0,1.E0));
#887=VECTOR('',#886,7.493E0);
#888=CARTESIAN_POINT('',(3.175E-1,3.175E-1,0.E0));
#889=LINE('',#888,#887);
#890=DIRECTION('',(0.E0,0.E0,1.E0));
#891=VECTOR('',#890,3.302E0);
#892=CARTESIAN_POINT('',(3.175E-1,3.175E-1,-5.334E0));
#893=LINE('',#892,#891);
#894=DIRECTION('',(0.E0,1.E0,0.E0));
#895=VECTOR('',#894,6.35E-1);
#896=CARTESIAN_POINT('',(3.175E-1,-3.175E-1,-5.334E0));
#897=LINE('',#896,#895);
#898=DIRECTION('',(0.E0,0.E0,-1.E0));
#899=VECTOR('',#898,3.302E0);
#900=CARTESIAN_POINT('',(3.175E-1,-3.175E-1,-2.032E0));
#901=LINE('',#900,#899);
#902=DIRECTION('',(1.E0,0.E0,0.E0));
#903=VECTOR('',#902,6.35E-1);
#904=CARTESIAN_POINT('',(-3.175E-1,-3.175E-1,7.493E0));
#905=LINE('',#904,#903);
#906=DIRECTION('',(1.E0,0.E0,0.E0));
#907=VECTOR('',#906,6.35E-1);
#908=CARTESIAN_POINT('',(-3.175E-1,3.175E-1,7.493E0));
#909=LINE('',#908,#907);
#910=DIRECTION('',(1.E0,0.E0,0.E0));
#911=VECTOR('',#910,6.35E-1);
#912=CARTESIAN_POINT('',(-3.175E-1,3.175E-1,-5.334E0));
#913=LINE('',#912,#911);
#914=DIRECTION('',(1.E0,0.E0,0.E0));
#915=VECTOR('',#914,6.35E-1);
#916=CARTESIAN_POINT('',(-3.175E-1,-3.175E-1,-5.334E0));
#917=LINE('',#916,#915);
#918=DIRECTION('',(0.E0,0.E0,1.E0));
#919=VECTOR('',#918,7.493E0);
#920=CARTESIAN_POINT('',(-2.8575E0,3.175E-1,0.E0));
#921=LINE('',#920,#919);
#922=DIRECTION('',(0.E0,-1.E0,0.E0));
#923=VECTOR('',#922,6.35E-1);
#924=CARTESIAN_POINT('',(-2.8575E0,3.175E-1,7.493E0));
#925=LINE('',#924,#923);
#926=DIRECTION('',(0.E0,0.E0,-1.E0));
#927=VECTOR('',#926,7.493E0);
#928=CARTESIAN_POINT('',(-2.8575E0,-3.175E-1,7.493E0));
#929=LINE('',#928,#927);
#930=DIRECTION('',(0.E0,0.E0,-1.E0));
#931=VECTOR('',#930,3.302E0);
#932=CARTESIAN_POINT('',(-2.8575E0,-3.175E-1,-2.032E0));
#933=LINE('',#932,#931);
#934=DIRECTION('',(0.E0,1.E0,0.E0));
#935=VECTOR('',#934,6.35E-1);
#936=CARTESIAN_POINT('',(-2.8575E0,-3.175E-1,-5.334E0));
#937=LINE('',#936,#935);
#938=DIRECTION('',(0.E0,0.E0,1.E0));
#939=VECTOR('',#938,3.302E0);
#940=CARTESIAN_POINT('',(-2.8575E0,3.175E-1,-5.334E0));
#941=LINE('',#940,#939);
#942=DIRECTION('',(0.E0,0.E0,-1.E0));
#943=VECTOR('',#942,7.493E0);
#944=CARTESIAN_POINT('',(-2.2225E0,-3.175E-1,7.493E0));
#945=LINE('',#944,#943);
#946=DIRECTION('',(0.E0,-1.E0,0.E0));
#947=VECTOR('',#946,6.35E-1);
#948=CARTESIAN_POINT('',(-2.2225E0,3.175E-1,7.493E0));
#949=LINE('',#948,#947);
#950=DIRECTION('',(0.E0,0.E0,1.E0));
#951=VECTOR('',#950,7.493E0);
#952=CARTESIAN_POINT('',(-2.2225E0,3.175E-1,0.E0));
#953=LINE('',#952,#951);
#954=DIRECTION('',(0.E0,0.E0,1.E0));
#955=VECTOR('',#954,3.302E0);
#956=CARTESIAN_POINT('',(-2.2225E0,3.175E-1,-5.334E0));
#957=LINE('',#956,#955);
#958=DIRECTION('',(0.E0,1.E0,0.E0));
#959=VECTOR('',#958,6.35E-1);
#960=CARTESIAN_POINT('',(-2.2225E0,-3.175E-1,-5.334E0));
#961=LINE('',#960,#959);
#962=DIRECTION('',(0.E0,0.E0,-1.E0));
#963=VECTOR('',#962,3.302E0);
#964=CARTESIAN_POINT('',(-2.2225E0,-3.175E-1,-2.032E0));
#965=LINE('',#964,#963);
#966=DIRECTION('',(1.E0,0.E0,0.E0));
#967=VECTOR('',#966,6.35E-1);
#968=CARTESIAN_POINT('',(-2.8575E0,-3.175E-1,7.493E0));
#969=LINE('',#968,#967);
#970=DIRECTION('',(1.E0,0.E0,0.E0));
#971=VECTOR('',#970,6.35E-1);
#972=CARTESIAN_POINT('',(-2.8575E0,3.175E-1,7.493E0));
#973=LINE('',#972,#971);
#974=DIRECTION('',(1.E0,0.E0,0.E0));
#975=VECTOR('',#974,6.35E-1);
#976=CARTESIAN_POINT('',(-2.8575E0,3.175E-1,-5.334E0));
#977=LINE('',#976,#975);
#978=DIRECTION('',(1.E0,0.E0,0.E0));
#979=VECTOR('',#978,6.35E-1);
#980=CARTESIAN_POINT('',(-2.8575E0,-3.175E-1,-5.334E0));
#981=LINE('',#980,#979);
#982=CARTESIAN_POINT('',(-3.6576E0,7.874E-1,0.E0));
#983=CARTESIAN_POINT('',(-3.6576E0,-7.874E-1,0.E0));
#984=VERTEX_POINT('',#982);
#985=VERTEX_POINT('',#983);
#986=CARTESIAN_POINT('',(-3.6576E0,-1.1684E0,-3.81E-1));
#987=CARTESIAN_POINT('',(-3.6576E0,-1.1684E0,-2.54E0));
#988=VERTEX_POINT('',#986);
#989=VERTEX_POINT('',#987);
#990=CARTESIAN_POINT('',(-3.6576E0,9.196643893096E-1,-2.54E0));
#991=CARTESIAN_POINT('',(-3.6576E0,1.1684E0,-2.54E0));
#992=VERTEX_POINT('',#990);
#993=VERTEX_POINT('',#991);
#994=CARTESIAN_POINT('',(-3.6576E0,1.1684E0,-3.81E-1));
#995=VERTEX_POINT('',#994);
#996=CARTESIAN_POINT('',(3.6576E0,7.874E-1,0.E0));
#997=CARTESIAN_POINT('',(3.6576E0,-7.874E-1,0.E0));
#998=VERTEX_POINT('',#996);
#999=VERTEX_POINT('',#997);
#1000=CARTESIAN_POINT('',(3.6576E0,-1.1684E0,-3.81E-1));
#1001=CARTESIAN_POINT('',(3.6576E0,-1.1684E0,-2.54E0));
#1002=VERTEX_POINT('',#1000);
#1003=VERTEX_POINT('',#1001);
#1004=CARTESIAN_POINT('',(3.6576E0,9.196643893096E-1,-2.54E0));
#1005=CARTESIAN_POINT('',(3.6576E0,1.1684E0,-2.54E0));
#1006=VERTEX_POINT('',#1004);
#1007=VERTEX_POINT('',#1005);
#1008=CARTESIAN_POINT('',(3.6576E0,1.1684E0,-3.81E-1));
#1009=VERTEX_POINT('',#1008);
#1010=CARTESIAN_POINT('',(-3.6576E0,-9.196643893096E-1,-2.54E0));
#1011=VERTEX_POINT('',#1010);
#1012=CARTESIAN_POINT('',(-3.6576E0,-7.363556788419E-1,-2.2225E0));
#1013=VERTEX_POINT('',#1012);
#1014=CARTESIAN_POINT('',(-3.6576E0,-4.064E-1,-2.032E0));
#1015=VERTEX_POINT('',#1014);
#1016=CARTESIAN_POINT('',(-3.6576E0,4.064E-1,-2.032E0));
#1017=VERTEX_POINT('',#1016);
#1018=CARTESIAN_POINT('',(-3.6576E0,7.363556788419E-1,-2.2225E0));
#1019=VERTEX_POINT('',#1018);
#1020=CARTESIAN_POINT('',(3.6576E0,-9.196643893096E-1,-2.54E0));
#1021=VERTEX_POINT('',#1020);
#1022=CARTESIAN_POINT('',(3.6576E0,-7.363556788419E-1,-2.2225E0));
#1023=VERTEX_POINT('',#1022);
#1024=CARTESIAN_POINT('',(3.6576E0,-4.064E-1,-2.032E0));
#1025=VERTEX_POINT('',#1024);
#1026=CARTESIAN_POINT('',(3.6576E0,4.064E-1,-2.032E0));
#1027=VERTEX_POINT('',#1026);
#1028=CARTESIAN_POINT('',(3.6576E0,7.363556788419E-1,-2.2225E0));
#1029=VERTEX_POINT('',#1028);
#1030=CARTESIAN_POINT('',(2.2225E0,3.175E-1,7.493E0));
#1031=CARTESIAN_POINT('',(2.2225E0,-3.175E-1,7.493E0));
#1032=VERTEX_POINT('',#1030);
#1033=VERTEX_POINT('',#1031);
#1034=CARTESIAN_POINT('',(2.2225E0,-3.175E-1,-5.334E0));
#1035=CARTESIAN_POINT('',(2.2225E0,3.175E-1,-5.334E0));
#1036=VERTEX_POINT('',#1034);
#1037=VERTEX_POINT('',#1035);
#1038=CARTESIAN_POINT('',(2.8575E0,3.175E-1,7.493E0));
#1039=CARTESIAN_POINT('',(2.8575E0,-3.175E-1,7.493E0));
#1040=VERTEX_POINT('',#1038);
#1041=VERTEX_POINT('',#1039);
#1042=CARTESIAN_POINT('',(2.8575E0,-3.175E-1,-5.334E0));
#1043=CARTESIAN_POINT('',(2.8575E0,3.175E-1,-5.334E0));
#1044=VERTEX_POINT('',#1042);
#1045=VERTEX_POINT('',#1043);
#1046=CARTESIAN_POINT('',(2.2225E0,-3.175E-1,0.E0));
#1047=CARTESIAN_POINT('',(2.2225E0,3.175E-1,0.E0));
#1048=VERTEX_POINT('',#1046);
#1049=VERTEX_POINT('',#1047);
#1050=CARTESIAN_POINT('',(2.8575E0,-3.175E-1,0.E0));
#1051=CARTESIAN_POINT('',(2.8575E0,3.175E-1,0.E0));
#1052=VERTEX_POINT('',#1050);
#1053=VERTEX_POINT('',#1051);
#1054=CARTESIAN_POINT('',(2.2225E0,-3.175E-1,-2.032E0));
#1055=CARTESIAN_POINT('',(2.2225E0,3.175E-1,-2.032E0));
#1056=VERTEX_POINT('',#1054);
#1057=VERTEX_POINT('',#1055);
#1058=CARTESIAN_POINT('',(2.8575E0,-3.175E-1,-2.032E0));
#1059=CARTESIAN_POINT('',(2.8575E0,3.175E-1,-2.032E0));
#1060=VERTEX_POINT('',#1058);
#1061=VERTEX_POINT('',#1059);
#1062=CARTESIAN_POINT('',(-3.175E-1,3.175E-1,7.493E0));
#1063=CARTESIAN_POINT('',(-3.175E-1,-3.175E-1,7.493E0));
#1064=VERTEX_POINT('',#1062);
#1065=VERTEX_POINT('',#1063);
#1066=CARTESIAN_POINT('',(-3.175E-1,-3.175E-1,-5.334E0));
#1067=CARTESIAN_POINT('',(-3.175E-1,3.175E-1,-5.334E0));
#1068=VERTEX_POINT('',#1066);
#1069=VERTEX_POINT('',#1067);
#1070=CARTESIAN_POINT('',(3.175E-1,3.175E-1,7.493E0));
#1071=CARTESIAN_POINT('',(3.175E-1,-3.175E-1,7.493E0));
#1072=VERTEX_POINT('',#1070);
#1073=VERTEX_POINT('',#1071);
#1074=CARTESIAN_POINT('',(3.175E-1,-3.175E-1,-5.334E0));
#1075=CARTESIAN_POINT('',(3.175E-1,3.175E-1,-5.334E0));
#1076=VERTEX_POINT('',#1074);
#1077=VERTEX_POINT('',#1075);
#1078=CARTESIAN_POINT('',(-3.175E-1,-3.175E-1,0.E0));
#1079=CARTESIAN_POINT('',(-3.175E-1,3.175E-1,0.E0));
#1080=VERTEX_POINT('',#1078);
#1081=VERTEX_POINT('',#1079);
#1082=CARTESIAN_POINT('',(3.175E-1,-3.175E-1,0.E0));
#1083=CARTESIAN_POINT('',(3.175E-1,3.175E-1,0.E0));
#1084=VERTEX_POINT('',#1082);
#1085=VERTEX_POINT('',#1083);
#1086=CARTESIAN_POINT('',(-3.175E-1,-3.175E-1,-2.032E0));
#1087=CARTESIAN_POINT('',(-3.175E-1,3.175E-1,-2.032E0));
#1088=VERTEX_POINT('',#1086);
#1089=VERTEX_POINT('',#1087);
#1090=CARTESIAN_POINT('',(3.175E-1,-3.175E-1,-2.032E0));
#1091=CARTESIAN_POINT('',(3.175E-1,3.175E-1,-2.032E0));
#1092=VERTEX_POINT('',#1090);
#1093=VERTEX_POINT('',#1091);
#1094=CARTESIAN_POINT('',(-2.8575E0,3.175E-1,7.493E0));
#1095=CARTESIAN_POINT('',(-2.8575E0,-3.175E-1,7.493E0));
#1096=VERTEX_POINT('',#1094);
#1097=VERTEX_POINT('',#1095);
#1098=CARTESIAN_POINT('',(-2.8575E0,-3.175E-1,-5.334E0));
#1099=CARTESIAN_POINT('',(-2.8575E0,3.175E-1,-5.334E0));
#1100=VERTEX_POINT('',#1098);
#1101=VERTEX_POINT('',#1099);
#1102=CARTESIAN_POINT('',(-2.2225E0,3.175E-1,7.493E0));
#1103=CARTESIAN_POINT('',(-2.2225E0,-3.175E-1,7.493E0));
#1104=VERTEX_POINT('',#1102);
#1105=VERTEX_POINT('',#1103);
#1106=CARTESIAN_POINT('',(-2.2225E0,-3.175E-1,-5.334E0));
#1107=CARTESIAN_POINT('',(-2.2225E0,3.175E-1,-5.334E0));
#1108=VERTEX_POINT('',#1106);
#1109=VERTEX_POINT('',#1107);
#1110=CARTESIAN_POINT('',(-2.8575E0,-3.175E-1,0.E0));
#1111=CARTESIAN_POINT('',(-2.8575E0,3.175E-1,0.E0));
#1112=VERTEX_POINT('',#1110);
#1113=VERTEX_POINT('',#1111);
#1114=CARTESIAN_POINT('',(-2.2225E0,-3.175E-1,0.E0));
#1115=CARTESIAN_POINT('',(-2.2225E0,3.175E-1,0.E0));
#1116=VERTEX_POINT('',#1114);
#1117=VERTEX_POINT('',#1115);
#1118=CARTESIAN_POINT('',(-2.8575E0,-3.175E-1,-2.032E0));
#1119=CARTESIAN_POINT('',(-2.8575E0,3.175E-1,-2.032E0));
#1120=VERTEX_POINT('',#1118);
#1121=VERTEX_POINT('',#1119);
#1122=CARTESIAN_POINT('',(-2.2225E0,-3.175E-1,-2.032E0));
#1123=CARTESIAN_POINT('',(-2.2225E0,3.175E-1,-2.032E0));
#1124=VERTEX_POINT('',#1122);
#1125=VERTEX_POINT('',#1123);
#1126=CARTESIAN_POINT('',(1.016E0,7.874E-1,0.E0));
#1127=CARTESIAN_POINT('',(1.016E0,-7.874E-1,0.E0));
#1128=VERTEX_POINT('',#1126);
#1129=VERTEX_POINT('',#1127);
#1130=CARTESIAN_POINT('',(1.524E0,7.874E-1,0.E0));
#1131=CARTESIAN_POINT('',(1.524E0,-7.874E-1,0.E0));
#1132=VERTEX_POINT('',#1130);
#1133=VERTEX_POINT('',#1131);
#1134=CARTESIAN_POINT('',(1.254125E0,-1.1684E0,-3.81E-1));
#1135=CARTESIAN_POINT('',(1.27E0,-1.1684E0,-4.064E-1));
#1136=VERTEX_POINT('',#1134);
#1137=VERTEX_POINT('',#1135);
#1138=CARTESIAN_POINT('',(1.285875E0,-1.1684E0,-3.81E-1));
#1139=VERTEX_POINT('',#1138);
#1140=CARTESIAN_POINT('',(1.254125E0,1.1684E0,-3.81E-1));
#1141=CARTESIAN_POINT('',(1.27E0,1.1684E0,-4.064E-1));
#1142=VERTEX_POINT('',#1140);
#1143=VERTEX_POINT('',#1141);
#1144=CARTESIAN_POINT('',(1.285875E0,1.1684E0,-3.81E-1));
#1145=VERTEX_POINT('',#1144);
#1146=CARTESIAN_POINT('',(1.905E0,-1.1684E0,-2.54E0));
#1147=CARTESIAN_POINT('',(1.905E0,-1.1684E0,-2.032E0));
#1148=VERTEX_POINT('',#1146);
#1149=VERTEX_POINT('',#1147);
#1150=CARTESIAN_POINT('',(6.35E-1,-1.1684E0,-2.032E0));
#1151=VERTEX_POINT('',#1150);
#1152=CARTESIAN_POINT('',(6.35E-1,-1.1684E0,-2.54E0));
#1153=VERTEX_POINT('',#1152);
#1154=CARTESIAN_POINT('',(1.905E0,9.196643893096E-1,-2.54E0));
#1155=CARTESIAN_POINT('',(1.905E0,1.1684E0,-2.54E0));
#1156=VERTEX_POINT('',#1154);
#1157=VERTEX_POINT('',#1155);
#1158=CARTESIAN_POINT('',(6.35E-1,9.196643893096E-1,-2.54E0));
#1159=CARTESIAN_POINT('',(6.35E-1,1.1684E0,-2.54E0));
#1160=VERTEX_POINT('',#1158);
#1161=VERTEX_POINT('',#1159);
#1162=CARTESIAN_POINT('',(1.905E0,1.1684E0,-2.032E0));
#1163=VERTEX_POINT('',#1162);
#1164=CARTESIAN_POINT('',(6.35E-1,1.1684E0,-2.032E0));
#1165=VERTEX_POINT('',#1164);
#1166=CARTESIAN_POINT('',(1.905E0,-9.196643893096E-1,-2.54E0));
#1167=VERTEX_POINT('',#1166);
#1168=CARTESIAN_POINT('',(6.35E-1,-9.196643893096E-1,-2.54E0));
#1169=VERTEX_POINT('',#1168);
#1170=CARTESIAN_POINT('',(1.905E0,-7.363556788419E-1,-2.2225E0));
#1171=VERTEX_POINT('',#1170);
#1172=CARTESIAN_POINT('',(6.35E-1,-7.363556788419E-1,-2.2225E0));
#1173=VERTEX_POINT('',#1172);
#1174=CARTESIAN_POINT('',(1.905E0,-4.064E-1,-2.032E0));
#1175=VERTEX_POINT('',#1174);
#1176=CARTESIAN_POINT('',(6.35E-1,-4.064E-1,-2.032E0));
#1177=VERTEX_POINT('',#1176);
#1178=CARTESIAN_POINT('',(1.905E0,7.363556788419E-1,-2.2225E0));
#1179=CARTESIAN_POINT('',(1.905E0,4.064E-1,-2.032E0));
#1180=VERTEX_POINT('',#1178);
#1181=VERTEX_POINT('',#1179);
#1182=CARTESIAN_POINT('',(6.35E-1,7.363556788419E-1,-2.2225E0));
#1183=CARTESIAN_POINT('',(6.35E-1,4.064E-1,-2.032E0));
#1184=VERTEX_POINT('',#1182);
#1185=VERTEX_POINT('',#1183);
#1186=CARTESIAN_POINT('',(-1.524E0,7.874E-1,0.E0));
#1187=CARTESIAN_POINT('',(-1.524E0,-7.874E-1,0.E0));
#1188=VERTEX_POINT('',#1186);
#1189=VERTEX_POINT('',#1187);
#1190=CARTESIAN_POINT('',(-1.016E0,7.874E-1,0.E0));
#1191=CARTESIAN_POINT('',(-1.016E0,-7.874E-1,0.E0));
#1192=VERTEX_POINT('',#1190);
#1193=VERTEX_POINT('',#1191);
#1194=CARTESIAN_POINT('',(-1.285875E0,-1.1684E0,-3.81E-1));
#1195=CARTESIAN_POINT('',(-1.27E0,-1.1684E0,-4.064E-1));
#1196=VERTEX_POINT('',#1194);
#1197=VERTEX_POINT('',#1195);
#1198=CARTESIAN_POINT('',(-1.254125E0,-1.1684E0,-3.81E-1));
#1199=VERTEX_POINT('',#1198);
#1200=CARTESIAN_POINT('',(-6.35E-1,-1.1684E0,-2.54E0));
#1201=CARTESIAN_POINT('',(-6.35E-1,-1.1684E0,-2.032E0));
#1202=VERTEX_POINT('',#1200);
#1203=VERTEX_POINT('',#1201);
#1204=CARTESIAN_POINT('',(-1.905E0,-1.1684E0,-2.032E0));
#1205=VERTEX_POINT('',#1204);
#1206=CARTESIAN_POINT('',(-1.905E0,-1.1684E0,-2.54E0));
#1207=VERTEX_POINT('',#1206);
#1208=CARTESIAN_POINT('',(-6.35E-1,9.196643893096E-1,-2.54E0));
#1209=CARTESIAN_POINT('',(-6.35E-1,1.1684E0,-2.54E0));
#1210=VERTEX_POINT('',#1208);
#1211=VERTEX_POINT('',#1209);
#1212=CARTESIAN_POINT('',(-1.905E0,9.196643893096E-1,-2.54E0));
#1213=CARTESIAN_POINT('',(-1.905E0,1.1684E0,-2.54E0));
#1214=VERTEX_POINT('',#1212);
#1215=VERTEX_POINT('',#1213);
#1216=CARTESIAN_POINT('',(-1.285875E0,1.1684E0,-3.81E-1));
#1217=CARTESIAN_POINT('',(-1.27E0,1.1684E0,-4.064E-1));
#1218=VERTEX_POINT('',#1216);
#1219=VERTEX_POINT('',#1217);
#1220=CARTESIAN_POINT('',(-1.254125E0,1.1684E0,-3.81E-1));
#1221=VERTEX_POINT('',#1220);
#1222=CARTESIAN_POINT('',(-6.35E-1,1.1684E0,-2.032E0));
#1223=VERTEX_POINT('',#1222);
#1224=CARTESIAN_POINT('',(-1.905E0,1.1684E0,-2.032E0));
#1225=VERTEX_POINT('',#1224);
#1226=CARTESIAN_POINT('',(-6.35E-1,-9.196643893096E-1,-2.54E0));
#1227=VERTEX_POINT('',#1226);
#1228=CARTESIAN_POINT('',(-1.905E0,-9.196643893096E-1,-2.54E0));
#1229=VERTEX_POINT('',#1228);
#1230=CARTESIAN_POINT('',(-6.35E-1,-7.363556788419E-1,-2.2225E0));
#1231=VERTEX_POINT('',#1230);
#1232=CARTESIAN_POINT('',(-1.905E0,-7.363556788419E-1,-2.2225E0));
#1233=VERTEX_POINT('',#1232);
#1234=CARTESIAN_POINT('',(-6.35E-1,-4.064E-1,-2.032E0));
#1235=VERTEX_POINT('',#1234);
#1236=CARTESIAN_POINT('',(-1.905E0,-4.064E-1,-2.032E0));
#1237=VERTEX_POINT('',#1236);
#1238=CARTESIAN_POINT('',(-6.35E-1,7.363556788419E-1,-2.2225E0));
#1239=CARTESIAN_POINT('',(-6.35E-1,4.064E-1,-2.032E0));
#1240=VERTEX_POINT('',#1238);
#1241=VERTEX_POINT('',#1239);
#1242=CARTESIAN_POINT('',(-1.905E0,7.363556788419E-1,-2.2225E0));
#1243=CARTESIAN_POINT('',(-1.905E0,4.064E-1,-2.032E0));
#1244=VERTEX_POINT('',#1242);
#1245=VERTEX_POINT('',#1243);
#1246=CARTESIAN_POINT('',(-3.6576E0,0.E0,0.E0));
#1247=DIRECTION('',(1.E0,0.E0,0.E0));
#1248=DIRECTION('',(0.E0,1.E0,0.E0));
#1249=AXIS2_PLACEMENT_3D('',#1246,#1247,#1248);
#1250=PLANE('',#1249);
#1252=ORIENTED_EDGE('',*,*,#1251,.T.);
#1254=ORIENTED_EDGE('',*,*,#1253,.T.);
#1256=ORIENTED_EDGE('',*,*,#1255,.T.);
#1258=ORIENTED_EDGE('',*,*,#1257,.T.);
#1260=ORIENTED_EDGE('',*,*,#1259,.T.);
#1262=ORIENTED_EDGE('',*,*,#1261,.T.);
#1264=ORIENTED_EDGE('',*,*,#1263,.T.);
#1266=ORIENTED_EDGE('',*,*,#1265,.T.);
#1268=ORIENTED_EDGE('',*,*,#1267,.T.);
#1270=ORIENTED_EDGE('',*,*,#1269,.T.);
#1272=ORIENTED_EDGE('',*,*,#1271,.T.);
#1274=ORIENTED_EDGE('',*,*,#1273,.T.);
#1275=EDGE_LOOP('',(#1252,#1254,#1256,#1258,#1260,#1262,#1264,#1266,#1268,#1270,
#1272,#1274));
#1276=FACE_OUTER_BOUND('',#1275,.F.);
#1278=CARTESIAN_POINT('',(-3.6576E0,7.874E-1,-3.81E-1));
#1279=DIRECTION('',(1.E0,0.E0,0.E0));
#1280=DIRECTION('',(0.E0,1.E0,0.E0));
#1281=AXIS2_PLACEMENT_3D('',#1278,#1279,#1280);
#1282=CYLINDRICAL_SURFACE('',#1281,3.81E-1);
#1284=ORIENTED_EDGE('',*,*,#1283,.F.);
#1286=ORIENTED_EDGE('',*,*,#1285,.T.);
#1288=ORIENTED_EDGE('',*,*,#1287,.T.);
#1290=ORIENTED_EDGE('',*,*,#1289,.F.);
#1291=EDGE_LOOP('',(#1284,#1286,#1288,#1290));
#1292=FACE_OUTER_BOUND('',#1291,.F.);
#1294=CARTESIAN_POINT('',(-3.6576E0,7.874E-1,-3.81E-1));
#1295=DIRECTION('',(1.E0,0.E0,0.E0));
#1296=DIRECTION('',(0.E0,1.E0,0.E0));
#1297=AXIS2_PLACEMENT_3D('',#1294,#1295,#1296);
#1298=CYLINDRICAL_SURFACE('',#1297,3.81E-1);
#1300=ORIENTED_EDGE('',*,*,#1299,.T.);
#1302=ORIENTED_EDGE('',*,*,#1301,.F.);
#1303=ORIENTED_EDGE('',*,*,#1251,.F.);
#1305=ORIENTED_EDGE('',*,*,#1304,.T.);
#1306=EDGE_LOOP('',(#1300,#1302,#1303,#1305));
#1307=FACE_OUTER_BOUND('',#1306,.F.);
#1309=CARTESIAN_POINT('',(-3.6576E0,7.874E-1,-3.81E-1));
#1310=DIRECTION('',(1.E0,0.E0,0.E0));
#1311=DIRECTION('',(0.E0,1.E0,0.E0));
#1312=AXIS2_PLACEMENT_3D('',#1309,#1310,#1311);
#1313=CYLINDRICAL_SURFACE('',#1312,3.81E-1);
#1315=ORIENTED_EDGE('',*,*,#1314,.F.);
#1317=ORIENTED_EDGE('',*,*,#1316,.T.);
#1319=ORIENTED_EDGE('',*,*,#1318,.T.);
#1321=ORIENTED_EDGE('',*,*,#1320,.F.);
#1322=EDGE_LOOP('',(#1315,#1317,#1319,#1321));
#1323=FACE_OUTER_BOUND('',#1322,.F.);
#1325=CARTESIAN_POINT('',(1.27E0,-1.1684E0,-4.064E-1));
#1326=DIRECTION('',(8.479983040051E-1,0.E0,-5.299989400032E-1));
#1327=DIRECTION('',(5.299989400032E-1,0.E0,8.479983040051E-1));
#1328=AXIS2_PLACEMENT_3D('',#1325,#1326,#1327);
#1329=PLANE('',#1328);
#1331=ORIENTED_EDGE('',*,*,#1330,.T.);
#1333=ORIENTED_EDGE('',*,*,#1332,.T.);
#1335=ORIENTED_EDGE('',*,*,#1334,.F.);
#1337=ORIENTED_EDGE('',*,*,#1336,.T.);
#1339=ORIENTED_EDGE('',*,*,#1338,.T.);
#1340=ORIENTED_EDGE('',*,*,#1283,.T.);
#1341=EDGE_LOOP('',(#1331,#1333,#1335,#1337,#1339,#1340));
#1342=FACE_OUTER_BOUND('',#1341,.F.);
#1344=CARTESIAN_POINT('',(-3.6576E0,7.874E-1,0.E0));
#1345=DIRECTION('',(0.E0,0.E0,1.E0));
#1346=DIRECTION('',(0.E0,-1.E0,0.E0));
#1347=AXIS2_PLACEMENT_3D('',#1344,#1345,#1346);
#1348=PLANE('',#1347);
#1349=ORIENTED_EDGE('',*,*,#1330,.F.);
#1350=ORIENTED_EDGE('',*,*,#1289,.T.);
#1352=ORIENTED_EDGE('',*,*,#1351,.T.);
#1354=ORIENTED_EDGE('',*,*,#1353,.F.);
#1355=EDGE_LOOP('',(#1349,#1350,#1352,#1354));
#1356=FACE_OUTER_BOUND('',#1355,.F.);
#1358=ORIENTED_EDGE('',*,*,#1357,.F.);
#1360=ORIENTED_EDGE('',*,*,#1359,.T.);
#1362=ORIENTED_EDGE('',*,*,#1361,.T.);
#1364=ORIENTED_EDGE('',*,*,#1363,.F.);
#1365=EDGE_LOOP('',(#1358,#1360,#1362,#1364));
#1366=FACE_BOUND('',#1365,.F.);
#1368=CARTESIAN_POINT('',(-3.6576E0,7.874E-1,0.E0));
#1369=DIRECTION('',(0.E0,0.E0,1.E0));
#1370=DIRECTION('',(0.E0,-1.E0,0.E0));
#1371=AXIS2_PLACEMENT_3D('',#1368,#1369,#1370);
#1372=PLANE('',#1371);
#1374=ORIENTED_EDGE('',*,*,#1373,.T.);
#1376=ORIENTED_EDGE('',*,*,#1375,.F.);
#1377=ORIENTED_EDGE('',*,*,#1253,.F.);
#1378=ORIENTED_EDGE('',*,*,#1301,.T.);
#1379=EDGE_LOOP('',(#1374,#1376,#1377,#1378));
#1380=FACE_OUTER_BOUND('',#1379,.F.);
#1382=ORIENTED_EDGE('',*,*,#1381,.F.);
#1384=ORIENTED_EDGE('',*,*,#1383,.T.);
#1386=ORIENTED_EDGE('',*,*,#1385,.T.);
#1388=ORIENTED_EDGE('',*,*,#1387,.F.);
#1389=EDGE_LOOP('',(#1382,#1384,#1386,#1388));
#1390=FACE_BOUND('',#1389,.F.);
#1392=CARTESIAN_POINT('',(-3.6576E0,7.874E-1,0.E0));
#1393=DIRECTION('',(0.E0,0.E0,1.E0));
#1394=DIRECTION('',(0.E0,-1.E0,0.E0));
#1395=AXIS2_PLACEMENT_3D('',#1392,#1393,#1394);
#1396=PLANE('',#1395);
#1398=ORIENTED_EDGE('',*,*,#1397,.F.);
#1399=ORIENTED_EDGE('',*,*,#1320,.T.);
#1401=ORIENTED_EDGE('',*,*,#1400,.T.);
#1403=ORIENTED_EDGE('',*,*,#1402,.F.);
#1404=EDGE_LOOP('',(#1398,#1399,#1401,#1403));
#1405=FACE_OUTER_BOUND('',#1404,.F.);
#1407=ORIENTED_EDGE('',*,*,#1406,.F.);
#1409=ORIENTED_EDGE('',*,*,#1408,.T.);
#1411=ORIENTED_EDGE('',*,*,#1410,.T.);
#1413=ORIENTED_EDGE('',*,*,#1412,.F.);
#1414=EDGE_LOOP('',(#1407,#1409,#1411,#1413));
#1415=FACE_BOUND('',#1414,.F.);
#1417=CARTESIAN_POINT('',(3.6576E0,0.E0,0.E0));
#1418=DIRECTION('',(1.E0,0.E0,0.E0));
#1419=DIRECTION('',(0.E0,1.E0,0.E0));
#1420=AXIS2_PLACEMENT_3D('',#1417,#1418,#1419);
#1421=PLANE('',#1420);
#1422=ORIENTED_EDGE('',*,*,#1287,.F.);
#1424=ORIENTED_EDGE('',*,*,#1423,.F.);
#1426=ORIENTED_EDGE('',*,*,#1425,.F.);
#1428=ORIENTED_EDGE('',*,*,#1427,.F.);
#1430=ORIENTED_EDGE('',*,*,#1429,.F.);
#1432=ORIENTED_EDGE('',*,*,#1431,.F.);
#1434=ORIENTED_EDGE('',*,*,#1433,.F.);
#1436=ORIENTED_EDGE('',*,*,#1435,.F.);
#1438=ORIENTED_EDGE('',*,*,#1437,.F.);
#1440=ORIENTED_EDGE('',*,*,#1439,.F.);
#1442=ORIENTED_EDGE('',*,*,#1441,.F.);
#1443=ORIENTED_EDGE('',*,*,#1351,.F.);
#1444=EDGE_LOOP('',(#1422,#1424,#1426,#1428,#1430,#1432,#1434,#1436,#1438,#1440,
#1442,#1443));
#1445=FACE_OUTER_BOUND('',#1444,.F.);
#1447=CARTESIAN_POINT('',(-3.6576E0,1.1684E0,-2.54E0));
#1448=DIRECTION('',(0.E0,1.E0,0.E0));
#1449=DIRECTION('',(0.E0,0.E0,1.E0));
#1450=AXIS2_PLACEMENT_3D('',#1447,#1448,#1449);
#1451=PLANE('',#1450);
#1453=ORIENTED_EDGE('',*,*,#1452,.F.);
#1454=ORIENTED_EDGE('',*,*,#1304,.F.);
#1455=ORIENTED_EDGE('',*,*,#1273,.F.);
#1457=ORIENTED_EDGE('',*,*,#1456,.T.);
#1459=ORIENTED_EDGE('',*,*,#1458,.T.);
#1461=ORIENTED_EDGE('',*,*,#1460,.F.);
#1463=ORIENTED_EDGE('',*,*,#1462,.F.);
#1465=ORIENTED_EDGE('',*,*,#1464,.T.);
#1467=ORIENTED_EDGE('',*,*,#1466,.T.);
#1469=ORIENTED_EDGE('',*,*,#1468,.F.);
#1471=ORIENTED_EDGE('',*,*,#1470,.F.);
#1473=ORIENTED_EDGE('',*,*,#1472,.T.);
#1474=ORIENTED_EDGE('',*,*,#1423,.T.);
#1475=ORIENTED_EDGE('',*,*,#1285,.F.);
#1476=ORIENTED_EDGE('',*,*,#1338,.F.);
#1478=ORIENTED_EDGE('',*,*,#1477,.F.);
#1479=ORIENTED_EDGE('',*,*,#1316,.F.);
#1481=ORIENTED_EDGE('',*,*,#1480,.F.);
#1482=EDGE_LOOP('',(#1453,#1454,#1455,#1457,#1459,#1461,#1463,#1465,#1467,#1469,
#1471,#1473,#1474,#1475,#1476,#1478,#1479,#1481));
#1483=FACE_OUTER_BOUND('',#1482,.F.);
#1485=CARTESIAN_POINT('',(-1.524E0,-1.1684E0,0.E0));
#1486=DIRECTION('',(-8.479983040051E-1,0.E0,-5.299989400032E-1));
#1487=DIRECTION('',(5.299989400032E-1,0.E0,-8.479983040051E-1));
#1488=AXIS2_PLACEMENT_3D('',#1485,#1486,#1487);
#1489=PLANE('',#1488);
#1490=ORIENTED_EDGE('',*,*,#1373,.F.);
#1491=ORIENTED_EDGE('',*,*,#1299,.F.);
#1492=ORIENTED_EDGE('',*,*,#1452,.T.);
#1494=ORIENTED_EDGE('',*,*,#1493,.F.);
#1496=ORIENTED_EDGE('',*,*,#1495,.F.);
#1498=ORIENTED_EDGE('',*,*,#1497,.F.);
#1499=EDGE_LOOP('',(#1490,#1491,#1492,#1494,#1496,#1498));
#1500=FACE_OUTER_BOUND('',#1499,.F.);
#1502=CARTESIAN_POINT('',(-1.27E0,-1.1684E0,-4.064E-1));
#1503=DIRECTION('',(8.479983040051E-1,0.E0,-5.299989400032E-1));
#1504=DIRECTION('',(5.299989400032E-1,0.E0,8.479983040051E-1));
#1505=AXIS2_PLACEMENT_3D('',#1502,#1503,#1504);
#1506=PLANE('',#1505);
#1507=ORIENTED_EDGE('',*,*,#1397,.T.);
#1509=ORIENTED_EDGE('',*,*,#1508,.T.);
#1511=ORIENTED_EDGE('',*,*,#1510,.F.);
#1512=ORIENTED_EDGE('',*,*,#1493,.T.);
#1513=ORIENTED_EDGE('',*,*,#1480,.T.);
#1514=ORIENTED_EDGE('',*,*,#1314,.T.);
#1515=EDGE_LOOP('',(#1507,#1509,#1511,#1512,#1513,#1514));
#1516=FACE_OUTER_BOUND('',#1515,.F.);
#1518=CARTESIAN_POINT('',(-3.6576E0,-7.874E-1,-3.81E-1));
#1519=DIRECTION('',(1.E0,0.E0,0.E0));
#1520=DIRECTION('',(0.E0,1.E0,0.E0));
#1521=AXIS2_PLACEMENT_3D('',#1518,#1519,#1520);
#1522=CYLINDRICAL_SURFACE('',#1521,3.81E-1);
#1523=ORIENTED_EDGE('',*,*,#1332,.F.);
#1524=ORIENTED_EDGE('',*,*,#1353,.T.);
#1525=ORIENTED_EDGE('',*,*,#1441,.T.);
#1527=ORIENTED_EDGE('',*,*,#1526,.F.);
#1528=EDGE_LOOP('',(#1523,#1524,#1525,#1527));
#1529=FACE_OUTER_BOUND('',#1528,.F.);
#1531=CARTESIAN_POINT('',(-3.6576E0,-7.874E-1,-3.81E-1));
#1532=DIRECTION('',(1.E0,0.E0,0.E0));
#1533=DIRECTION('',(0.E0,1.E0,0.E0));
#1534=AXIS2_PLACEMENT_3D('',#1531,#1532,#1533);
#1535=CYLINDRICAL_SURFACE('',#1534,3.81E-1);
#1536=ORIENTED_EDGE('',*,*,#1497,.T.);
#1538=ORIENTED_EDGE('',*,*,#1537,.F.);
#1539=ORIENTED_EDGE('',*,*,#1255,.F.);
#1540=ORIENTED_EDGE('',*,*,#1375,.T.);
#1541=EDGE_LOOP('',(#1536,#1538,#1539,#1540));
#1542=FACE_OUTER_BOUND('',#1541,.F.);
#1544=CARTESIAN_POINT('',(-3.6576E0,-7.874E-1,-3.81E-1));
#1545=DIRECTION('',(1.E0,0.E0,0.E0));
#1546=DIRECTION('',(0.E0,1.E0,0.E0));
#1547=AXIS2_PLACEMENT_3D('',#1544,#1545,#1546);
#1548=CYLINDRICAL_SURFACE('',#1547,3.81E-1);
#1549=ORIENTED_EDGE('',*,*,#1508,.F.);
#1550=ORIENTED_EDGE('',*,*,#1402,.T.);
#1552=ORIENTED_EDGE('',*,*,#1551,.T.);
#1554=ORIENTED_EDGE('',*,*,#1553,.F.);
#1555=EDGE_LOOP('',(#1549,#1550,#1552,#1554));
#1556=FACE_OUTER_BOUND('',#1555,.F.);
#1558=CARTESIAN_POINT('',(-3.6576E0,-1.1684E0,-3.81E-1));
#1559=DIRECTION('',(0.E0,-1.E0,0.E0));
#1560=DIRECTION('',(0.E0,0.E0,-1.E0));
#1561=AXIS2_PLACEMENT_3D('',#1558,#1559,#1560);
#1562=PLANE('',#1561);
#1563=ORIENTED_EDGE('',*,*,#1495,.T.);
#1564=ORIENTED_EDGE('',*,*,#1510,.T.);
#1565=ORIENTED_EDGE('',*,*,#1553,.T.);
#1567=ORIENTED_EDGE('',*,*,#1566,.T.);
#1568=ORIENTED_EDGE('',*,*,#1334,.T.);
#1569=ORIENTED_EDGE('',*,*,#1526,.T.);
#1570=ORIENTED_EDGE('',*,*,#1439,.T.);
#1572=ORIENTED_EDGE('',*,*,#1571,.F.);
#1574=ORIENTED_EDGE('',*,*,#1573,.T.);
#1576=ORIENTED_EDGE('',*,*,#1575,.T.);
#1578=ORIENTED_EDGE('',*,*,#1577,.F.);
#1580=ORIENTED_EDGE('',*,*,#1579,.F.);
#1582=ORIENTED_EDGE('',*,*,#1581,.T.);
#1584=ORIENTED_EDGE('',*,*,#1583,.T.);
#1586=ORIENTED_EDGE('',*,*,#1585,.F.);
#1588=ORIENTED_EDGE('',*,*,#1587,.F.);
#1589=ORIENTED_EDGE('',*,*,#1257,.F.);
#1590=ORIENTED_EDGE('',*,*,#1537,.T.);
#1591=EDGE_LOOP('',(#1563,#1564,#1565,#1567,#1568,#1569,#1570,#1572,#1574,#1576,
#1578,#1580,#1582,#1584,#1586,#1588,#1589,#1590));
#1592=FACE_OUTER_BOUND('',#1591,.F.);
#1594=CARTESIAN_POINT('',(1.016E0,-1.1684E0,0.E0));
#1595=DIRECTION('',(-8.479983040051E-1,0.E0,-5.299989400032E-1));
#1596=DIRECTION('',(5.299989400032E-1,0.E0,-8.479983040051E-1));
#1597=AXIS2_PLACEMENT_3D('',#1594,#1595,#1596);
#1598=PLANE('',#1597);
#1599=ORIENTED_EDGE('',*,*,#1400,.F.);
#1600=ORIENTED_EDGE('',*,*,#1318,.F.);
#1601=ORIENTED_EDGE('',*,*,#1477,.T.);
#1602=ORIENTED_EDGE('',*,*,#1336,.F.);
#1603=ORIENTED_EDGE('',*,*,#1566,.F.);
#1604=ORIENTED_EDGE('',*,*,#1551,.F.);
#1605=EDGE_LOOP('',(#1599,#1600,#1601,#1602,#1603,#1604));
#1606=FACE_OUTER_BOUND('',#1605,.F.);
#1608=CARTESIAN_POINT('',(-3.6576E0,-1.1684E0,-2.54E0));
#1609=DIRECTION('',(0.E0,0.E0,-1.E0));
#1610=DIRECTION('',(0.E0,1.E0,0.E0));
#1611=AXIS2_PLACEMENT_3D('',#1608,#1609,#1610);
#1612=PLANE('',#1611);
#1614=ORIENTED_EDGE('',*,*,#1613,.F.);
#1615=ORIENTED_EDGE('',*,*,#1571,.T.);
#1616=ORIENTED_EDGE('',*,*,#1437,.T.);
#1618=ORIENTED_EDGE('',*,*,#1617,.F.);
#1619=EDGE_LOOP('',(#1614,#1615,#1616,#1618));
#1620=FACE_OUTER_BOUND('',#1619,.F.);
#1622=CARTESIAN_POINT('',(-3.6576E0,-1.1684E0,-2.54E0));
#1623=DIRECTION('',(0.E0,0.E0,-1.E0));
#1624=DIRECTION('',(0.E0,1.E0,0.E0));
#1625=AXIS2_PLACEMENT_3D('',#1622,#1623,#1624);
#1626=PLANE('',#1625);
#1628=ORIENTED_EDGE('',*,*,#1627,.F.);
#1629=ORIENTED_EDGE('',*,*,#1579,.T.);
#1631=ORIENTED_EDGE('',*,*,#1630,.T.);
#1633=ORIENTED_EDGE('',*,*,#1632,.F.);
#1634=EDGE_LOOP('',(#1628,#1629,#1631,#1633));
#1635=FACE_OUTER_BOUND('',#1634,.F.);
#1637=CARTESIAN_POINT('',(-3.6576E0,-1.1684E0,-2.54E0));
#1638=DIRECTION('',(0.E0,0.E0,-1.E0));
#1639=DIRECTION('',(0.E0,1.E0,0.E0));
#1640=AXIS2_PLACEMENT_3D('',#1637,#1638,#1639);
#1641=PLANE('',#1640);
#1643=ORIENTED_EDGE('',*,*,#1642,.T.);
#1645=ORIENTED_EDGE('',*,*,#1644,.F.);
#1646=ORIENTED_EDGE('',*,*,#1259,.F.);
#1647=ORIENTED_EDGE('',*,*,#1587,.T.);
#1648=EDGE_LOOP('',(#1643,#1645,#1646,#1647));
#1649=FACE_OUTER_BOUND('',#1648,.F.);
#1651=CARTESIAN_POINT('',(1.905E0,-1.1684E0,-2.54E0));
#1652=DIRECTION('',(1.E0,0.E0,0.E0));
#1653=DIRECTION('',(0.E0,0.E0,1.E0));
#1654=AXIS2_PLACEMENT_3D('',#1651,#1652,#1653);
#1655=PLANE('',#1654);
#1656=ORIENTED_EDGE('',*,*,#1573,.F.);
#1657=ORIENTED_EDGE('',*,*,#1613,.T.);
#1659=ORIENTED_EDGE('',*,*,#1658,.T.);
#1661=ORIENTED_EDGE('',*,*,#1660,.F.);
#1663=ORIENTED_EDGE('',*,*,#1662,.F.);
#1664=EDGE_LOOP('',(#1656,#1657,#1659,#1661,#1663));
#1665=FACE_OUTER_BOUND('',#1664,.F.);
#1667=CARTESIAN_POINT('',(1.905E0,-1.1684E0,-2.54E0));
#1668=DIRECTION('',(1.E0,0.E0,0.E0));
#1669=DIRECTION('',(0.E0,0.E0,1.E0));
#1670=AXIS2_PLACEMENT_3D('',#1667,#1668,#1669);
#1671=PLANE('',#1670);
#1673=ORIENTED_EDGE('',*,*,#1672,.T.);
#1674=ORIENTED_EDGE('',*,*,#1470,.T.);
#1676=ORIENTED_EDGE('',*,*,#1675,.F.);
#1678=ORIENTED_EDGE('',*,*,#1677,.F.);
#1680=ORIENTED_EDGE('',*,*,#1679,.T.);
#1681=EDGE_LOOP('',(#1673,#1674,#1676,#1678,#1680));
#1682=FACE_OUTER_BOUND('',#1681,.F.);
#1684=CARTESIAN_POINT('',(-3.6576E0,-9.196643893096E-1,-2.54E0));
#1685=DIRECTION('',(0.E0,8.660254037844E-1,-5.E-1));
#1686=DIRECTION('',(0.E0,5.E-1,8.660254037844E-1));
#1687=AXIS2_PLACEMENT_3D('',#1684,#1685,#1686);
#1688=PLANE('',#1687);
#1689=ORIENTED_EDGE('',*,*,#1658,.F.);
#1690=ORIENTED_EDGE('',*,*,#1617,.T.);
#1691=ORIENTED_EDGE('',*,*,#1435,.T.);
#1693=ORIENTED_EDGE('',*,*,#1692,.F.);
#1694=EDGE_LOOP('',(#1689,#1690,#1691,#1693));
#1695=FACE_OUTER_BOUND('',#1694,.F.);
#1697=CARTESIAN_POINT('',(-3.6576E0,-9.196643893096E-1,-2.54E0));
#1698=DIRECTION('',(0.E0,8.660254037844E-1,-5.E-1));
#1699=DIRECTION('',(0.E0,5.E-1,8.660254037844E-1));
#1700=AXIS2_PLACEMENT_3D('',#1697,#1698,#1699);
#1701=PLANE('',#1700);
#1703=ORIENTED_EDGE('',*,*,#1702,.F.);
#1704=ORIENTED_EDGE('',*,*,#1632,.T.);
#1706=ORIENTED_EDGE('',*,*,#1705,.T.);
#1708=ORIENTED_EDGE('',*,*,#1707,.F.);
#1709=EDGE_LOOP('',(#1703,#1704,#1706,#1708));
#1710=FACE_OUTER_BOUND('',#1709,.F.);
#1712=CARTESIAN_POINT('',(-3.6576E0,-9.196643893096E-1,-2.54E0));
#1713=DIRECTION('',(0.E0,8.660254037844E-1,-5.E-1));
#1714=DIRECTION('',(0.E0,5.E-1,8.660254037844E-1));
#1715=AXIS2_PLACEMENT_3D('',#1712,#1713,#1714);
#1716=PLANE('',#1715);
#1718=ORIENTED_EDGE('',*,*,#1717,.T.);
#1720=ORIENTED_EDGE('',*,*,#1719,.F.);
#1721=ORIENTED_EDGE('',*,*,#1261,.F.);
#1722=ORIENTED_EDGE('',*,*,#1644,.T.);
#1723=EDGE_LOOP('',(#1718,#1720,#1721,#1722));
#1724=FACE_OUTER_BOUND('',#1723,.F.);
#1726=CARTESIAN_POINT('',(-3.6576E0,-4.064E-1,-2.413E0));
#1727=DIRECTION('',(1.E0,0.E0,0.E0));
#1728=DIRECTION('',(0.E0,1.E0,0.E0));
#1729=AXIS2_PLACEMENT_3D('',#1726,#1727,#1728);
#1730=CYLINDRICAL_SURFACE('',#1729,3.81E-1);
#1731=ORIENTED_EDGE('',*,*,#1660,.T.);
#1732=ORIENTED_EDGE('',*,*,#1692,.T.);
#1733=ORIENTED_EDGE('',*,*,#1433,.T.);
#1735=ORIENTED_EDGE('',*,*,#1734,.F.);
#1736=EDGE_LOOP('',(#1731,#1732,#1733,#1735));
#1737=FACE_OUTER_BOUND('',#1736,.F.);
#1739=CARTESIAN_POINT('',(-3.6576E0,-4.064E-1,-2.413E0));
#1740=DIRECTION('',(1.E0,0.E0,0.E0));
#1741=DIRECTION('',(0.E0,1.E0,0.E0));
#1742=AXIS2_PLACEMENT_3D('',#1739,#1740,#1741);
#1743=CYLINDRICAL_SURFACE('',#1742,3.81E-1);
#1745=ORIENTED_EDGE('',*,*,#1744,.T.);
#1746=ORIENTED_EDGE('',*,*,#1707,.T.);
#1748=ORIENTED_EDGE('',*,*,#1747,.F.);
#1750=ORIENTED_EDGE('',*,*,#1749,.F.);
#1751=EDGE_LOOP('',(#1745,#1746,#1748,#1750));
#1752=FACE_OUTER_BOUND('',#1751,.F.);
#1754=CARTESIAN_POINT('',(-3.6576E0,-4.064E-1,-2.413E0));
#1755=DIRECTION('',(1.E0,0.E0,0.E0));
#1756=DIRECTION('',(0.E0,1.E0,0.E0));
#1757=AXIS2_PLACEMENT_3D('',#1754,#1755,#1756);
#1758=CYLINDRICAL_SURFACE('',#1757,3.81E-1);
#1760=ORIENTED_EDGE('',*,*,#1759,.F.);
#1762=ORIENTED_EDGE('',*,*,#1761,.F.);
#1763=ORIENTED_EDGE('',*,*,#1263,.F.);
#1764=ORIENTED_EDGE('',*,*,#1719,.T.);
#1765=EDGE_LOOP('',(#1760,#1762,#1763,#1764));
#1766=FACE_OUTER_BOUND('',#1765,.F.);
#1768=CARTESIAN_POINT('',(-3.6576E0,-4.064E-1,-2.032E0));
#1769=DIRECTION('',(0.E0,0.E0,-1.E0));
#1770=DIRECTION('',(0.E0,1.E0,0.E0));
#1771=AXIS2_PLACEMENT_3D('',#1768,#1769,#1770);
#1772=PLANE('',#1771);
#1774=ORIENTED_EDGE('',*,*,#1773,.F.);
#1776=ORIENTED_EDGE('',*,*,#1775,.T.);
#1777=ORIENTED_EDGE('',*,*,#1460,.T.);
#1779=ORIENTED_EDGE('',*,*,#1778,.F.);
#1781=ORIENTED_EDGE('',*,*,#1780,.F.);
#1782=ORIENTED_EDGE('',*,*,#1265,.F.);
#1783=ORIENTED_EDGE('',*,*,#1761,.T.);
#1785=ORIENTED_EDGE('',*,*,#1784,.F.);
#1786=ORIENTED_EDGE('',*,*,#1583,.F.);
#1788=ORIENTED_EDGE('',*,*,#1787,.T.);
#1789=ORIENTED_EDGE('',*,*,#1749,.T.);
#1791=ORIENTED_EDGE('',*,*,#1790,.F.);
#1792=ORIENTED_EDGE('',*,*,#1575,.F.);
#1793=ORIENTED_EDGE('',*,*,#1662,.T.);
#1794=ORIENTED_EDGE('',*,*,#1734,.T.);
#1795=ORIENTED_EDGE('',*,*,#1431,.T.);
#1797=ORIENTED_EDGE('',*,*,#1796,.F.);
#1798=ORIENTED_EDGE('',*,*,#1675,.T.);
#1799=ORIENTED_EDGE('',*,*,#1468,.T.);
#1801=ORIENTED_EDGE('',*,*,#1800,.F.);
#1802=EDGE_LOOP('',(#1774,#1776,#1777,#1779,#1781,#1782,#1783,#1785,#1786,#1788,
#1789,#1791,#1792,#1793,#1794,#1795,#1797,#1798,#1799,#1801));
#1803=FACE_OUTER_BOUND('',#1802,.F.);
#1805=ORIENTED_EDGE('',*,*,#1804,.T.);
#1807=ORIENTED_EDGE('',*,*,#1806,.T.);
#1809=ORIENTED_EDGE('',*,*,#1808,.F.);
#1811=ORIENTED_EDGE('',*,*,#1810,.F.);
#1812=EDGE_LOOP('',(#1805,#1807,#1809,#1811));
#1813=FACE_BOUND('',#1812,.F.);
#1815=ORIENTED_EDGE('',*,*,#1814,.T.);
#1817=ORIENTED_EDGE('',*,*,#1816,.T.);
#1819=ORIENTED_EDGE('',*,*,#1818,.F.);
#1821=ORIENTED_EDGE('',*,*,#1820,.F.);
#1822=EDGE_LOOP('',(#1815,#1817,#1819,#1821));
#1823=FACE_BOUND('',#1822,.F.);
#1825=ORIENTED_EDGE('',*,*,#1824,.T.);
#1827=ORIENTED_EDGE('',*,*,#1826,.T.);
#1829=ORIENTED_EDGE('',*,*,#1828,.F.);
#1831=ORIENTED_EDGE('',*,*,#1830,.F.);
#1832=EDGE_LOOP('',(#1825,#1827,#1829,#1831));
#1833=FACE_BOUND('',#1832,.F.);
#1835=CARTESIAN_POINT('',(-3.6576E0,4.064E-1,-2.413E0));
#1836=DIRECTION('',(1.E0,0.E0,0.E0));
#1837=DIRECTION('',(0.E0,1.E0,0.E0));
#1838=AXIS2_PLACEMENT_3D('',#1835,#1836,#1837);
#1839=CYLINDRICAL_SURFACE('',#1838,3.81E-1);
#1840=ORIENTED_EDGE('',*,*,#1677,.T.);
#1841=ORIENTED_EDGE('',*,*,#1796,.T.);
#1842=ORIENTED_EDGE('',*,*,#1429,.T.);
#1844=ORIENTED_EDGE('',*,*,#1843,.F.);
#1845=EDGE_LOOP('',(#1840,#1841,#1842,#1844));
#1846=FACE_OUTER_BOUND('',#1845,.F.);
#1848=CARTESIAN_POINT('',(-3.6576E0,4.064E-1,-2.413E0));
#1849=DIRECTION('',(1.E0,0.E0,0.E0));
#1850=DIRECTION('',(0.E0,1.E0,0.E0));
#1851=AXIS2_PLACEMENT_3D('',#1848,#1849,#1850);
#1852=CYLINDRICAL_SURFACE('',#1851,3.81E-1);
#1854=ORIENTED_EDGE('',*,*,#1853,.T.);
#1855=ORIENTED_EDGE('',*,*,#1773,.T.);
#1857=ORIENTED_EDGE('',*,*,#1856,.F.);
#1859=ORIENTED_EDGE('',*,*,#1858,.F.);
#1860=EDGE_LOOP('',(#1854,#1855,#1857,#1859));
#1861=FACE_OUTER_BOUND('',#1860,.F.);
#1863=CARTESIAN_POINT('',(-3.6576E0,4.064E-1,-2.413E0));
#1864=DIRECTION('',(1.E0,0.E0,0.E0));
#1865=DIRECTION('',(0.E0,1.E0,0.E0));
#1866=AXIS2_PLACEMENT_3D('',#1863,#1864,#1865);
#1867=CYLINDRICAL_SURFACE('',#1866,3.81E-1);
#1869=ORIENTED_EDGE('',*,*,#1868,.F.);
#1871=ORIENTED_EDGE('',*,*,#1870,.F.);
#1872=ORIENTED_EDGE('',*,*,#1267,.F.);
#1873=ORIENTED_EDGE('',*,*,#1780,.T.);
#1874=EDGE_LOOP('',(#1869,#1871,#1872,#1873));
#1875=FACE_OUTER_BOUND('',#1874,.F.);
#1877=CARTESIAN_POINT('',(-3.6576E0,7.363556788419E-1,-2.2225E0));
#1878=DIRECTION('',(0.E0,-8.660254037844E-1,-5.E-1));
#1879=DIRECTION('',(0.E0,5.E-1,-8.660254037844E-1));
#1880=AXIS2_PLACEMENT_3D('',#1877,#1878,#1879);
#1881=PLANE('',#1880);
#1882=ORIENTED_EDGE('',*,*,#1679,.F.);
#1883=ORIENTED_EDGE('',*,*,#1843,.T.);
#1884=ORIENTED_EDGE('',*,*,#1427,.T.);
#1886=ORIENTED_EDGE('',*,*,#1885,.F.);
#1887=EDGE_LOOP('',(#1882,#1883,#1884,#1886));
#1888=FACE_OUTER_BOUND('',#1887,.F.);
#1890=CARTESIAN_POINT('',(-3.6576E0,7.363556788419E-1,-2.2225E0));
#1891=DIRECTION('',(0.E0,-8.660254037844E-1,-5.E-1));
#1892=DIRECTION('',(0.E0,5.E-1,-8.660254037844E-1));
#1893=AXIS2_PLACEMENT_3D('',#1890,#1891,#1892);
#1894=PLANE('',#1893);
#1896=ORIENTED_EDGE('',*,*,#1895,.F.);
#1897=ORIENTED_EDGE('',*,*,#1858,.T.);
#1899=ORIENTED_EDGE('',*,*,#1898,.T.);
#1901=ORIENTED_EDGE('',*,*,#1900,.F.);
#1902=EDGE_LOOP('',(#1896,#1897,#1899,#1901));
#1903=FACE_OUTER_BOUND('',#1902,.F.);
#1905=CARTESIAN_POINT('',(-3.6576E0,7.363556788419E-1,-2.2225E0));
#1906=DIRECTION('',(0.E0,-8.660254037844E-1,-5.E-1));
#1907=DIRECTION('',(0.E0,5.E-1,-8.660254037844E-1));
#1908=AXIS2_PLACEMENT_3D('',#1905,#1906,#1907);
#1909=PLANE('',#1908);
#1911=ORIENTED_EDGE('',*,*,#1910,.T.);
#1913=ORIENTED_EDGE('',*,*,#1912,.F.);
#1914=ORIENTED_EDGE('',*,*,#1269,.F.);
#1915=ORIENTED_EDGE('',*,*,#1870,.T.);
#1916=EDGE_LOOP('',(#1911,#1913,#1914,#1915));
#1917=FACE_OUTER_BOUND('',#1916,.F.);
#1919=CARTESIAN_POINT('',(-3.6576E0,9.196643893096E-1,-2.54E0));
#1920=DIRECTION('',(0.E0,0.E0,-1.E0));
#1921=DIRECTION('',(0.E0,1.E0,0.E0));
#1922=AXIS2_PLACEMENT_3D('',#1919,#1920,#1921);
#1923=PLANE('',#1922);
#1924=ORIENTED_EDGE('',*,*,#1672,.F.);
#1925=ORIENTED_EDGE('',*,*,#1885,.T.);
#1926=ORIENTED_EDGE('',*,*,#1425,.T.);
#1927=ORIENTED_EDGE('',*,*,#1472,.F.);
#1928=EDGE_LOOP('',(#1924,#1925,#1926,#1927));
#1929=FACE_OUTER_BOUND('',#1928,.F.);
#1931=CARTESIAN_POINT('',(-3.6576E0,9.196643893096E-1,-2.54E0));
#1932=DIRECTION('',(0.E0,0.E0,-1.E0));
#1933=DIRECTION('',(0.E0,1.E0,0.E0));
#1934=AXIS2_PLACEMENT_3D('',#1931,#1932,#1933);
#1935=PLANE('',#1934);
#1937=ORIENTED_EDGE('',*,*,#1936,.F.);
#1938=ORIENTED_EDGE('',*,*,#1900,.T.);
#1940=ORIENTED_EDGE('',*,*,#1939,.T.);
#1941=ORIENTED_EDGE('',*,*,#1464,.F.);
#1942=EDGE_LOOP('',(#1937,#1938,#1940,#1941));
#1943=FACE_OUTER_BOUND('',#1942,.F.);
#1945=CARTESIAN_POINT('',(-3.6576E0,9.196643893096E-1,-2.54E0));
#1946=DIRECTION('',(0.E0,0.E0,-1.E0));
#1947=DIRECTION('',(0.E0,1.E0,0.E0));
#1948=AXIS2_PLACEMENT_3D('',#1945,#1946,#1947);
#1949=PLANE('',#1948);
#1951=ORIENTED_EDGE('',*,*,#1950,.T.);
#1952=ORIENTED_EDGE('',*,*,#1456,.F.);
#1953=ORIENTED_EDGE('',*,*,#1271,.F.);
#1954=ORIENTED_EDGE('',*,*,#1912,.T.);
#1955=EDGE_LOOP('',(#1951,#1952,#1953,#1954));
#1956=FACE_OUTER_BOUND('',#1955,.F.);
#1958=CARTESIAN_POINT('',(-6.35E-1,-1.1684E0,-2.54E0));
#1959=DIRECTION('',(1.E0,0.E0,0.E0));
#1960=DIRECTION('',(0.E0,0.E0,1.E0));
#1961=AXIS2_PLACEMENT_3D('',#1958,#1959,#1960);
#1962=PLANE('',#1961);
#1963=ORIENTED_EDGE('',*,*,#1581,.F.);
#1964=ORIENTED_EDGE('',*,*,#1627,.T.);
#1965=ORIENTED_EDGE('',*,*,#1702,.T.);
#1966=ORIENTED_EDGE('',*,*,#1744,.F.);
#1967=ORIENTED_EDGE('',*,*,#1787,.F.);
#1968=EDGE_LOOP('',(#1963,#1964,#1965,#1966,#1967));
#1969=FACE_OUTER_BOUND('',#1968,.F.);
#1971=CARTESIAN_POINT('',(-6.35E-1,-1.1684E0,-2.54E0));
#1972=DIRECTION('',(1.E0,0.E0,0.E0));
#1973=DIRECTION('',(0.E0,0.E0,1.E0));
#1974=AXIS2_PLACEMENT_3D('',#1971,#1972,#1973);
#1975=PLANE('',#1974);
#1976=ORIENTED_EDGE('',*,*,#1936,.T.);
#1977=ORIENTED_EDGE('',*,*,#1462,.T.);
#1978=ORIENTED_EDGE('',*,*,#1775,.F.);
#1979=ORIENTED_EDGE('',*,*,#1853,.F.);
#1980=ORIENTED_EDGE('',*,*,#1895,.T.);
#1981=EDGE_LOOP('',(#1976,#1977,#1978,#1979,#1980));
#1982=FACE_OUTER_BOUND('',#1981,.F.);
#1984=CARTESIAN_POINT('',(6.35E-1,-1.1684E0,-2.032E0));
#1985=DIRECTION('',(-1.E0,0.E0,0.E0));
#1986=DIRECTION('',(0.E0,0.E0,-1.E0));
#1987=AXIS2_PLACEMENT_3D('',#1984,#1985,#1986);
#1988=PLANE('',#1987);
#1989=ORIENTED_EDGE('',*,*,#1577,.T.);
#1990=ORIENTED_EDGE('',*,*,#1790,.T.);
#1991=ORIENTED_EDGE('',*,*,#1747,.T.);
#1992=ORIENTED_EDGE('',*,*,#1705,.F.);
#1993=ORIENTED_EDGE('',*,*,#1630,.F.);
#1994=EDGE_LOOP('',(#1989,#1990,#1991,#1992,#1993));
#1995=FACE_OUTER_BOUND('',#1994,.F.);
#1997=CARTESIAN_POINT('',(6.35E-1,-1.1684E0,-2.032E0));
#1998=DIRECTION('',(-1.E0,0.E0,0.E0));
#1999=DIRECTION('',(0.E0,0.E0,-1.E0));
#2000=AXIS2_PLACEMENT_3D('',#1997,#1998,#1999);
#2001=PLANE('',#2000);
#2002=ORIENTED_EDGE('',*,*,#1939,.F.);
#2003=ORIENTED_EDGE('',*,*,#1898,.F.);
#2004=ORIENTED_EDGE('',*,*,#1856,.T.);
#2005=ORIENTED_EDGE('',*,*,#1800,.T.);
#2006=ORIENTED_EDGE('',*,*,#1466,.F.);
#2007=EDGE_LOOP('',(#2002,#2003,#2004,#2005,#2006));
#2008=FACE_OUTER_BOUND('',#2007,.F.);
#2010=CARTESIAN_POINT('',(-1.905E0,-1.1684E0,-2.032E0));
#2011=DIRECTION('',(-1.E0,0.E0,0.E0));
#2012=DIRECTION('',(0.E0,0.E0,-1.E0));
#2013=AXIS2_PLACEMENT_3D('',#2010,#2011,#2012);
#2014=PLANE('',#2013);
#2015=ORIENTED_EDGE('',*,*,#1585,.T.);
#2016=ORIENTED_EDGE('',*,*,#1784,.T.);
#2017=ORIENTED_EDGE('',*,*,#1759,.T.);
#2018=ORIENTED_EDGE('',*,*,#1717,.F.);
#2019=ORIENTED_EDGE('',*,*,#1642,.F.);
#2020=EDGE_LOOP('',(#2015,#2016,#2017,#2018,#2019));
#2021=FACE_OUTER_BOUND('',#2020,.F.);
#2023=CARTESIAN_POINT('',(-1.905E0,-1.1684E0,-2.032E0));
#2024=DIRECTION('',(-1.E0,0.E0,0.E0));
#2025=DIRECTION('',(0.E0,0.E0,-1.E0));
#2026=AXIS2_PLACEMENT_3D('',#2023,#2024,#2025);
#2027=PLANE('',#2026);
#2028=ORIENTED_EDGE('',*,*,#1950,.F.);
#2029=ORIENTED_EDGE('',*,*,#1910,.F.);
#2030=ORIENTED_EDGE('',*,*,#1868,.T.);
#2031=ORIENTED_EDGE('',*,*,#1778,.T.);
#2032=ORIENTED_EDGE('',*,*,#1458,.F.);
#2033=EDGE_LOOP('',(#2028,#2029,#2030,#2031,#2032));
#2034=FACE_OUTER_BOUND('',#2033,.F.);
#2036=CARTESIAN_POINT('',(2.2225E0,0.E0,0.E0));
#2037=DIRECTION('',(1.E0,0.E0,0.E0));
#2038=DIRECTION('',(0.E0,1.E0,0.E0));
#2039=AXIS2_PLACEMENT_3D('',#2036,#2037,#2038);
#2040=PLANE('',#2039);
#2041=ORIENTED_EDGE('',*,*,#1357,.T.);
#2043=ORIENTED_EDGE('',*,*,#2042,.T.);
#2045=ORIENTED_EDGE('',*,*,#2044,.T.);
#2047=ORIENTED_EDGE('',*,*,#2046,.T.);
#2048=EDGE_LOOP('',(#2041,#2043,#2045,#2047));
#2049=FACE_OUTER_BOUND('',#2048,.F.);
#2051=CARTESIAN_POINT('',(2.2225E0,0.E0,0.E0));
#2052=DIRECTION('',(1.E0,0.E0,0.E0));
#2053=DIRECTION('',(0.E0,1.E0,0.E0));
#2054=AXIS2_PLACEMENT_3D('',#2051,#2052,#2053);
#2055=PLANE('',#2054);
#2056=ORIENTED_EDGE('',*,*,#1804,.F.);
#2058=ORIENTED_EDGE('',*,*,#2057,.T.);
#2060=ORIENTED_EDGE('',*,*,#2059,.T.);
#2062=ORIENTED_EDGE('',*,*,#2061,.T.);
#2063=EDGE_LOOP('',(#2056,#2058,#2060,#2062));
#2064=FACE_OUTER_BOUND('',#2063,.F.);
#2066=CARTESIAN_POINT('',(2.2225E0,3.175E-1,0.E0));
#2067=DIRECTION('',(0.E0,1.E0,0.E0));
#2068=DIRECTION('',(0.E0,0.E0,1.E0));
#2069=AXIS2_PLACEMENT_3D('',#2066,#2067,#2068);
#2070=PLANE('',#2069);
#2071=ORIENTED_EDGE('',*,*,#1363,.T.);
#2073=ORIENTED_EDGE('',*,*,#2072,.T.);
#2075=ORIENTED_EDGE('',*,*,#2074,.F.);
#2076=ORIENTED_EDGE('',*,*,#2042,.F.);
#2077=EDGE_LOOP('',(#2071,#2073,#2075,#2076));
#2078=FACE_OUTER_BOUND('',#2077,.F.);
#2080=CARTESIAN_POINT('',(2.8575E0,0.E0,0.E0));
#2081=DIRECTION('',(1.E0,0.E0,0.E0));
#2082=DIRECTION('',(0.E0,1.E0,0.E0));
#2083=AXIS2_PLACEMENT_3D('',#2080,#2081,#2082);
#2084=PLANE('',#2083);
#2085=ORIENTED_EDGE('',*,*,#1361,.F.);
#2087=ORIENTED_EDGE('',*,*,#2086,.F.);
#2089=ORIENTED_EDGE('',*,*,#2088,.F.);
#2090=ORIENTED_EDGE('',*,*,#2072,.F.);
#2091=EDGE_LOOP('',(#2085,#2087,#2089,#2090));
#2092=FACE_OUTER_BOUND('',#2091,.F.);
#2094=CARTESIAN_POINT('',(2.8575E0,0.E0,0.E0));
#2095=DIRECTION('',(1.E0,0.E0,0.E0));
#2096=DIRECTION('',(0.E0,1.E0,0.E0));
#2097=AXIS2_PLACEMENT_3D('',#2094,#2095,#2096);
#2098=PLANE('',#2097);
#2099=ORIENTED_EDGE('',*,*,#1808,.T.);
#2101=ORIENTED_EDGE('',*,*,#2100,.F.);
#2103=ORIENTED_EDGE('',*,*,#2102,.F.);
#2105=ORIENTED_EDGE('',*,*,#2104,.F.);
#2106=EDGE_LOOP('',(#2099,#2101,#2103,#2105));
#2107=FACE_OUTER_BOUND('',#2106,.F.);
#2109=CARTESIAN_POINT('',(2.2225E0,-3.175E-1,7.493E0));
#2110=DIRECTION('',(0.E0,-1.E0,0.E0));
#2111=DIRECTION('',(0.E0,0.E0,-1.E0));
#2112=AXIS2_PLACEMENT_3D('',#2109,#2110,#2111);
#2113=PLANE('',#2112);
#2114=ORIENTED_EDGE('',*,*,#1359,.F.);
#2115=ORIENTED_EDGE('',*,*,#2046,.F.);
#2117=ORIENTED_EDGE('',*,*,#2116,.T.);
#2118=ORIENTED_EDGE('',*,*,#2086,.T.);
#2119=EDGE_LOOP('',(#2114,#2115,#2117,#2118));
#2120=FACE_OUTER_BOUND('',#2119,.F.);
#2122=CARTESIAN_POINT('',(2.2225E0,3.175E-1,7.493E0));
#2123=DIRECTION('',(0.E0,0.E0,1.E0));
#2124=DIRECTION('',(0.E0,-1.E0,0.E0));
#2125=AXIS2_PLACEMENT_3D('',#2122,#2123,#2124);
#2126=PLANE('',#2125);
#2127=ORIENTED_EDGE('',*,*,#2044,.F.);
#2128=ORIENTED_EDGE('',*,*,#2074,.T.);
#2129=ORIENTED_EDGE('',*,*,#2088,.T.);
#2130=ORIENTED_EDGE('',*,*,#2116,.F.);
#2131=EDGE_LOOP('',(#2127,#2128,#2129,#2130));
#2132=FACE_OUTER_BOUND('',#2131,.F.);
#2134=CARTESIAN_POINT('',(2.2225E0,3.175E-1,-5.334E0));
#2135=DIRECTION('',(0.E0,1.E0,0.E0));
#2136=DIRECTION('',(0.E0,0.E0,1.E0));
#2137=AXIS2_PLACEMENT_3D('',#2134,#2135,#2136);
#2138=PLANE('',#2137);
#2139=ORIENTED_EDGE('',*,*,#1806,.F.);
#2140=ORIENTED_EDGE('',*,*,#2061,.F.);
#2142=ORIENTED_EDGE('',*,*,#2141,.T.);
#2143=ORIENTED_EDGE('',*,*,#2100,.T.);
#2144=EDGE_LOOP('',(#2139,#2140,#2142,#2143));
#2145=FACE_OUTER_BOUND('',#2144,.F.);
#2147=CARTESIAN_POINT('',(2.2225E0,-3.175E-1,-5.334E0));
#2148=DIRECTION('',(0.E0,0.E0,-1.E0));
#2149=DIRECTION('',(0.E0,1.E0,0.E0));
#2150=AXIS2_PLACEMENT_3D('',#2147,#2148,#2149);
#2151=PLANE('',#2150);
#2152=ORIENTED_EDGE('',*,*,#2059,.F.);
#2154=ORIENTED_EDGE('',*,*,#2153,.T.);
#2155=ORIENTED_EDGE('',*,*,#2102,.T.);
#2156=ORIENTED_EDGE('',*,*,#2141,.F.);
#2157=EDGE_LOOP('',(#2152,#2154,#2155,#2156));
#2158=FACE_OUTER_BOUND('',#2157,.F.);
#2160=CARTESIAN_POINT('',(2.2225E0,-3.175E-1,-2.032E0));
#2161=DIRECTION('',(0.E0,-1.E0,0.E0));
#2162=DIRECTION('',(0.E0,0.E0,-1.E0));
#2163=AXIS2_PLACEMENT_3D('',#2160,#2161,#2162);
#2164=PLANE('',#2163);
#2165=ORIENTED_EDGE('',*,*,#1810,.T.);
#2166=ORIENTED_EDGE('',*,*,#2104,.T.);
#2167=ORIENTED_EDGE('',*,*,#2153,.F.);
#2168=ORIENTED_EDGE('',*,*,#2057,.F.);
#2169=EDGE_LOOP('',(#2165,#2166,#2167,#2168));
#2170=FACE_OUTER_BOUND('',#2169,.F.);
#2172=CARTESIAN_POINT('',(-3.175E-1,0.E0,0.E0));
#2173=DIRECTION('',(1.E0,0.E0,0.E0));
#2174=DIRECTION('',(0.E0,1.E0,0.E0));
#2175=AXIS2_PLACEMENT_3D('',#2172,#2173,#2174);
#2176=PLANE('',#2175);
#2177=ORIENTED_EDGE('',*,*,#1406,.T.);
#2179=ORIENTED_EDGE('',*,*,#2178,.T.);
#2181=ORIENTED_EDGE('',*,*,#2180,.T.);
#2183=ORIENTED_EDGE('',*,*,#2182,.T.);
#2184=EDGE_LOOP('',(#2177,#2179,#2181,#2183));
#2185=FACE_OUTER_BOUND('',#2184,.F.);
#2187=CARTESIAN_POINT('',(-3.175E-1,0.E0,0.E0));
#2188=DIRECTION('',(1.E0,0.E0,0.E0));
#2189=DIRECTION('',(0.E0,1.E0,0.E0));
#2190=AXIS2_PLACEMENT_3D('',#2187,#2188,#2189);
#2191=PLANE('',#2190);
#2192=ORIENTED_EDGE('',*,*,#1814,.F.);
#2194=ORIENTED_EDGE('',*,*,#2193,.T.);
#2196=ORIENTED_EDGE('',*,*,#2195,.T.);
#2198=ORIENTED_EDGE('',*,*,#2197,.T.);
#2199=EDGE_LOOP('',(#2192,#2194,#2196,#2198));
#2200=FACE_OUTER_BOUND('',#2199,.F.);
#2202=CARTESIAN_POINT('',(-3.175E-1,3.175E-1,0.E0));
#2203=DIRECTION('',(0.E0,1.E0,0.E0));
#2204=DIRECTION('',(0.E0,0.E0,1.E0));
#2205=AXIS2_PLACEMENT_3D('',#2202,#2203,#2204);
#2206=PLANE('',#2205);
#2207=ORIENTED_EDGE('',*,*,#1412,.T.);
#2209=ORIENTED_EDGE('',*,*,#2208,.T.);
#2211=ORIENTED_EDGE('',*,*,#2210,.F.);
#2212=ORIENTED_EDGE('',*,*,#2178,.F.);
#2213=EDGE_LOOP('',(#2207,#2209,#2211,#2212));
#2214=FACE_OUTER_BOUND('',#2213,.F.);
#2216=CARTESIAN_POINT('',(3.175E-1,0.E0,0.E0));
#2217=DIRECTION('',(1.E0,0.E0,0.E0));
#2218=DIRECTION('',(0.E0,1.E0,0.E0));
#2219=AXIS2_PLACEMENT_3D('',#2216,#2217,#2218);
#2220=PLANE('',#2219);
#2221=ORIENTED_EDGE('',*,*,#1410,.F.);
#2223=ORIENTED_EDGE('',*,*,#2222,.F.);
#2225=ORIENTED_EDGE('',*,*,#2224,.F.);
#2226=ORIENTED_EDGE('',*,*,#2208,.F.);
#2227=EDGE_LOOP('',(#2221,#2223,#2225,#2226));
#2228=FACE_OUTER_BOUND('',#2227,.F.);
#2230=CARTESIAN_POINT('',(3.175E-1,0.E0,0.E0));
#2231=DIRECTION('',(1.E0,0.E0,0.E0));
#2232=DIRECTION('',(0.E0,1.E0,0.E0));
#2233=AXIS2_PLACEMENT_3D('',#2230,#2231,#2232);
#2234=PLANE('',#2233);
#2235=ORIENTED_EDGE('',*,*,#1818,.T.);
#2237=ORIENTED_EDGE('',*,*,#2236,.F.);
#2239=ORIENTED_EDGE('',*,*,#2238,.F.);
#2241=ORIENTED_EDGE('',*,*,#2240,.F.);
#2242=EDGE_LOOP('',(#2235,#2237,#2239,#2241));
#2243=FACE_OUTER_BOUND('',#2242,.F.);
#2245=CARTESIAN_POINT('',(-3.175E-1,-3.175E-1,7.493E0));
#2246=DIRECTION('',(0.E0,-1.E0,0.E0));
#2247=DIRECTION('',(0.E0,0.E0,-1.E0));
#2248=AXIS2_PLACEMENT_3D('',#2245,#2246,#2247);
#2249=PLANE('',#2248);
#2250=ORIENTED_EDGE('',*,*,#1408,.F.);
#2251=ORIENTED_EDGE('',*,*,#2182,.F.);
#2253=ORIENTED_EDGE('',*,*,#2252,.T.);
#2254=ORIENTED_EDGE('',*,*,#2222,.T.);
#2255=EDGE_LOOP('',(#2250,#2251,#2253,#2254));
#2256=FACE_OUTER_BOUND('',#2255,.F.);
#2258=CARTESIAN_POINT('',(-3.175E-1,3.175E-1,7.493E0));
#2259=DIRECTION('',(0.E0,0.E0,1.E0));
#2260=DIRECTION('',(0.E0,-1.E0,0.E0));
#2261=AXIS2_PLACEMENT_3D('',#2258,#2259,#2260);
#2262=PLANE('',#2261);
#2263=ORIENTED_EDGE('',*,*,#2180,.F.);
#2264=ORIENTED_EDGE('',*,*,#2210,.T.);
#2265=ORIENTED_EDGE('',*,*,#2224,.T.);
#2266=ORIENTED_EDGE('',*,*,#2252,.F.);
#2267=EDGE_LOOP('',(#2263,#2264,#2265,#2266));
#2268=FACE_OUTER_BOUND('',#2267,.F.);
#2270=CARTESIAN_POINT('',(-3.175E-1,3.175E-1,-5.334E0));
#2271=DIRECTION('',(0.E0,1.E0,0.E0));
#2272=DIRECTION('',(0.E0,0.E0,1.E0));
#2273=AXIS2_PLACEMENT_3D('',#2270,#2271,#2272);
#2274=PLANE('',#2273);
#2275=ORIENTED_EDGE('',*,*,#1816,.F.);
#2276=ORIENTED_EDGE('',*,*,#2197,.F.);
#2278=ORIENTED_EDGE('',*,*,#2277,.T.);
#2279=ORIENTED_EDGE('',*,*,#2236,.T.);
#2280=EDGE_LOOP('',(#2275,#2276,#2278,#2279));
#2281=FACE_OUTER_BOUND('',#2280,.F.);
#2283=CARTESIAN_POINT('',(-3.175E-1,-3.175E-1,-5.334E0));
#2284=DIRECTION('',(0.E0,0.E0,-1.E0));
#2285=DIRECTION('',(0.E0,1.E0,0.E0));
#2286=AXIS2_PLACEMENT_3D('',#2283,#2284,#2285);
#2287=PLANE('',#2286);
#2288=ORIENTED_EDGE('',*,*,#2195,.F.);
#2290=ORIENTED_EDGE('',*,*,#2289,.T.);
#2291=ORIENTED_EDGE('',*,*,#2238,.T.);
#2292=ORIENTED_EDGE('',*,*,#2277,.F.);
#2293=EDGE_LOOP('',(#2288,#2290,#2291,#2292));
#2294=FACE_OUTER_BOUND('',#2293,.F.);
#2296=CARTESIAN_POINT('',(-3.175E-1,-3.175E-1,-2.032E0));
#2297=DIRECTION('',(0.E0,-1.E0,0.E0));
#2298=DIRECTION('',(0.E0,0.E0,-1.E0));
#2299=AXIS2_PLACEMENT_3D('',#2296,#2297,#2298);
#2300=PLANE('',#2299);
#2301=ORIENTED_EDGE('',*,*,#1820,.T.);
#2302=ORIENTED_EDGE('',*,*,#2240,.T.);
#2303=ORIENTED_EDGE('',*,*,#2289,.F.);
#2304=ORIENTED_EDGE('',*,*,#2193,.F.);
#2305=EDGE_LOOP('',(#2301,#2302,#2303,#2304));
#2306=FACE_OUTER_BOUND('',#2305,.F.);
#2308=CARTESIAN_POINT('',(-2.8575E0,0.E0,0.E0));
#2309=DIRECTION('',(1.E0,0.E0,0.E0));
#2310=DIRECTION('',(0.E0,1.E0,0.E0));
#2311=AXIS2_PLACEMENT_3D('',#2308,#2309,#2310);
#2312=PLANE('',#2311);
#2313=ORIENTED_EDGE('',*,*,#1381,.T.);
#2315=ORIENTED_EDGE('',*,*,#2314,.T.);
#2317=ORIENTED_EDGE('',*,*,#2316,.T.);
#2319=ORIENTED_EDGE('',*,*,#2318,.T.);
#2320=EDGE_LOOP('',(#2313,#2315,#2317,#2319));
#2321=FACE_OUTER_BOUND('',#2320,.F.);
#2323=CARTESIAN_POINT('',(-2.8575E0,0.E0,0.E0));
#2324=DIRECTION('',(1.E0,0.E0,0.E0));
#2325=DIRECTION('',(0.E0,1.E0,0.E0));
#2326=AXIS2_PLACEMENT_3D('',#2323,#2324,#2325);
#2327=PLANE('',#2326);
#2328=ORIENTED_EDGE('',*,*,#1824,.F.);
#2330=ORIENTED_EDGE('',*,*,#2329,.T.);
#2332=ORIENTED_EDGE('',*,*,#2331,.T.);
#2334=ORIENTED_EDGE('',*,*,#2333,.T.);
#2335=EDGE_LOOP('',(#2328,#2330,#2332,#2334));
#2336=FACE_OUTER_BOUND('',#2335,.F.);
#2338=CARTESIAN_POINT('',(-2.8575E0,3.175E-1,0.E0));
#2339=DIRECTION('',(0.E0,1.E0,0.E0));
#2340=DIRECTION('',(0.E0,0.E0,1.E0));
#2341=AXIS2_PLACEMENT_3D('',#2338,#2339,#2340);
#2342=PLANE('',#2341);
#2343=ORIENTED_EDGE('',*,*,#1387,.T.);
#2345=ORIENTED_EDGE('',*,*,#2344,.T.);
#2347=ORIENTED_EDGE('',*,*,#2346,.F.);
#2348=ORIENTED_EDGE('',*,*,#2314,.F.);
#2349=EDGE_LOOP('',(#2343,#2345,#2347,#2348));
#2350=FACE_OUTER_BOUND('',#2349,.F.);
#2352=CARTESIAN_POINT('',(-2.2225E0,0.E0,0.E0));
#2353=DIRECTION('',(1.E0,0.E0,0.E0));
#2354=DIRECTION('',(0.E0,1.E0,0.E0));
#2355=AXIS2_PLACEMENT_3D('',#2352,#2353,#2354);
#2356=PLANE('',#2355);
#2357=ORIENTED_EDGE('',*,*,#1385,.F.);
#2359=ORIENTED_EDGE('',*,*,#2358,.F.);
#2361=ORIENTED_EDGE('',*,*,#2360,.F.);
#2362=ORIENTED_EDGE('',*,*,#2344,.F.);
#2363=EDGE_LOOP('',(#2357,#2359,#2361,#2362));
#2364=FACE_OUTER_BOUND('',#2363,.F.);
#2366=CARTESIAN_POINT('',(-2.2225E0,0.E0,0.E0));
#2367=DIRECTION('',(1.E0,0.E0,0.E0));
#2368=DIRECTION('',(0.E0,1.E0,0.E0));
#2369=AXIS2_PLACEMENT_3D('',#2366,#2367,#2368);
#2370=PLANE('',#2369);
#2371=ORIENTED_EDGE('',*,*,#1828,.T.);
#2373=ORIENTED_EDGE('',*,*,#2372,.F.);
#2375=ORIENTED_EDGE('',*,*,#2374,.F.);
#2377=ORIENTED_EDGE('',*,*,#2376,.F.);
#2378=EDGE_LOOP('',(#2371,#2373,#2375,#2377));
#2379=FACE_OUTER_BOUND('',#2378,.F.);
#2381=CARTESIAN_POINT('',(-2.8575E0,-3.175E-1,7.493E0));
#2382=DIRECTION('',(0.E0,-1.E0,0.E0));
#2383=DIRECTION('',(0.E0,0.E0,-1.E0));
#2384=AXIS2_PLACEMENT_3D('',#2381,#2382,#2383);
#2385=PLANE('',#2384);
#2386=ORIENTED_EDGE('',*,*,#1383,.F.);
#2387=ORIENTED_EDGE('',*,*,#2318,.F.);
#2389=ORIENTED_EDGE('',*,*,#2388,.T.);
#2390=ORIENTED_EDGE('',*,*,#2358,.T.);
#2391=EDGE_LOOP('',(#2386,#2387,#2389,#2390));
#2392=FACE_OUTER_BOUND('',#2391,.F.);
#2394=CARTESIAN_POINT('',(-2.8575E0,3.175E-1,7.493E0));
#2395=DIRECTION('',(0.E0,0.E0,1.E0));
#2396=DIRECTION('',(0.E0,-1.E0,0.E0));
#2397=AXIS2_PLACEMENT_3D('',#2394,#2395,#2396);
#2398=PLANE('',#2397);
#2399=ORIENTED_EDGE('',*,*,#2316,.F.);
#2400=ORIENTED_EDGE('',*,*,#2346,.T.);
#2401=ORIENTED_EDGE('',*,*,#2360,.T.);
#2402=ORIENTED_EDGE('',*,*,#2388,.F.);
#2403=EDGE_LOOP('',(#2399,#2400,#2401,#2402));
#2404=FACE_OUTER_BOUND('',#2403,.F.);
#2406=CARTESIAN_POINT('',(-2.8575E0,3.175E-1,-5.334E0));
#2407=DIRECTION('',(0.E0,1.E0,0.E0));
#2408=DIRECTION('',(0.E0,0.E0,1.E0));
#2409=AXIS2_PLACEMENT_3D('',#2406,#2407,#2408);
#2410=PLANE('',#2409);
#2411=ORIENTED_EDGE('',*,*,#1826,.F.);
#2412=ORIENTED_EDGE('',*,*,#2333,.F.);
#2414=ORIENTED_EDGE('',*,*,#2413,.T.);
#2415=ORIENTED_EDGE('',*,*,#2372,.T.);
#2416=EDGE_LOOP('',(#2411,#2412,#2414,#2415));
#2417=FACE_OUTER_BOUND('',#2416,.F.);
#2419=CARTESIAN_POINT('',(-2.8575E0,-3.175E-1,-5.334E0));
#2420=DIRECTION('',(0.E0,0.E0,-1.E0));
#2421=DIRECTION('',(0.E0,1.E0,0.E0));
#2422=AXIS2_PLACEMENT_3D('',#2419,#2420,#2421);
#2423=PLANE('',#2422);
#2424=ORIENTED_EDGE('',*,*,#2331,.F.);
#2426=ORIENTED_EDGE('',*,*,#2425,.T.);
#2427=ORIENTED_EDGE('',*,*,#2374,.T.);
#2428=ORIENTED_EDGE('',*,*,#2413,.F.);
#2429=EDGE_LOOP('',(#2424,#2426,#2427,#2428));
#2430=FACE_OUTER_BOUND('',#2429,.F.);
#2432=CARTESIAN_POINT('',(-2.8575E0,-3.175E-1,-2.032E0));
#2433=DIRECTION('',(0.E0,-1.E0,0.E0));
#2434=DIRECTION('',(0.E0,0.E0,-1.E0));
#2435=AXIS2_PLACEMENT_3D('',#2432,#2433,#2434);
#2436=PLANE('',#2435);
#2437=ORIENTED_EDGE('',*,*,#1830,.T.);
#2438=ORIENTED_EDGE('',*,*,#2376,.T.);
#2439=ORIENTED_EDGE('',*,*,#2425,.F.);
#2440=ORIENTED_EDGE('',*,*,#2329,.F.);
#2441=EDGE_LOOP('',(#2437,#2438,#2439,#2440));
#2442=FACE_OUTER_BOUND('',#2441,.F.);
#2444=CLOSED_SHELL('',(#1277,#1293,#1308,#1324,#1343,#1367,#1391,#1416,#1446,
#1484,#1501,#1517,#1530,#1543,#1557,#1593,#1607,#1621,#1636,#1650,#1666,#1683,
#1696,#1711,#1725,#1738,#1753,#1767,#1834,#1847,#1862,#1876,#1889,#1904,#1918,
#1930,#1944,#1957,#1970,#1983,#1996,#2009,#2022,#2035,#2050,#2065,#2079,#2093,
#2108,#2121,#2133,#2146,#2159,#2171,#2186,#2201,#2215,#2229,#2244,#2257,#2269,
#2282,#2295,#2307,#2322,#2337,#2351,#2365,#2380,#2393,#2405,#2418,#2431,#2443));
#2445=MANIFOLD_SOLID_BREP('',#2444);
#2448=PLANE_ANGLE_MEASURE_WITH_UNIT(PLANE_ANGLE_MEASURE(1.745329251994E-2),
#2447);
#2449=(CONVERSION_BASED_UNIT('DEGREE',#2448)NAMED_UNIT(*)PLANE_ANGLE_UNIT());
#2451=UNCERTAINTY_MEASURE_WITH_UNIT(LENGTH_MEASURE(1.494947605304E-3),#2446,
'distance_accuracy_value',
'Maximum model space distance between geometric entities at asserted connectivities');
#2454=APPLICATION_CONTEXT('automotive_design');
#2455=APPLICATION_PROTOCOL_DEFINITION('international standard',
'automotive_design',2001,#2454);
#2456=PRODUCT_DEFINITION_CONTEXT('part definition',#2454,'design');
#2457=PRODUCT_CONTEXT('',#2454,'mechanical');
#2458=PRODUCT('C-644884-3','C-644884-3','NOT SPECIFIED',(#2457));
#2459=PRODUCT_DEFINITION_FORMATION('1','LAST_VERSION',#2458);
#2467=DERIVED_UNIT_ELEMENT(#2466,2.E0);
#2468=DERIVED_UNIT((#2467));
#2469=MEASURE_REPRESENTATION_ITEM('surface area measure',AREA_MEASURE(
1.647024747519E2),#2468);
#2474=DERIVED_UNIT_ELEMENT(#2473,3.E0);
#2475=DERIVED_UNIT((#2474));
#2476=MEASURE_REPRESENTATION_ITEM('volume measure',VOLUME_MEASURE(
4.889837479123E1),#2475);
#2480=CARTESIAN_POINT('centre point',(6.024806181334E-14,-4.266639142195E-8,
-4.176463721507E-1));
#2485=DERIVED_UNIT_ELEMENT(#2484,2.E0);
#2486=DERIVED_UNIT((#2485));
#2487=MEASURE_REPRESENTATION_ITEM('surface area measure',AREA_MEASURE(
1.647024747519E2),#2486);
#2492=DERIVED_UNIT_ELEMENT(#2491,3.E0);
#2493=DERIVED_UNIT((#2492));
#2494=MEASURE_REPRESENTATION_ITEM('volume measure',VOLUME_MEASURE(
4.889837479123E1),#2493);
#2498=CARTESIAN_POINT('centre point',(6.024806181334E-14,-4.266639142195E-8,
-4.176463721507E-1));
#2503=PRODUCT_RELATED_PRODUCT_CATEGORY('part','',(#2458));
#2505=GENERAL_PROPERTY('','PART_NO','user defined attribute');
#2506=GENERAL_PROPERTY_ASSOCIATION('user defined attribute','',#2505,#2504);
#2507=DESCRIPTIVE_REPRESENTATION_ITEM('PART_NO','644884');
#2511=GENERAL_PROPERTY('','DWG_TITLE','user defined attribute');
#2512=GENERAL_PROPERTY_ASSOCIATION('user defined attribute','',#2511,#2510);
#2513=DESCRIPTIVE_REPRESENTATION_ITEM('DWG_TITLE',
'MTA-100 HEADER ASSEMBLY, NARROW,');
#2517=GENERAL_PROPERTY('','DWG_TITLE_2','user defined attribute');
#2518=GENERAL_PROPERTY_ASSOCIATION('user defined attribute','',#2517,#2516);
#2519=DESCRIPTIVE_REPRESENTATION_ITEM('DWG_TITLE_2',
'.025 SQUARE STRAIGHT POST, .000030 GOLD PLATED');
#2523=GENERAL_PROPERTY('','DESC','user defined attribute');
#2524=GENERAL_PROPERTY_ASSOCIATION('user defined attribute','',#2523,#2522);
#2525=DESCRIPTIVE_REPRESENTATION_ITEM('DESC',
'MTA-100 HEADER ASSEMBLY, NARROW, .025 SQUARE STRAIGHT POST, .000030 GOLD PLATED');
#2529=GENERAL_PROPERTY('','DOC_STATUS','user defined attribute');
#2530=GENERAL_PROPERTY_ASSOCIATION('user defined attribute','',#2529,#2528);
#2531=DESCRIPTIVE_REPRESENTATION_ITEM('DOC_STATUS','Active');
#2535=GENERAL_PROPERTY('','MOD_NUM','user defined attribute');
#2536=GENERAL_PROPERTY_ASSOCIATION('user defined attribute','',#2535,#2534);
#2537=DESCRIPTIVE_REPRESENTATION_ITEM('MOD_NUM','MOD60349');
#2541=GENERAL_PROPERTY('','PDMREV','user defined attribute');
#2542=GENERAL_PROPERTY_ASSOCIATION('user defined attribute','',#2541,#2540);
#2543=DESCRIPTIVE_REPRESENTATION_ITEM('PDMREV','0+');
#2547=GENERAL_PROPERTY('','PDMDB','user defined attribute');
#2548=GENERAL_PROPERTY_ASSOCIATION('user defined attribute','',#2547,#2546);
#2549=DESCRIPTIVE_REPRESENTATION_ITEM('PDMDB','');
#2553=GENERAL_PROPERTY('','PDMRL','user defined attribute');
#2554=GENERAL_PROPERTY_ASSOCIATION('user defined attribute','',#2553,#2552);
#2555=DESCRIPTIVE_REPRESENTATION_ITEM('PDMRL','');
#2559=GENERAL_PROPERTY('','PROI_REVISION','user defined attribute');
#2560=GENERAL_PROPERTY_ASSOCIATION('user defined attribute','',#2559,#2558);
#2561=DESCRIPTIVE_REPRESENTATION_ITEM('PROI_REVISION','');
#2565=GENERAL_PROPERTY('','PROI_VERSION','user defined attribute');
#2566=GENERAL_PROPERTY_ASSOCIATION('user defined attribute','',#2565,#2564);
#2567=DESCRIPTIVE_REPRESENTATION_ITEM('PROI_VERSION','0');
#2571=GENERAL_PROPERTY('','PROI_BRANCH','user defined attribute');
#2572=GENERAL_PROPERTY_ASSOCIATION('user defined attribute','',#2571,#2570);
#2573=DESCRIPTIVE_REPRESENTATION_ITEM('PROI_BRANCH','');
#2577=GENERAL_PROPERTY('','PROI_RELEASE','user defined attribute');
#2578=GENERAL_PROPERTY_ASSOCIATION('user defined attribute','',#2577,#2576);
#2579=DESCRIPTIVE_REPRESENTATION_ITEM('PROI_RELEASE','');
#2583=GENERAL_PROPERTY('','PTC_MODIFIED','user defined attribute');
#2584=GENERAL_PROPERTY_ASSOCIATION('user defined attribute','',#2583,#2582);
#2585=DESCRIPTIVE_REPRESENTATION_ITEM('PTC_MODIFIED','NO');
#2588=DESCRIPTIVE_REPRESENTATION_ITEM('attribute description','Yes No');
#2593=GENERAL_PROPERTY('','PROI_CREATED_BY','user defined attribute');
#2594=GENERAL_PROPERTY_ASSOCIATION('user defined attribute','',#2593,#2592);
#2595=DESCRIPTIVE_REPRESENTATION_ITEM('PROI_CREATED_BY','');
#2599=GENERAL_PROPERTY('','PROI_CREATED_ON','user defined attribute');
#2600=GENERAL_PROPERTY_ASSOCIATION('user defined attribute','',#2599,#2598);
#2601=DESCRIPTIVE_REPRESENTATION_ITEM('PROI_CREATED_ON',
'11/10/2008 11:23:08 AM');
#2605=GENERAL_PROPERTY('','PROI_LOCATION','user defined attribute');
#2606=GENERAL_PROPERTY_ASSOCIATION('user defined attribute','',#2605,#2604);
#2607=DESCRIPTIVE_REPRESENTATION_ITEM('PROI_LOCATION','');
#2611=GENERAL_PROPERTY('','PTC_COMMON_NAME','user defined attribute');
#2612=GENERAL_PROPERTY_ASSOCIATION('user defined attribute','',#2611,#2610);
#2613=DESCRIPTIVE_REPRESENTATION_ITEM('PTC_COMMON_NAME','c-644884-3.prt');
#2617=GENERAL_PROPERTY('','PTC_ORGANIZATION_ID','user defined attribute');
#2618=GENERAL_PROPERTY_ASSOCIATION('user defined attribute','',#2617,#2616);
#2619=DESCRIPTIVE_REPRESENTATION_ITEM('PTC_ORGANIZATION_ID','TE');
#2623=GENERAL_PROPERTY('','PTC_WM_REVISION','user defined attribute');
#2624=GENERAL_PROPERTY_ASSOCIATION('user defined attribute','',#2623,#2622);
#2625=DESCRIPTIVE_REPRESENTATION_ITEM('PTC_WM_REVISION','GN');
#2629=GENERAL_PROPERTY('','PTC_WM_ITERATION','user defined attribute');
#2630=GENERAL_PROPERTY_ASSOCIATION('user defined attribute','',#2629,#2628);
#2631=DESCRIPTIVE_REPRESENTATION_ITEM('PTC_WM_ITERATION','1');
#2635=GENERAL_PROPERTY('','PTC_WM_VERSION','user defined attribute');
#2636=GENERAL_PROPERTY_ASSOCIATION('user defined attribute','',#2635,#2634);
#2637=DESCRIPTIVE_REPRESENTATION_ITEM('PTC_WM_VERSION','GN.1');
#2641=GENERAL_PROPERTY('','PTC_WM_LIFECYCLE_STATE','user defined attribute');
#2642=GENERAL_PROPERTY_ASSOCIATION('user defined attribute','',#2641,#2640);
#2643=DESCRIPTIVE_REPRESENTATION_ITEM('PTC_WM_LIFECYCLE_STATE','Released');
#2647=GENERAL_PROPERTY('','PTC_WM_LIFECYCLE','user defined attribute');
#2648=GENERAL_PROPERTY_ASSOCIATION('user defined attribute','',#2647,#2646);
#2649=DESCRIPTIVE_REPRESENTATION_ITEM('PTC_WM_LIFECYCLE',
'TE Standard Lifecycle - Restricted Access');
#2653=GENERAL_PROPERTY('','PTC_WM_LOCATION','user defined attribute');
#2654=GENERAL_PROPERTY_ASSOCIATION('user defined attribute','',#2653,#2652);
#2655=DESCRIPTIVE_REPRESENTATION_ITEM('PTC_WM_LOCATION',
'/Libraries/CVM Library/Documentation/GPL-104');
#2659=GENERAL_PROPERTY('','PTC_WM_CREATED_BY','user defined attribute');
#2660=GENERAL_PROPERTY_ASSOCIATION('user defined attribute','',#2659,#2658);
#2661=DESCRIPTIVE_REPRESENTATION_ITEM('PTC_WM_CREATED_BY','A, Neelakandan');
#2665=GENERAL_PROPERTY('','PTC_WM_CREATED_ON','user defined attribute');
#2666=GENERAL_PROPERTY_ASSOCIATION('user defined attribute','',#2665,#2664);
#2667=DESCRIPTIVE_REPRESENTATION_ITEM('PTC_WM_CREATED_ON','17FEB2020');
#2671=GENERAL_PROPERTY('','PTC_WM_MODIFIED_BY','user defined attribute');
#2672=GENERAL_PROPERTY_ASSOCIATION('user defined attribute','',#2671,#2670);
#2673=DESCRIPTIVE_REPRESENTATION_ITEM('PTC_WM_MODIFIED_BY','A, Neelakandan');
#2677=GENERAL_PROPERTY('','PTC_WM_MODIFIED_ON','user defined attribute');
#2678=GENERAL_PROPERTY_ASSOCIATION('user defined attribute','',#2677,#2676);
#2679=DESCRIPTIVE_REPRESENTATION_ITEM('PTC_WM_MODIFIED_ON','17FEB2020');
#2683=GENERAL_PROPERTY('','PTC_WM_TEAM','user defined attribute');
#2684=GENERAL_PROPERTY_ASSOCIATION('user defined attribute','',#2683,#2682);
#2685=DESCRIPTIVE_REPRESENTATION_ITEM('PTC_WM_TEAM','Access Denied');
#2689=GENERAL_PROPERTY('','DOC_NUMBER','user defined attribute');
#2690=GENERAL_PROPERTY_ASSOCIATION('user defined attribute','',#2689,#2688);
#2691=DESCRIPTIVE_REPRESENTATION_ITEM('DOC_NUMBER','g-644884.prt');
#2695=GENERAL_PROPERTY('','EXPORT_RESTRICTED','user defined attribute');
#2696=GENERAL_PROPERTY_ASSOCIATION('user defined attribute','',#2695,#2694);
#2697=DESCRIPTIVE_REPRESENTATION_ITEM('EXPORT_RESTRICTED','NULL');
#2701=GENERAL_PROPERTY('','PART_REV','user defined attribute');
#2702=GENERAL_PROPERTY_ASSOCIATION('user defined attribute','',#2701,#2700);
#2703=DESCRIPTIVE_REPRESENTATION_ITEM('PART_REV','C');
#2707=GENERAL_PROPERTY('','COMMENTS','user defined attribute');
#2708=GENERAL_PROPERTY_ASSOCIATION('user defined attribute','',#2707,#2706);
#2709=DESCRIPTIVE_REPRESENTATION_ITEM('COMMENTS','-');
#1=DRAUGHTING_PRE_DEFINED_COLOUR('black');
#2=COLOUR_RGB('',0.E0,0.E0,3.6E-1);
#3=COLOUR_RGB('',0.E0,0.E0,4.8E-1);
#4=DRAUGHTING_PRE_DEFINED_COLOUR('blue');
#5=COLOUR_RGB('',0.E0,5.8824E-2,4.58824E-1);
#6=COLOUR_RGB('',0.E0,1.80392E-1,4.78431E-1);
#7=COLOUR_RGB('',0.E0,3.6E-1,9.E-2);
#8=COLOUR_RGB('',0.E0,3.6E-1,2.7E-1);
#9=COLOUR_RGB('',0.E0,5.6E-1,6.4E-1);
#10=COLOUR_RGB('',0.E0,5.8E-1,8.E-1);
#11=COLOUR_RGB('',0.E0,7.1E-1,6.6E-1);
#12=COLOUR_RGB('',0.E0,7.13E-1,0.E0);
#13=COLOUR_RGB('',0.E0,9.5E-1,8.4E-1);
#14=DRAUGHTING_PRE_DEFINED_COLOUR('green');
#15=DRAUGHTING_PRE_DEFINED_COLOUR('cyan');
#16=COLOUR_RGB('',1.1765E-2,1.9608E-2,3.9216E-2);
#17=COLOUR_RGB('',4.E-2,0.E0,1.6E-1);
#18=COLOUR_RGB('',3.9216E-2,2.19608E-1,1.21569E-1);
#19=COLOUR_RGB('',3.9216E-2,3.60784E-1,2.E-1);
#20=COLOUR_RGB('',5.098E-2,7.0588E-2,1.01961E-1);
#21=COLOUR_RGB('',9.E-2,0.E0,1.2E-1);
#22=COLOUR_RGB('',9.0196E-2,1.60784E-1,1.09804E-1);
#23=COLOUR_RGB('',9.0196E-2,3.80392E-1,6.70588E-1);
#24=COLOUR_RGB('',1.E-1,0.E0,2.5E-1);
#25=COLOUR_RGB('',1.01961E-1,4.78431E-1,3.88235E-1);
#26=COLOUR_RGB('',1.09804E-1,1.4902E-1,9.0196E-2);
#27=COLOUR_RGB('',1.4902E-1,3.09804E-1,5.29412E-1);
#28=COLOUR_RGB('',1.4902E-1,4.E-1,1.60784E-1);
#29=COLOUR_RGB('',1.6E-1,3.2E-2,0.E0);
#30=COLOUR_RGB('',1.60784E-1,4.5098E-1,7.21569E-1);
#31=COLOUR_RGB('',1.6E-1,4.6E-1,6.5E-1);
#32=COLOUR_RGB('',1.6E-1,1.E0,1.6E-1);
#33=COLOUR_RGB('',2.E-1,3.2E-2,0.E0);
#34=COLOUR_RGB('',2.11765E-1,4.11765E-1,1.4902E-1);
#35=COLOUR_RGB('',2.39216E-1,2.39216E-1,2.31373E-1);
#36=COLOUR_RGB('',2.39216E-1,2.70588E-1,1.80392E-1);
#37=COLOUR_RGB('',2.5098E-1,2.90196E-1,3.29412E-1);
#38=COLOUR_RGB('',2.90196E-1,4.31373E-1,2.E-1);
#39=COLOUR_RGB('',3.1E-1,3.1E-1,5.6E-1);
#40=COLOUR_RGB('',3.09804E-1,6.58824E-1,2.E-1);
#41=COLOUR_RGB('',3.2E-1,1.5E-1,0.E0);
#42=COLOUR_RGB('',3.60784E-1,3.1373E-2,1.68627E-1);
#43=COLOUR_RGB('',3.68627E-1,2.E-1,1.21569E-1);
#44=COLOUR_RGB('',3.88235E-1,2.39216E-1,6.11765E-1);
#45=COLOUR_RGB('',4.E-1,4.E-1,4.E-1);
#46=COLOUR_RGB('',4.11765E-1,5.8824E-2,7.8431E-2);
#47=COLOUR_RGB('',4.11765E-1,3.29412E-1,2.19608E-1);
#48=COLOUR_RGB('',4.2E-1,4.2E-1,1.E0);
#49=COLOUR_RGB('',4.4E-1,8.5E-1,1.E0);
#50=COLOUR_RGB('',4.58824E-1,4.5098E-1,3.09804E-1);
#51=COLOUR_RGB('',4.70588E-1,5.09804E-1,5.4902E-1);
#52=COLOUR_RGB('',4.78431E-1,4.90196E-1,4.58824E-1);
#53=COLOUR_RGB('',4.90196E-1,3.60784E-1,2.19608E-1);
#54=COLOUR_RGB('',4.9E-1,4.9E-1,0.E0);
#55=COLOUR_RGB('',4.9E-1,1.E0,0.E0);
#56=COLOUR_RGB('',5.E-1,0.E0,0.E0);
#57=COLOUR_RGB('',5.E-1,0.E0,2.3E-1);
#58=COLOUR_RGB('',5.E-1,5.E-1,5.E-1);
#59=COLOUR_RGB('',5.21569E-1,2.19608E-1,1.68627E-1);
#60=COLOUR_RGB('',5.3E-1,0.E0,0.E0);
#61=COLOUR_RGB('',5.29412E-1,5.80392E-1,6.5098E-1);
#62=COLOUR_RGB('',5.4E-1,0.E0,4.4E-1);
#63=COLOUR_RGB('',5.5E-1,3.E-1,0.E0);
#64=COLOUR_RGB('',5.6E-1,1.E-1,5.E-2);
#65=COLOUR_RGB('',5.60784E-1,5.80392E-1,6.19608E-1);
#66=COLOUR_RGB('',5.68627E-1,5.8824E-2,4.E-1);
#67=COLOUR_RGB('',5.8E-1,2.2E-1,1.E-2);
#68=COLOUR_RGB('',5.88235E-1,1.21569E-1,1.09804E-1);
#69=COLOUR_RGB('',6.E-1,6.E-1,6.E-1);
#70=COLOUR_RGB('',6.11765E-1,5.60784E-1,3.80392E-1);
#71=COLOUR_RGB('',6.11765E-1,6.11765E-1,6.5098E-1);
#72=COLOUR_RGB('',6.2E-1,0.E0,5.5E-1);
#73=COLOUR_RGB('',6.19608E-1,6.39216E-1,6.90196E-1);
#74=COLOUR_RGB('',6.35294E-1,6.86275E-1,7.4902E-1);
#75=COLOUR_RGB('',6.4E-1,0.E0,2.5E-1);
#76=COLOUR_RGB('',6.4E-1,1.E-2,0.E0);
#77=COLOUR_RGB('',6.39216E-1,5.4902E-1,4.78431E-1);
#78=COLOUR_RGB('',6.5098E-1,6.70588E-1,7.09804E-1);
#79=COLOUR_RGB('',6.70588E-1,1.21569E-1,1.09804E-1);
#80=COLOUR_RGB('',6.78431E-1,4.78431E-1,3.09804E-1);
#81=COLOUR_RGB('',6.8E-1,7.5E-1,1.E0);
#82=COLOUR_RGB('',7.09804E-1,7.0588E-2,2.E-1);
#83=COLOUR_RGB('',7.1E-1,3.1E-1,0.E0);
#84=COLOUR_RGB('',7.2E-1,7.2E-1,7.2E-1);
#85=COLOUR_RGB('',7.29412E-1,7.41176E-1,7.29412E-1);
#86=COLOUR_RGB('',7.41176E-1,7.29412E-1,6.70588E-1);
#87=COLOUR_RGB('',7.4E-1,1.E0,2.6E-1);
#88=COLOUR_RGB('',7.5E-1,3.E-2,0.E0);
#89=COLOUR_RGB('',7.4902E-1,8.90196E-1,7.29412E-1);
#90=COLOUR_RGB('',7.6E-1,0.E0,4.7E-1);
#91=COLOUR_RGB('',7.80392E-1,9.0196E-2,7.0588E-2);
#92=COLOUR_RGB('',7.88235E-1,2.19608E-1,5.4902E-1);
#93=COLOUR_RGB('',8.1E-1,4.E-2,0.E0);
#94=COLOUR_RGB('',8.1E-1,6.1E-1,0.E0);
#95=COLOUR_RGB('',8.2E-1,4.E-2,6.6E-1);
#96=COLOUR_RGB('',8.31373E-1,8.5098E-1,8.58824E-1);
#97=COLOUR_RGB('',8.5098E-1,7.29412E-1,5.4902E-1);
#98=COLOUR_RGB('',8.5E-1,8.5E-1,8.5E-1);
#99=COLOUR_RGB('',8.78431E-1,3.68627E-1,1.21569E-1);
#100=COLOUR_RGB('',8.784E-1,9.49E-1,1.E0);
#101=COLOUR_RGB('',8.90196E-1,5.88235E-1,1.41176E-1);
#102=COLOUR_RGB('',9.E-1,1.E0,0.E0);
#103=COLOUR_RGB('',9.09804E-1,6.11765E-1,7.09804E-1);
#104=COLOUR_RGB('',9.37E-1,7.85E-1,0.E0);
#105=COLOUR_RGB('',9.41176E-1,9.29412E-1,9.01961E-1);
#106=COLOUR_RGB('',9.5E-1,2.2E-1,8.1E-1);
#107=COLOUR_RGB('',9.6E-1,3.7E-1,3.E-1);
#108=COLOUR_RGB('',9.6E-1,7.1E-1,3.75E-1);
#109=COLOUR_RGB('',9.80392E-1,1.E0,1.E0);
#110=COLOUR_RGB('',9.88235E-1,1.09804E-1,7.8431E-2);
#111=COLOUR_RGB('',9.88235E-1,7.21569E-1,1.29412E-1);
#112=COLOUR_RGB('',9.88235E-1,9.21569E-1,8.E-1);
#113=DRAUGHTING_PRE_DEFINED_COLOUR('red');
#114=COLOUR_RGB('',1.E0,0.E0,6.1E-1);
#115=COLOUR_RGB('',1.E0,4.E-2,0.E0);
#116=COLOUR_RGB('',1.E0,2.3E-1,0.E0);
#117=COLOUR_RGB('',1.E0,3.5E-1,5.2E-1);
#118=COLOUR_RGB('',1.E0,3.6E-1,0.E0);
#119=COLOUR_RGB('',1.E0,3.88235E-1,2.11765E-1);
#120=COLOUR_RGB('',1.E0,4.9E-1,3.7E-1);
#121=COLOUR_RGB('',1.E0,5.E-1,0.E0);
#122=COLOUR_RGB('',1.E0,5.6E-1,7.8E-1);
#123=COLOUR_RGB('',1.E0,6.4E-1,4.9E-1);
#124=COLOUR_RGB('',1.E0,6.7E-1,0.E0);
#125=COLOUR_RGB('',1.E0,7.6E-1,6.5E-1);
#126=COLOUR_RGB('',1.E0,8.39216E-1,3.01961E-1);
#127=COLOUR_RGB('',1.E0,8.6E-1,4.E-2);
#128=COLOUR_RGB('',1.E0,9.60784E-1,2.58824E-1);
#129=COLOUR_RGB('',1.E0,9.60784E-1,8.90196E-1);
#130=COLOUR_RGB('',1.E0,9.8E-1,7.2E-1);
#131=DRAUGHTING_PRE_DEFINED_COLOUR('yellow');
#132=COLOUR_RGB('',1.E0,1.E0,3.9216E-2);
#133=DRAUGHTING_PRE_DEFINED_COLOUR('white');
#138=CIRCLE('',#137,3.81E-1);
#147=CIRCLE('',#146,3.81E-1);
#164=CIRCLE('',#163,3.81E-1);
#173=CIRCLE('',#172,3.81E-1);
#194=B_SPLINE_CURVE_WITH_KNOTS('',3,(#186,#187,#188,#189,#190,#191,#192,#193),
.UNSPECIFIED.,.F.,.F.,(4,1,1,1,1,4),(0.E0,2.5E-1,5.E-1,7.5E-1,8.75E-1,1.E0),
.UNSPECIFIED.);
#207=B_SPLINE_CURVE_WITH_KNOTS('',3,(#199,#200,#201,#202,#203,#204,#205,#206),
.UNSPECIFIED.,.F.,.F.,(4,1,1,1,1,4),(0.E0,2.5E-1,5.E-1,7.5E-1,8.75E-1,1.E0),
.UNSPECIFIED.);
#220=B_SPLINE_CURVE_WITH_KNOTS('',3,(#212,#213,#214,#215,#216,#217,#218,#219),
.UNSPECIFIED.,.F.,.F.,(4,1,1,1,1,4),(0.E0,2.5E-1,5.E-1,7.5E-1,8.75E-1,1.E0),
.UNSPECIFIED.);
#233=B_SPLINE_CURVE_WITH_KNOTS('',3,(#225,#226,#227,#228,#229,#230,#231,#232),
.UNSPECIFIED.,.F.,.F.,(4,1,1,1,1,4),(0.E0,2.5E-1,5.E-1,7.5E-1,8.75E-1,1.E0),
.UNSPECIFIED.);
#318=CIRCLE('',#317,3.81E-1);
#335=CIRCLE('',#334,3.81E-1);
#344=CIRCLE('',#343,3.81E-1);
#361=CIRCLE('',#360,3.81E-1);
#430=B_SPLINE_CURVE_WITH_KNOTS('',3,(#422,#423,#424,#425,#426,#427,#428,#429),
.UNSPECIFIED.,.F.,.F.,(4,1,1,1,1,4),(0.E0,1.25E-1,2.5E-1,5.E-1,7.5E-1,1.E0),
.UNSPECIFIED.);
#443=B_SPLINE_CURVE_WITH_KNOTS('',3,(#435,#436,#437,#438,#439,#440,#441,#442),
.UNSPECIFIED.,.F.,.F.,(4,1,1,1,1,4),(0.E0,1.25E-1,2.5E-1,5.E-1,7.5E-1,1.E0),
.UNSPECIFIED.);
#456=B_SPLINE_CURVE_WITH_KNOTS('',3,(#448,#449,#450,#451,#452,#453,#454,#455),
.UNSPECIFIED.,.F.,.F.,(4,1,1,1,1,4),(0.E0,1.25E-1,2.5E-1,5.E-1,7.5E-1,1.E0),
.UNSPECIFIED.);
#469=B_SPLINE_CURVE_WITH_KNOTS('',3,(#461,#462,#463,#464,#465,#466,#467,#468),
.UNSPECIFIED.,.F.,.F.,(4,1,1,1,1,4),(0.E0,1.25E-1,2.5E-1,5.E-1,7.5E-1,1.E0),
.UNSPECIFIED.);
#582=CIRCLE('',#581,3.81E-1);
#591=CIRCLE('',#590,3.81E-1);
#600=CIRCLE('',#599,3.81E-1);
#605=CIRCLE('',#604,3.81E-1);
#690=CIRCLE('',#689,3.81E-1);
#699=CIRCLE('',#698,3.81E-1);
#708=CIRCLE('',#707,3.81E-1);
#713=CIRCLE('',#712,3.81E-1);
#1251=EDGE_CURVE('',#995,#984,#138,.T.);
#1253=EDGE_CURVE('',#984,#985,#142,.T.);
#1255=EDGE_CURVE('',#985,#988,#147,.T.);
#1257=EDGE_CURVE('',#988,#989,#151,.T.);
#1259=EDGE_CURVE('',#989,#1011,#155,.T.);
#1261=EDGE_CURVE('',#1011,#1013,#159,.T.);
#1263=EDGE_CURVE('',#1013,#1015,#164,.T.);
#1265=EDGE_CURVE('',#1015,#1017,#168,.T.);
#1267=EDGE_CURVE('',#1017,#1019,#173,.T.);
#1269=EDGE_CURVE('',#1019,#992,#177,.T.);
#1271=EDGE_CURVE('',#992,#993,#181,.T.);
#1273=EDGE_CURVE('',#993,#995,#185,.T.);
#1277=ADVANCED_FACE('',(#1276),#1250,.F.);
#1283=EDGE_CURVE('',#1145,#1132,#194,.T.);
#1285=EDGE_CURVE('',#1145,#1009,#198,.T.);
#1287=EDGE_CURVE('',#1009,#998,#318,.T.);
#1289=EDGE_CURVE('',#1132,#998,#245,.T.);
#1293=ADVANCED_FACE('',(#1292),#1282,.T.);
#1299=EDGE_CURVE('',#1218,#1188,#207,.T.);
#1301=EDGE_CURVE('',#984,#1188,#253,.T.);
#1304=EDGE_CURVE('',#995,#1218,#211,.T.);
#1308=ADVANCED_FACE('',(#1307),#1298,.T.);
#1314=EDGE_CURVE('',#1221,#1192,#220,.T.);
#1316=EDGE_CURVE('',#1221,#1142,#224,.T.);
#1318=EDGE_CURVE('',#1142,#1128,#233,.T.);
#1320=EDGE_CURVE('',#1192,#1128,#261,.T.);
#1324=ADVANCED_FACE('',(#1323),#1313,.T.);
#1330=EDGE_CURVE('',#1132,#1133,#241,.T.);
#1332=EDGE_CURVE('',#1133,#1139,#430,.T.);
#1334=EDGE_CURVE('',#1137,#1139,#489,.T.);
#1336=EDGE_CURVE('',#1137,#1143,#237,.T.);
#1338=EDGE_CURVE('',#1143,#1145,#409,.T.);
#1343=ADVANCED_FACE('',(#1342),#1329,.F.);
#1351=EDGE_CURVE('',#998,#999,#365,.T.);
#1353=EDGE_CURVE('',#1133,#999,#434,.T.);
#1357=EDGE_CURVE('',#1048,#1049,#269,.T.);
#1359=EDGE_CURVE('',#1048,#1052,#273,.T.);
#1361=EDGE_CURVE('',#1052,#1053,#277,.T.);
#1363=EDGE_CURVE('',#1049,#1053,#281,.T.);
#1367=ADVANCED_FACE('',(#1356,#1366),#1348,.T.);
#1373=EDGE_CURVE('',#1188,#1189,#249,.T.);
#1375=EDGE_CURVE('',#985,#1189,#447,.T.);
#1381=EDGE_CURVE('',#1112,#1113,#301,.T.);
#1383=EDGE_CURVE('',#1112,#1116,#305,.T.);
#1385=EDGE_CURVE('',#1116,#1117,#309,.T.);
#1387=EDGE_CURVE('',#1113,#1117,#313,.T.);
#1391=ADVANCED_FACE('',(#1380,#1390),#1372,.T.);
#1397=EDGE_CURVE('',#1192,#1193,#257,.T.);
#1400=EDGE_CURVE('',#1128,#1129,#265,.T.);
#1402=EDGE_CURVE('',#1193,#1129,#460,.T.);
#1406=EDGE_CURVE('',#1080,#1081,#285,.T.);
#1408=EDGE_CURVE('',#1080,#1084,#289,.T.);
#1410=EDGE_CURVE('',#1084,#1085,#293,.T.);
#1412=EDGE_CURVE('',#1081,#1085,#297,.T.);
#1416=ADVANCED_FACE('',(#1405,#1415),#1396,.T.);
#1423=EDGE_CURVE('',#1007,#1009,#322,.T.);
#1425=EDGE_CURVE('',#1006,#1007,#326,.T.);
#1427=EDGE_CURVE('',#1029,#1006,#330,.T.);
#1429=EDGE_CURVE('',#1027,#1029,#335,.T.);
#1431=EDGE_CURVE('',#1025,#1027,#339,.T.);
#1433=EDGE_CURVE('',#1023,#1025,#344,.T.);
#1435=EDGE_CURVE('',#1021,#1023,#348,.T.);
#1437=EDGE_CURVE('',#1003,#1021,#352,.T.);
#1439=EDGE_CURVE('',#1002,#1003,#356,.T.);
#1441=EDGE_CURVE('',#999,#1002,#361,.T.);
#1446=ADVANCED_FACE('',(#1445),#1421,.T.);
#1452=EDGE_CURVE('',#1218,#1219,#369,.T.);
#1456=EDGE_CURVE('',#993,#1215,#373,.T.);
#1458=EDGE_CURVE('',#1215,#1225,#377,.T.);
#1460=EDGE_CURVE('',#1223,#1225,#381,.T.);
#1462=EDGE_CURVE('',#1211,#1223,#385,.T.);
#1464=EDGE_CURVE('',#1211,#1161,#389,.T.);
#1466=EDGE_CURVE('',#1161,#1165,#393,.T.);
#1468=EDGE_CURVE('',#1163,#1165,#397,.T.);
#1470=EDGE_CURVE('',#1157,#1163,#401,.T.);
#1472=EDGE_CURVE('',#1157,#1007,#405,.T.);
#1477=EDGE_CURVE('',#1142,#1143,#413,.T.);
#1480=EDGE_CURVE('',#1219,#1221,#417,.T.);
#1484=ADVANCED_FACE('',(#1483),#1451,.T.);
#1493=EDGE_CURVE('',#1197,#1219,#421,.T.);
#1495=EDGE_CURVE('',#1196,#1197,#473,.T.);
#1497=EDGE_CURVE('',#1189,#1196,#443,.T.);
#1501=ADVANCED_FACE('',(#1500),#1489,.F.);
#1508=EDGE_CURVE('',#1193,#1199,#456,.T.);
#1510=EDGE_CURVE('',#1197,#1199,#477,.T.);
#1517=ADVANCED_FACE('',(#1516),#1506,.F.);
#1526=EDGE_CURVE('',#1139,#1002,#493,.T.);
#1530=ADVANCED_FACE('',(#1529),#1522,.T.);
#1537=EDGE_CURVE('',#988,#1196,#521,.T.);
#1543=ADVANCED_FACE('',(#1542),#1535,.T.);
#1551=EDGE_CURVE('',#1129,#1136,#469,.T.);
#1553=EDGE_CURVE('',#1199,#1136,#481,.T.);
#1557=ADVANCED_FACE('',(#1556),#1548,.T.);
#1566=EDGE_CURVE('',#1136,#1137,#485,.T.);
#1571=EDGE_CURVE('',#1148,#1003,#529,.T.);
#1573=EDGE_CURVE('',#1148,#1149,#497,.T.);
#1575=EDGE_CURVE('',#1149,#1151,#501,.T.);
#1577=EDGE_CURVE('',#1153,#1151,#505,.T.);
#1579=EDGE_CURVE('',#1202,#1153,#537,.T.);
#1581=EDGE_CURVE('',#1202,#1203,#509,.T.);
#1583=EDGE_CURVE('',#1203,#1205,#513,.T.);
#1585=EDGE_CURVE('',#1207,#1205,#517,.T.);
#1587=EDGE_CURVE('',#989,#1207,#549,.T.);
#1593=ADVANCED_FACE('',(#1592),#1562,.T.);
#1607=ADVANCED_FACE('',(#1606),#1598,.F.);
#1613=EDGE_CURVE('',#1148,#1167,#525,.T.);
#1617=EDGE_CURVE('',#1167,#1021,#557,.T.);
#1621=ADVANCED_FACE('',(#1620),#1612,.T.);
#1627=EDGE_CURVE('',#1202,#1227,#533,.T.);
#1630=EDGE_CURVE('',#1153,#1169,#541,.T.);
#1632=EDGE_CURVE('',#1227,#1169,#565,.T.);
#1636=ADVANCED_FACE('',(#1635),#1626,.T.);
#1642=EDGE_CURVE('',#1207,#1229,#545,.T.);
#1644=EDGE_CURVE('',#1011,#1229,#577,.T.);
#1650=ADVANCED_FACE('',(#1649),#1641,.T.);
#1658=EDGE_CURVE('',#1167,#1171,#553,.T.);
#1660=EDGE_CURVE('',#1175,#1171,#582,.T.);
#1662=EDGE_CURVE('',#1149,#1175,#629,.T.);
#1666=ADVANCED_FACE('',(#1665),#1655,.F.);
#1672=EDGE_CURVE('',#1156,#1157,#749,.T.);
#1675=EDGE_CURVE('',#1181,#1163,#637,.T.);
#1677=EDGE_CURVE('',#1180,#1181,#690,.T.);
#1679=EDGE_CURVE('',#1180,#1156,#721,.T.);
#1683=ADVANCED_FACE('',(#1682),#1671,.F.);
#1692=EDGE_CURVE('',#1171,#1023,#586,.T.);
#1696=ADVANCED_FACE('',(#1695),#1688,.T.);
#1702=EDGE_CURVE('',#1227,#1231,#561,.T.);
#1705=EDGE_CURVE('',#1169,#1173,#569,.T.);
#1707=EDGE_CURVE('',#1231,#1173,#595,.T.);
#1711=ADVANCED_FACE('',(#1710),#1701,.T.);
#1717=EDGE_CURVE('',#1229,#1233,#573,.T.);
#1719=EDGE_CURVE('',#1013,#1233,#609,.T.);
#1725=ADVANCED_FACE('',(#1724),#1716,.T.);
#1734=EDGE_CURVE('',#1175,#1025,#633,.T.);
#1738=ADVANCED_FACE('',(#1737),#1730,.F.);
#1744=EDGE_CURVE('',#1235,#1231,#591,.T.);
#1747=EDGE_CURVE('',#1177,#1173,#600,.T.);
#1749=EDGE_CURVE('',#1235,#1177,#625,.T.);
#1753=ADVANCED_FACE('',(#1752),#1743,.F.);
#1759=EDGE_CURVE('',#1237,#1233,#605,.T.);
#1761=EDGE_CURVE('',#1015,#1237,#617,.T.);
#1767=ADVANCED_FACE('',(#1766),#1758,.F.);
#1773=EDGE_CURVE('',#1241,#1185,#703,.T.);
#1775=EDGE_CURVE('',#1241,#1223,#613,.T.);
#1778=EDGE_CURVE('',#1245,#1225,#789,.T.);
#1780=EDGE_CURVE('',#1017,#1245,#717,.T.);
#1784=EDGE_CURVE('',#1205,#1237,#785,.T.);
#1787=EDGE_CURVE('',#1203,#1235,#621,.T.);
#1790=EDGE_CURVE('',#1151,#1177,#777,.T.);
#1796=EDGE_CURVE('',#1181,#1027,#694,.T.);
#1800=EDGE_CURVE('',#1185,#1165,#781,.T.);
#1804=EDGE_CURVE('',#1056,#1057,#641,.T.);
#1806=EDGE_CURVE('',#1057,#1061,#645,.T.);
#1808=EDGE_CURVE('',#1060,#1061,#649,.T.);
#1810=EDGE_CURVE('',#1056,#1060,#653,.T.);
#1814=EDGE_CURVE('',#1088,#1089,#657,.T.);
#1816=EDGE_CURVE('',#1089,#1093,#661,.T.);
#1818=EDGE_CURVE('',#1092,#1093,#665,.T.);
#1820=EDGE_CURVE('',#1088,#1092,#669,.T.);
#1824=EDGE_CURVE('',#1120,#1121,#673,.T.);
#1826=EDGE_CURVE('',#1121,#1125,#677,.T.);
#1828=EDGE_CURVE('',#1124,#1125,#681,.T.);
#1830=EDGE_CURVE('',#1120,#1124,#685,.T.);
#1834=ADVANCED_FACE('',(#1803,#1813,#1823,#1833),#1772,.T.);
#1843=EDGE_CURVE('',#1180,#1029,#725,.T.);
#1847=ADVANCED_FACE('',(#1846),#1839,.F.);
#1853=EDGE_CURVE('',#1240,#1241,#699,.T.);
#1856=EDGE_CURVE('',#1184,#1185,#708,.T.);
#1858=EDGE_CURVE('',#1240,#1184,#733,.T.);
#1862=ADVANCED_FACE('',(#1861),#1852,.F.);
#1868=EDGE_CURVE('',#1244,#1245,#713,.T.);
#1870=EDGE_CURVE('',#1019,#1244,#745,.T.);
#1876=ADVANCED_FACE('',(#1875),#1867,.F.);
#1885=EDGE_CURVE('',#1156,#1006,#753,.T.);
#1889=ADVANCED_FACE('',(#1888),#1881,.T.);
#1895=EDGE_CURVE('',#1240,#1210,#729,.T.);
#1898=EDGE_CURVE('',#1184,#1160,#737,.T.);
#1900=EDGE_CURVE('',#1210,#1160,#761,.T.);
#1904=ADVANCED_FACE('',(#1903),#1894,.T.);
#1910=EDGE_CURVE('',#1244,#1214,#741,.T.);
#1912=EDGE_CURVE('',#992,#1214,#773,.T.);
#1918=ADVANCED_FACE('',(#1917),#1909,.T.);
#1930=ADVANCED_FACE('',(#1929),#1923,.T.);
#1936=EDGE_CURVE('',#1210,#1211,#757,.T.);
#1939=EDGE_CURVE('',#1160,#1161,#765,.T.);
#1944=ADVANCED_FACE('',(#1943),#1935,.T.);
#1950=EDGE_CURVE('',#1214,#1215,#769,.T.);
#1957=ADVANCED_FACE('',(#1956),#1949,.T.);
#1970=ADVANCED_FACE('',(#1969),#1962,.F.);
#1983=ADVANCED_FACE('',(#1982),#1975,.F.);
#1996=ADVANCED_FACE('',(#1995),#1988,.F.);
#2009=ADVANCED_FACE('',(#2008),#2001,.F.);
#2022=ADVANCED_FACE('',(#2021),#2014,.F.);
#2035=ADVANCED_FACE('',(#2034),#2027,.F.);
#2042=EDGE_CURVE('',#1049,#1032,#793,.T.);
#2044=EDGE_CURVE('',#1032,#1033,#797,.T.);
#2046=EDGE_CURVE('',#1033,#1048,#801,.T.);
#2050=ADVANCED_FACE('',(#2049),#2040,.F.);
#2057=EDGE_CURVE('',#1056,#1036,#805,.T.);
#2059=EDGE_CURVE('',#1036,#1037,#809,.T.);
#2061=EDGE_CURVE('',#1037,#1057,#813,.T.);
#2065=ADVANCED_FACE('',(#2064),#2055,.F.);
#2072=EDGE_CURVE('',#1053,#1040,#825,.T.);
#2074=EDGE_CURVE('',#1032,#1040,#845,.T.);
#2079=ADVANCED_FACE('',(#2078),#2070,.T.);
#2086=EDGE_CURVE('',#1041,#1052,#817,.T.);
#2088=EDGE_CURVE('',#1040,#1041,#821,.T.);
#2093=ADVANCED_FACE('',(#2092),#2084,.T.);
#2100=EDGE_CURVE('',#1045,#1061,#829,.T.);
#2102=EDGE_CURVE('',#1044,#1045,#833,.T.);
#2104=EDGE_CURVE('',#1060,#1044,#837,.T.);
#2108=ADVANCED_FACE('',(#2107),#2098,.T.);
#2116=EDGE_CURVE('',#1033,#1041,#841,.T.);
#2121=ADVANCED_FACE('',(#2120),#2113,.T.);
#2133=ADVANCED_FACE('',(#2132),#2126,.T.);
#2141=EDGE_CURVE('',#1037,#1045,#849,.T.);
#2146=ADVANCED_FACE('',(#2145),#2138,.T.);
#2153=EDGE_CURVE('',#1036,#1044,#853,.T.);
#2159=ADVANCED_FACE('',(#2158),#2151,.T.);
#2171=ADVANCED_FACE('',(#2170),#2164,.T.);
#2178=EDGE_CURVE('',#1081,#1064,#857,.T.);
#2180=EDGE_CURVE('',#1064,#1065,#861,.T.);
#2182=EDGE_CURVE('',#1065,#1080,#865,.T.);
#2186=ADVANCED_FACE('',(#2185),#2176,.F.);
#2193=EDGE_CURVE('',#1088,#1068,#869,.T.);
#2195=EDGE_CURVE('',#1068,#1069,#873,.T.);
#2197=EDGE_CURVE('',#1069,#1089,#877,.T.);
#2201=ADVANCED_FACE('',(#2200),#2191,.F.);
#2208=EDGE_CURVE('',#1085,#1072,#889,.T.);
#2210=EDGE_CURVE('',#1064,#1072,#909,.T.);
#2215=ADVANCED_FACE('',(#2214),#2206,.T.);
#2222=EDGE_CURVE('',#1073,#1084,#881,.T.);
#2224=EDGE_CURVE('',#1072,#1073,#885,.T.);
#2229=ADVANCED_FACE('',(#2228),#2220,.T.);
#2236=EDGE_CURVE('',#1077,#1093,#893,.T.);
#2238=EDGE_CURVE('',#1076,#1077,#897,.T.);
#2240=EDGE_CURVE('',#1092,#1076,#901,.T.);
#2244=ADVANCED_FACE('',(#2243),#2234,.T.);
#2252=EDGE_CURVE('',#1065,#1073,#905,.T.);
#2257=ADVANCED_FACE('',(#2256),#2249,.T.);
#2269=ADVANCED_FACE('',(#2268),#2262,.T.);
#2277=EDGE_CURVE('',#1069,#1077,#913,.T.);
#2282=ADVANCED_FACE('',(#2281),#2274,.T.);
#2289=EDGE_CURVE('',#1068,#1076,#917,.T.);
#2295=ADVANCED_FACE('',(#2294),#2287,.T.);
#2307=ADVANCED_FACE('',(#2306),#2300,.T.);
#2314=EDGE_CURVE('',#1113,#1096,#921,.T.);
#2316=EDGE_CURVE('',#1096,#1097,#925,.T.);
#2318=EDGE_CURVE('',#1097,#1112,#929,.T.);
#2322=ADVANCED_FACE('',(#2321),#2312,.F.);
#2329=EDGE_CURVE('',#1120,#1100,#933,.T.);
#2331=EDGE_CURVE('',#1100,#1101,#937,.T.);
#2333=EDGE_CURVE('',#1101,#1121,#941,.T.);
#2337=ADVANCED_FACE('',(#2336),#2327,.F.);
#2344=EDGE_CURVE('',#1117,#1104,#953,.T.);
#2346=EDGE_CURVE('',#1096,#1104,#973,.T.);
#2351=ADVANCED_FACE('',(#2350),#2342,.T.);
#2358=EDGE_CURVE('',#1105,#1116,#945,.T.);
#2360=EDGE_CURVE('',#1104,#1105,#949,.T.);
#2365=ADVANCED_FACE('',(#2364),#2356,.T.);
#2372=EDGE_CURVE('',#1109,#1125,#957,.T.);
#2374=EDGE_CURVE('',#1108,#1109,#961,.T.);
#2376=EDGE_CURVE('',#1124,#1108,#965,.T.);
#2380=ADVANCED_FACE('',(#2379),#2370,.T.);
#2388=EDGE_CURVE('',#1097,#1105,#969,.T.);
#2393=ADVANCED_FACE('',(#2392),#2385,.T.);
#2405=ADVANCED_FACE('',(#2404),#2398,.T.);
#2413=EDGE_CURVE('',#1101,#1109,#977,.T.);
#2418=ADVANCED_FACE('',(#2417),#2410,.T.);
#2425=EDGE_CURVE('',#1100,#1108,#981,.T.);
#2431=ADVANCED_FACE('',(#2430),#2423,.T.);
#2443=ADVANCED_FACE('',(#2442),#2436,.T.);
#2446=(LENGTH_UNIT()NAMED_UNIT(*)SI_UNIT(.MILLI.,.METRE.));
#2447=(NAMED_UNIT(*)PLANE_ANGLE_UNIT()SI_UNIT($,.RADIAN.));
#2450=(NAMED_UNIT(*)SI_UNIT($,.STERADIAN.)SOLID_ANGLE_UNIT());
#2452=(GEOMETRIC_REPRESENTATION_CONTEXT(3)GLOBAL_UNCERTAINTY_ASSIGNED_CONTEXT((
#2451))GLOBAL_UNIT_ASSIGNED_CONTEXT((#2446,#2449,#2450))REPRESENTATION_CONTEXT(
'ID1','3'));
#2453=ADVANCED_BREP_SHAPE_REPRESENTATION('',(#2445),#2452);
#2460=PRODUCT_DEFINITION('part definition','',#2459,#2456);
#2461=PRODUCT_DEFINITION_SHAPE('','SHAPE FOR C-644884-3.',#2460);
#2462=SHAPE_ASPECT('','solid data associated with C-644884-3',#2461,.F.);
#2463=PROPERTY_DEFINITION('',
'shape for solid data with which properties are associated',#2462);
#2464=SHAPE_REPRESENTATION('',(#2445),#2452);
#2465=SHAPE_DEFINITION_REPRESENTATION(#2463,#2464);
#2466=(LENGTH_UNIT()NAMED_UNIT(*)SI_UNIT(.MILLI.,.METRE.));
#2470=PROPERTY_DEFINITION('geometric validation property','area of C-644884-3',
#2462);
#2471=REPRESENTATION('surface area',(#2469),#2452);
#2472=PROPERTY_DEFINITION_REPRESENTATION(#2470,#2471);
#2473=(LENGTH_UNIT()NAMED_UNIT(*)SI_UNIT(.MILLI.,.METRE.));
#2477=PROPERTY_DEFINITION('geometric validation property',
'volume of C-644884-3',#2462);
#2478=REPRESENTATION('volume',(#2476),#2452);
#2479=PROPERTY_DEFINITION_REPRESENTATION(#2477,#2478);
#2481=PROPERTY_DEFINITION('geometric validation property',
'centroid of C-644884-3',#2462);
#2482=REPRESENTATION('centroid',(#2480),#2452);
#2483=PROPERTY_DEFINITION_REPRESENTATION(#2481,#2482);
#2484=(LENGTH_UNIT()NAMED_UNIT(*)SI_UNIT(.MILLI.,.METRE.));
#2488=PROPERTY_DEFINITION('geometric validation property','area of C-644884-3',
#2461);
#2489=REPRESENTATION('surface area',(#2487),#2452);
#2490=PROPERTY_DEFINITION_REPRESENTATION(#2488,#2489);
#2491=(LENGTH_UNIT()NAMED_UNIT(*)SI_UNIT(.MILLI.,.METRE.));
#2495=PROPERTY_DEFINITION('geometric validation property',
'volume of C-644884-3',#2461);
#2496=REPRESENTATION('volume',(#2494),#2452);
#2497=PROPERTY_DEFINITION_REPRESENTATION(#2495,#2496);
#2499=PROPERTY_DEFINITION('geometric validation property',
'centroid of C-644884-3',#2461);
#2500=REPRESENTATION('centroid',(#2498),#2452);
#2501=PROPERTY_DEFINITION_REPRESENTATION(#2499,#2500);
#2502=SHAPE_DEFINITION_REPRESENTATION(#2461,#2453);
#2504=PROPERTY_DEFINITION('PART_NO','user defined attribute',#2460);
#2508=REPRESENTATION('',(#2507),#2452);
#2509=PROPERTY_DEFINITION_REPRESENTATION(#2504,#2508);
#2510=PROPERTY_DEFINITION('DWG_TITLE','user defined attribute',#2460);
#2514=REPRESENTATION('',(#2513),#2452);
#2515=PROPERTY_DEFINITION_REPRESENTATION(#2510,#2514);
#2516=PROPERTY_DEFINITION('DWG_TITLE_2','user defined attribute',#2460);
#2520=REPRESENTATION('',(#2519),#2452);
#2521=PROPERTY_DEFINITION_REPRESENTATION(#2516,#2520);
#2522=PROPERTY_DEFINITION('DESC','user defined attribute',#2460);
#2526=REPRESENTATION('',(#2525),#2452);
#2527=PROPERTY_DEFINITION_REPRESENTATION(#2522,#2526);
#2528=PROPERTY_DEFINITION('DOC_STATUS','user defined attribute',#2460);
#2532=REPRESENTATION('',(#2531),#2452);
#2533=PROPERTY_DEFINITION_REPRESENTATION(#2528,#2532);
#2534=PROPERTY_DEFINITION('MOD_NUM','user defined attribute',#2460);
#2538=REPRESENTATION('',(#2537),#2452);
#2539=PROPERTY_DEFINITION_REPRESENTATION(#2534,#2538);
#2540=PROPERTY_DEFINITION('PDMREV','user defined attribute',#2460);
#2544=REPRESENTATION('',(#2543),#2452);
#2545=PROPERTY_DEFINITION_REPRESENTATION(#2540,#2544);
#2546=PROPERTY_DEFINITION('PDMDB','user defined attribute',#2460);
#2550=REPRESENTATION('',(#2549),#2452);
#2551=PROPERTY_DEFINITION_REPRESENTATION(#2546,#2550);
#2552=PROPERTY_DEFINITION('PDMRL','user defined attribute',#2460);
#2556=REPRESENTATION('',(#2555),#2452);
#2557=PROPERTY_DEFINITION_REPRESENTATION(#2552,#2556);
#2558=PROPERTY_DEFINITION('PROI_REVISION','user defined attribute',#2460);
#2562=REPRESENTATION('',(#2561),#2452);
#2563=PROPERTY_DEFINITION_REPRESENTATION(#2558,#2562);
#2564=PROPERTY_DEFINITION('PROI_VERSION','user defined attribute',#2460);
#2568=REPRESENTATION('',(#2567),#2452);
#2569=PROPERTY_DEFINITION_REPRESENTATION(#2564,#2568);
#2570=PROPERTY_DEFINITION('PROI_BRANCH','user defined attribute',#2460);
#2574=REPRESENTATION('',(#2573),#2452);
#2575=PROPERTY_DEFINITION_REPRESENTATION(#2570,#2574);
#2576=PROPERTY_DEFINITION('PROI_RELEASE','user defined attribute',#2460);
#2580=REPRESENTATION('',(#2579),#2452);
#2581=PROPERTY_DEFINITION_REPRESENTATION(#2576,#2580);
#2582=PROPERTY_DEFINITION('PTC_MODIFIED','user defined attribute',#2460);
#2586=REPRESENTATION('',(#2585),#2452);
#2587=PROPERTY_DEFINITION_REPRESENTATION(#2582,#2586);
#2589=REPRESENTATION('',(#2588),#2452);
#2590=PROPERTY_DEFINITION('attribute type designation','Yes No',#2583);
#2591=PROPERTY_DEFINITION_REPRESENTATION(#2590,#2589);
#2592=PROPERTY_DEFINITION('PROI_CREATED_BY','user defined attribute',#2460);
#2596=REPRESENTATION('',(#2595),#2452);
#2597=PROPERTY_DEFINITION_REPRESENTATION(#2592,#2596);
#2598=PROPERTY_DEFINITION('PROI_CREATED_ON','user defined attribute',#2460);
#2602=REPRESENTATION('',(#2601),#2452);
#2603=PROPERTY_DEFINITION_REPRESENTATION(#2598,#2602);
#2604=PROPERTY_DEFINITION('PROI_LOCATION','user defined attribute',#2460);
#2608=REPRESENTATION('',(#2607),#2452);
#2609=PROPERTY_DEFINITION_REPRESENTATION(#2604,#2608);
#2610=PROPERTY_DEFINITION('PTC_COMMON_NAME','user defined attribute',#2460);
#2614=REPRESENTATION('',(#2613),#2452);
#2615=PROPERTY_DEFINITION_REPRESENTATION(#2610,#2614);
#2616=PROPERTY_DEFINITION('PTC_ORGANIZATION_ID','user defined attribute',#2460);
#2620=REPRESENTATION('',(#2619),#2452);
#2621=PROPERTY_DEFINITION_REPRESENTATION(#2616,#2620);
#2622=PROPERTY_DEFINITION('PTC_WM_REVISION','user defined attribute',#2460);
#2626=REPRESENTATION('',(#2625),#2452);
#2627=PROPERTY_DEFINITION_REPRESENTATION(#2622,#2626);
#2628=PROPERTY_DEFINITION('PTC_WM_ITERATION','user defined attribute',#2460);
#2632=REPRESENTATION('',(#2631),#2452);
#2633=PROPERTY_DEFINITION_REPRESENTATION(#2628,#2632);
#2634=PROPERTY_DEFINITION('PTC_WM_VERSION','user defined attribute',#2460);
#2638=REPRESENTATION('',(#2637),#2452);
#2639=PROPERTY_DEFINITION_REPRESENTATION(#2634,#2638);
#2640=PROPERTY_DEFINITION('PTC_WM_LIFECYCLE_STATE','user defined attribute',
#2460);
#2644=REPRESENTATION('',(#2643),#2452);
#2645=PROPERTY_DEFINITION_REPRESENTATION(#2640,#2644);
#2646=PROPERTY_DEFINITION('PTC_WM_LIFECYCLE','user defined attribute',#2460);
#2650=REPRESENTATION('',(#2649),#2452);
#2651=PROPERTY_DEFINITION_REPRESENTATION(#2646,#2650);
#2652=PROPERTY_DEFINITION('PTC_WM_LOCATION','user defined attribute',#2460);
#2656=REPRESENTATION('',(#2655),#2452);
#2657=PROPERTY_DEFINITION_REPRESENTATION(#2652,#2656);
#2658=PROPERTY_DEFINITION('PTC_WM_CREATED_BY','user defined attribute',#2460);
#2662=REPRESENTATION('',(#2661),#2452);
#2663=PROPERTY_DEFINITION_REPRESENTATION(#2658,#2662);
#2664=PROPERTY_DEFINITION('PTC_WM_CREATED_ON','user defined attribute',#2460);
#2668=REPRESENTATION('',(#2667),#2452);
#2669=PROPERTY_DEFINITION_REPRESENTATION(#2664,#2668);
#2670=PROPERTY_DEFINITION('PTC_WM_MODIFIED_BY','user defined attribute',#2460);
#2674=REPRESENTATION('',(#2673),#2452);
#2675=PROPERTY_DEFINITION_REPRESENTATION(#2670,#2674);
#2676=PROPERTY_DEFINITION('PTC_WM_MODIFIED_ON','user defined attribute',#2460);
#2680=REPRESENTATION('',(#2679),#2452);
#2681=PROPERTY_DEFINITION_REPRESENTATION(#2676,#2680);
#2682=PROPERTY_DEFINITION('PTC_WM_TEAM','user defined attribute',#2460);
#2686=REPRESENTATION('',(#2685),#2452);
#2687=PROPERTY_DEFINITION_REPRESENTATION(#2682,#2686);
#2688=PROPERTY_DEFINITION('DOC_NUMBER','user defined attribute',#2460);
#2692=REPRESENTATION('',(#2691),#2452);
#2693=PROPERTY_DEFINITION_REPRESENTATION(#2688,#2692);
#2694=PROPERTY_DEFINITION('EXPORT_RESTRICTED','user defined attribute',#2460);
#2698=REPRESENTATION('',(#2697),#2452);
#2699=PROPERTY_DEFINITION_REPRESENTATION(#2694,#2698);
#2700=PROPERTY_DEFINITION('PART_REV','user defined attribute',#2460);
#2704=REPRESENTATION('',(#2703),#2452);
#2705=PROPERTY_DEFINITION_REPRESENTATION(#2700,#2704);
#2706=PROPERTY_DEFINITION('COMMENTS','user defined attribute',#2460);
#2710=REPRESENTATION('',(#2709),#2452);
#2711=PROPERTY_DEFINITION_REPRESENTATION(#2706,#2710);
ENDSEC;
END-ISO-10303-21;
