ISO-10303-21;
HEADER;
/* Generated by software containing ST-Developer
 * from STEP Tools, Inc. (www.steptools.com) 
 */
/* OPTION: using custom renumber hook */

FILE_DESCRIPTION(
/* description */ ('STEP AP214'),
/* implementation_level */ '2;1');

FILE_NAME(
/* name */ 'IPBT-108-H1-T-D-RA-GP',
/* time_stamp */ '2026-02-06T02:13:57+01:00',
/* author */ ('License CC BY-ND 4.0'),
/* organization */ ('CADENAS'),
/* preprocessor_version */ 'ST-DEVELOPER v20',
/* originating_system */ 'PARTsolutions',
/* authorisation */ '  ');

FILE_SCHEMA (('AUTOMOTIVE_DESIGN {1 0 10303 214 3 1 1}'));
ENDSEC;

DATA;
#10=PROPERTY_DEFINITION_REPRESENTATION(#14,#12);
#11=PROPERTY_DEFINITION_REPRESENTATION(#15,#13);
#12=REPRESENTATION('',(#16),#13651);
#13=REPRESENTATION('',(#17),#13651);
#14=PROPERTY_DEFINITION('pmi validation property','',#13665);
#15=PROPERTY_DEFINITION('pmi validation property','',#13665);
#16=VALUE_REPRESENTATION_ITEM('number of annotations',COUNT_MEASURE(0.));
#17=VALUE_REPRESENTATION_ITEM('number of views',COUNT_MEASURE(0.));
#18=CONTEXT_DEPENDENT_SHAPE_REPRESENTATION(#24,#13667);
#19=CONTEXT_DEPENDENT_SHAPE_REPRESENTATION(#25,#13669);
#20=CONTEXT_DEPENDENT_SHAPE_REPRESENTATION(#26,#13671);
#21=NEXT_ASSEMBLY_USAGE_OCCURRENCE('NAUO1',
'IPBT-108-H1-T-D-RA-GP_terminal','IPBT-108-H1-T-D-RA-GP_terminal',#13672,
#13673,'');
#22=NEXT_ASSEMBLY_USAGE_OCCURRENCE('NAUO2','IPBT-108-H1-D-T-RA-GP_pin',
'IPBT-108-H1-D-T-RA-GP_pin',#13672,#13674,'');
#23=NEXT_ASSEMBLY_USAGE_OCCURRENCE('NAUO3','IPBT-108-H1-D-T-RA-GP2_pin',
'IPBT-108-H1-D-T-RA-GP2_pin',#13672,#13675,'');
#24=(
REPRESENTATION_RELATIONSHIP(' ',' ',#8556,#8555)
REPRESENTATION_RELATIONSHIP_WITH_TRANSFORMATION(#27)
SHAPE_REPRESENTATION_RELATIONSHIP()
);
#25=(
REPRESENTATION_RELATIONSHIP(' ',' ',#8557,#8555)
REPRESENTATION_RELATIONSHIP_WITH_TRANSFORMATION(#28)
SHAPE_REPRESENTATION_RELATIONSHIP()
);
#26=(
REPRESENTATION_RELATIONSHIP(' ',' ',#8558,#8555)
REPRESENTATION_RELATIONSHIP_WITH_TRANSFORMATION(#29)
SHAPE_REPRESENTATION_RELATIONSHIP()
);
#27=ITEM_DEFINED_TRANSFORMATION(' ',' ',#8559,#8782);
#28=ITEM_DEFINED_TRANSFORMATION(' ',' ',#8559,#8997);
#29=ITEM_DEFINED_TRANSFORMATION(' ',' ',#8559,#9084);
#30=SHAPE_REPRESENTATION_RELATIONSHIP('','',#8556,#33);
#31=SHAPE_REPRESENTATION_RELATIONSHIP('','',#8557,#34);
#32=SHAPE_REPRESENTATION_RELATIONSHIP('','',#8558,#35);
#33=ADVANCED_BREP_SHAPE_REPRESENTATION('',(#8548),#13652);
#34=ADVANCED_BREP_SHAPE_REPRESENTATION('',(#8549),#13653);
#35=ADVANCED_BREP_SHAPE_REPRESENTATION('',(#8550),#13654);
#36=CYLINDRICAL_SURFACE('',#8657,0.0675);
#37=CYLINDRICAL_SURFACE('',#8658,0.0250000000000001);
#38=CYLINDRICAL_SURFACE('',#8660,0.025);
#39=CYLINDRICAL_SURFACE('',#8662,0.0249999999999999);
#40=CYLINDRICAL_SURFACE('',#8664,0.0249999999999999);
#41=CYLINDRICAL_SURFACE('',#8787,0.09);
#42=CYLINDRICAL_SURFACE('',#8790,0.09);
#43=CYLINDRICAL_SURFACE('',#8793,0.09);
#44=CYLINDRICAL_SURFACE('',#8796,0.09);
#45=CYLINDRICAL_SURFACE('',#8799,0.09);
#46=CYLINDRICAL_SURFACE('',#8802,0.09);
#47=CYLINDRICAL_SURFACE('',#8805,0.09);
#48=CYLINDRICAL_SURFACE('',#8808,0.09);
#49=CYLINDRICAL_SURFACE('',#8835,0.045);
#50=CYLINDRICAL_SURFACE('',#8838,0.045);
#51=CYLINDRICAL_SURFACE('',#8841,0.045);
#52=CYLINDRICAL_SURFACE('',#8844,0.045);
#53=CYLINDRICAL_SURFACE('',#8847,0.045);
#54=CYLINDRICAL_SURFACE('',#8850,0.045);
#55=CYLINDRICAL_SURFACE('',#8853,0.045);
#56=CYLINDRICAL_SURFACE('',#8856,0.045);
#57=CYLINDRICAL_SURFACE('',#8875,0.09);
#58=CYLINDRICAL_SURFACE('',#8878,0.09);
#59=CYLINDRICAL_SURFACE('',#8881,0.09);
#60=CYLINDRICAL_SURFACE('',#8884,0.09);
#61=CYLINDRICAL_SURFACE('',#8887,0.09);
#62=CYLINDRICAL_SURFACE('',#8890,0.09);
#63=CYLINDRICAL_SURFACE('',#8893,0.09);
#64=CYLINDRICAL_SURFACE('',#8896,0.09);
#65=CYLINDRICAL_SURFACE('',#8923,0.0449999999999999);
#66=CYLINDRICAL_SURFACE('',#8926,0.0449999999999999);
#67=CYLINDRICAL_SURFACE('',#8929,0.0449999999999999);
#68=CYLINDRICAL_SURFACE('',#8932,0.0449999999999999);
#69=CYLINDRICAL_SURFACE('',#8935,0.0449999999999999);
#70=CYLINDRICAL_SURFACE('',#8938,0.0449999999999999);
#71=CYLINDRICAL_SURFACE('',#8941,0.0449999999999999);
#72=CYLINDRICAL_SURFACE('',#8944,0.0449999999999999);
#73=CONICAL_SURFACE('',#8655,0.0925,0.785398163397447);
#74=CIRCLE('',#8567,0.0250000000000001);
#75=CIRCLE('',#8568,0.025);
#76=CIRCLE('',#8569,0.0249999999999999);
#77=CIRCLE('',#8570,0.0249999999999999);
#78=CIRCLE('',#8577,0.0675);
#79=CIRCLE('',#8635,0.0250000000000001);
#80=CIRCLE('',#8636,0.0249999999999999);
#81=CIRCLE('',#8637,0.0249999999999999);
#82=CIRCLE('',#8638,0.025);
#83=CIRCLE('',#8639,0.0925);
#84=CIRCLE('',#8656,0.0675);
#85=CIRCLE('',#8788,0.09);
#86=CIRCLE('',#8789,0.09);
#87=CIRCLE('',#8791,0.09);
#88=CIRCLE('',#8792,0.09);
#89=CIRCLE('',#8794,0.09);
#90=CIRCLE('',#8795,0.09);
#91=CIRCLE('',#8797,0.09);
#92=CIRCLE('',#8798,0.09);
#93=CIRCLE('',#8800,0.09);
#94=CIRCLE('',#8801,0.09);
#95=CIRCLE('',#8803,0.09);
#96=CIRCLE('',#8804,0.09);
#97=CIRCLE('',#8806,0.09);
#98=CIRCLE('',#8807,0.09);
#99=CIRCLE('',#8809,0.09);
#100=CIRCLE('',#8810,0.09);
#101=CIRCLE('',#8836,0.045);
#102=CIRCLE('',#8837,0.045);
#103=CIRCLE('',#8839,0.045);
#104=CIRCLE('',#8840,0.045);
#105=CIRCLE('',#8842,0.045);
#106=CIRCLE('',#8843,0.045);
#107=CIRCLE('',#8845,0.045);
#108=CIRCLE('',#8846,0.045);
#109=CIRCLE('',#8848,0.045);
#110=CIRCLE('',#8849,0.045);
#111=CIRCLE('',#8851,0.045);
#112=CIRCLE('',#8852,0.045);
#113=CIRCLE('',#8854,0.045);
#114=CIRCLE('',#8855,0.045);
#115=CIRCLE('',#8857,0.045);
#116=CIRCLE('',#8858,0.045);
#117=CIRCLE('',#8876,0.09);
#118=CIRCLE('',#8877,0.09);
#119=CIRCLE('',#8879,0.09);
#120=CIRCLE('',#8880,0.09);
#121=CIRCLE('',#8882,0.09);
#122=CIRCLE('',#8883,0.09);
#123=CIRCLE('',#8885,0.09);
#124=CIRCLE('',#8886,0.09);
#125=CIRCLE('',#8888,0.09);
#126=CIRCLE('',#8889,0.09);
#127=CIRCLE('',#8891,0.09);
#128=CIRCLE('',#8892,0.09);
#129=CIRCLE('',#8894,0.09);
#130=CIRCLE('',#8895,0.09);
#131=CIRCLE('',#8897,0.09);
#132=CIRCLE('',#8898,0.09);
#133=CIRCLE('',#8924,0.0449999999999999);
#134=CIRCLE('',#8925,0.0449999999999999);
#135=CIRCLE('',#8927,0.0449999999999999);
#136=CIRCLE('',#8928,0.0449999999999999);
#137=CIRCLE('',#8930,0.0449999999999999);
#138=CIRCLE('',#8931,0.0449999999999999);
#139=CIRCLE('',#8933,0.0449999999999999);
#140=CIRCLE('',#8934,0.0449999999999999);
#141=CIRCLE('',#8936,0.0449999999999999);
#142=CIRCLE('',#8937,0.0449999999999999);
#143=CIRCLE('',#8939,0.0449999999999999);
#144=CIRCLE('',#8940,0.0449999999999999);
#145=CIRCLE('',#8942,0.0449999999999999);
#146=CIRCLE('',#8943,0.0449999999999999);
#147=CIRCLE('',#8945,0.0449999999999999);
#148=CIRCLE('',#8946,0.0449999999999999);
#149=ORIENTED_EDGE('',*,*,#2501,.F.);
#150=ORIENTED_EDGE('',*,*,#2502,.T.);
#151=ORIENTED_EDGE('',*,*,#2503,.F.);
#152=ORIENTED_EDGE('',*,*,#2504,.T.);
#153=ORIENTED_EDGE('',*,*,#2505,.T.);
#154=ORIENTED_EDGE('',*,*,#2506,.F.);
#155=ORIENTED_EDGE('',*,*,#2507,.T.);
#156=ORIENTED_EDGE('',*,*,#2508,.F.);
#157=ORIENTED_EDGE('',*,*,#2509,.F.);
#158=ORIENTED_EDGE('',*,*,#2510,.F.);
#159=ORIENTED_EDGE('',*,*,#2511,.F.);
#160=ORIENTED_EDGE('',*,*,#2512,.F.);
#161=ORIENTED_EDGE('',*,*,#2513,.T.);
#162=ORIENTED_EDGE('',*,*,#2514,.T.);
#163=ORIENTED_EDGE('',*,*,#2515,.F.);
#164=ORIENTED_EDGE('',*,*,#2516,.T.);
#165=ORIENTED_EDGE('',*,*,#2517,.F.);
#166=ORIENTED_EDGE('',*,*,#2516,.F.);
#167=ORIENTED_EDGE('',*,*,#2518,.F.);
#168=ORIENTED_EDGE('',*,*,#2502,.F.);
#169=ORIENTED_EDGE('',*,*,#2519,.F.);
#170=ORIENTED_EDGE('',*,*,#2520,.T.);
#171=ORIENTED_EDGE('',*,*,#2521,.F.);
#172=ORIENTED_EDGE('',*,*,#2522,.T.);
#173=ORIENTED_EDGE('',*,*,#2523,.T.);
#174=ORIENTED_EDGE('',*,*,#2524,.F.);
#175=ORIENTED_EDGE('',*,*,#2525,.T.);
#176=ORIENTED_EDGE('',*,*,#2526,.F.);
#177=ORIENTED_EDGE('',*,*,#2527,.F.);
#178=ORIENTED_EDGE('',*,*,#2528,.F.);
#179=ORIENTED_EDGE('',*,*,#2529,.F.);
#180=ORIENTED_EDGE('',*,*,#2530,.F.);
#181=ORIENTED_EDGE('',*,*,#2531,.T.);
#182=ORIENTED_EDGE('',*,*,#2532,.T.);
#183=ORIENTED_EDGE('',*,*,#2533,.F.);
#184=ORIENTED_EDGE('',*,*,#2534,.T.);
#185=ORIENTED_EDGE('',*,*,#2535,.F.);
#186=ORIENTED_EDGE('',*,*,#2534,.F.);
#187=ORIENTED_EDGE('',*,*,#2536,.F.);
#188=ORIENTED_EDGE('',*,*,#2520,.F.);
#189=ORIENTED_EDGE('',*,*,#2537,.T.);
#190=ORIENTED_EDGE('',*,*,#2538,.T.);
#191=ORIENTED_EDGE('',*,*,#2539,.T.);
#192=ORIENTED_EDGE('',*,*,#2540,.T.);
#193=ORIENTED_EDGE('',*,*,#2541,.T.);
#194=ORIENTED_EDGE('',*,*,#2542,.T.);
#195=ORIENTED_EDGE('',*,*,#2543,.T.);
#196=ORIENTED_EDGE('',*,*,#2544,.T.);
#197=ORIENTED_EDGE('',*,*,#2545,.F.);
#198=ORIENTED_EDGE('',*,*,#2546,.F.);
#199=ORIENTED_EDGE('',*,*,#2547,.F.);
#200=ORIENTED_EDGE('',*,*,#2548,.F.);
#201=ORIENTED_EDGE('',*,*,#2549,.T.);
#202=ORIENTED_EDGE('',*,*,#2550,.F.);
#203=ORIENTED_EDGE('',*,*,#2551,.F.);
#204=ORIENTED_EDGE('',*,*,#2552,.T.);
#205=ORIENTED_EDGE('',*,*,#2553,.F.);
#206=ORIENTED_EDGE('',*,*,#2554,.T.);
#207=ORIENTED_EDGE('',*,*,#2555,.F.);
#208=ORIENTED_EDGE('',*,*,#2556,.F.);
#209=ORIENTED_EDGE('',*,*,#2550,.T.);
#210=ORIENTED_EDGE('',*,*,#2557,.F.);
#211=ORIENTED_EDGE('',*,*,#2558,.F.);
#212=ORIENTED_EDGE('',*,*,#2559,.F.);
#213=ORIENTED_EDGE('',*,*,#2560,.F.);
#214=ORIENTED_EDGE('',*,*,#2561,.F.);
#215=ORIENTED_EDGE('',*,*,#2562,.T.);
#216=ORIENTED_EDGE('',*,*,#2546,.T.);
#217=ORIENTED_EDGE('',*,*,#2560,.T.);
#218=ORIENTED_EDGE('',*,*,#2563,.T.);
#219=ORIENTED_EDGE('',*,*,#2564,.F.);
#220=ORIENTED_EDGE('',*,*,#2565,.F.);
#221=ORIENTED_EDGE('',*,*,#2566,.F.);
#222=ORIENTED_EDGE('',*,*,#2567,.T.);
#223=ORIENTED_EDGE('',*,*,#2568,.T.);
#224=ORIENTED_EDGE('',*,*,#2569,.T.);
#225=ORIENTED_EDGE('',*,*,#2570,.F.);
#226=ORIENTED_EDGE('',*,*,#2571,.F.);
#227=ORIENTED_EDGE('',*,*,#2569,.F.);
#228=ORIENTED_EDGE('',*,*,#2572,.F.);
#229=ORIENTED_EDGE('',*,*,#2554,.F.);
#230=ORIENTED_EDGE('',*,*,#2573,.F.);
#231=ORIENTED_EDGE('',*,*,#2548,.T.);
#232=ORIENTED_EDGE('',*,*,#2574,.F.);
#233=ORIENTED_EDGE('',*,*,#2575,.T.);
#234=ORIENTED_EDGE('',*,*,#2576,.F.);
#235=ORIENTED_EDGE('',*,*,#2525,.F.);
#236=ORIENTED_EDGE('',*,*,#2577,.F.);
#237=ORIENTED_EDGE('',*,*,#2529,.T.);
#238=ORIENTED_EDGE('',*,*,#2578,.F.);
#239=ORIENTED_EDGE('',*,*,#2507,.F.);
#240=ORIENTED_EDGE('',*,*,#2579,.F.);
#241=ORIENTED_EDGE('',*,*,#2511,.T.);
#242=ORIENTED_EDGE('',*,*,#2580,.F.);
#243=ORIENTED_EDGE('',*,*,#2581,.T.);
#244=ORIENTED_EDGE('',*,*,#2582,.F.);
#245=ORIENTED_EDGE('',*,*,#2583,.F.);
#246=ORIENTED_EDGE('',*,*,#2584,.T.);
#247=ORIENTED_EDGE('',*,*,#2585,.T.);
#248=ORIENTED_EDGE('',*,*,#2586,.F.);
#249=ORIENTED_EDGE('',*,*,#2587,.T.);
#250=ORIENTED_EDGE('',*,*,#2588,.T.);
#251=ORIENTED_EDGE('',*,*,#2589,.F.);
#252=ORIENTED_EDGE('',*,*,#2590,.T.);
#253=ORIENTED_EDGE('',*,*,#2591,.T.);
#254=ORIENTED_EDGE('',*,*,#2592,.F.);
#255=ORIENTED_EDGE('',*,*,#2593,.T.);
#256=ORIENTED_EDGE('',*,*,#2594,.T.);
#257=ORIENTED_EDGE('',*,*,#2595,.F.);
#258=ORIENTED_EDGE('',*,*,#2596,.T.);
#259=ORIENTED_EDGE('',*,*,#2597,.T.);
#260=ORIENTED_EDGE('',*,*,#2598,.F.);
#261=ORIENTED_EDGE('',*,*,#2599,.T.);
#262=ORIENTED_EDGE('',*,*,#2600,.F.);
#263=ORIENTED_EDGE('',*,*,#2601,.F.);
#264=ORIENTED_EDGE('',*,*,#2602,.T.);
#265=ORIENTED_EDGE('',*,*,#2603,.T.);
#266=ORIENTED_EDGE('',*,*,#2604,.F.);
#267=ORIENTED_EDGE('',*,*,#2597,.F.);
#268=ORIENTED_EDGE('',*,*,#2605,.F.);
#269=ORIENTED_EDGE('',*,*,#2581,.F.);
#270=ORIENTED_EDGE('',*,*,#2606,.F.);
#271=ORIENTED_EDGE('',*,*,#2591,.F.);
#272=ORIENTED_EDGE('',*,*,#2607,.F.);
#273=ORIENTED_EDGE('',*,*,#2599,.F.);
#274=ORIENTED_EDGE('',*,*,#2608,.F.);
#275=ORIENTED_EDGE('',*,*,#2609,.T.);
#276=ORIENTED_EDGE('',*,*,#2610,.F.);
#277=ORIENTED_EDGE('',*,*,#2611,.F.);
#278=ORIENTED_EDGE('',*,*,#2612,.T.);
#279=ORIENTED_EDGE('',*,*,#2613,.T.);
#280=ORIENTED_EDGE('',*,*,#2614,.F.);
#281=ORIENTED_EDGE('',*,*,#2615,.T.);
#282=ORIENTED_EDGE('',*,*,#2616,.T.);
#283=ORIENTED_EDGE('',*,*,#2617,.F.);
#284=ORIENTED_EDGE('',*,*,#2618,.T.);
#285=ORIENTED_EDGE('',*,*,#2619,.T.);
#286=ORIENTED_EDGE('',*,*,#2620,.F.);
#287=ORIENTED_EDGE('',*,*,#2621,.T.);
#288=ORIENTED_EDGE('',*,*,#2622,.T.);
#289=ORIENTED_EDGE('',*,*,#2623,.F.);
#290=ORIENTED_EDGE('',*,*,#2624,.T.);
#291=ORIENTED_EDGE('',*,*,#2625,.T.);
#292=ORIENTED_EDGE('',*,*,#2626,.F.);
#293=ORIENTED_EDGE('',*,*,#2627,.T.);
#294=ORIENTED_EDGE('',*,*,#2628,.F.);
#295=ORIENTED_EDGE('',*,*,#2629,.F.);
#296=ORIENTED_EDGE('',*,*,#2630,.T.);
#297=ORIENTED_EDGE('',*,*,#2631,.T.);
#298=ORIENTED_EDGE('',*,*,#2632,.F.);
#299=ORIENTED_EDGE('',*,*,#2625,.F.);
#300=ORIENTED_EDGE('',*,*,#2633,.F.);
#301=ORIENTED_EDGE('',*,*,#2609,.F.);
#302=ORIENTED_EDGE('',*,*,#2634,.F.);
#303=ORIENTED_EDGE('',*,*,#2619,.F.);
#304=ORIENTED_EDGE('',*,*,#2635,.F.);
#305=ORIENTED_EDGE('',*,*,#2627,.F.);
#306=ORIENTED_EDGE('',*,*,#2636,.F.);
#307=ORIENTED_EDGE('',*,*,#2637,.T.);
#308=ORIENTED_EDGE('',*,*,#2638,.F.);
#309=ORIENTED_EDGE('',*,*,#2639,.F.);
#310=ORIENTED_EDGE('',*,*,#2640,.T.);
#311=ORIENTED_EDGE('',*,*,#2641,.T.);
#312=ORIENTED_EDGE('',*,*,#2642,.F.);
#313=ORIENTED_EDGE('',*,*,#2643,.T.);
#314=ORIENTED_EDGE('',*,*,#2644,.T.);
#315=ORIENTED_EDGE('',*,*,#2645,.F.);
#316=ORIENTED_EDGE('',*,*,#2646,.T.);
#317=ORIENTED_EDGE('',*,*,#2647,.T.);
#318=ORIENTED_EDGE('',*,*,#2648,.F.);
#319=ORIENTED_EDGE('',*,*,#2649,.T.);
#320=ORIENTED_EDGE('',*,*,#2650,.T.);
#321=ORIENTED_EDGE('',*,*,#2651,.F.);
#322=ORIENTED_EDGE('',*,*,#2652,.T.);
#323=ORIENTED_EDGE('',*,*,#2653,.T.);
#324=ORIENTED_EDGE('',*,*,#2654,.F.);
#325=ORIENTED_EDGE('',*,*,#2655,.T.);
#326=ORIENTED_EDGE('',*,*,#2656,.F.);
#327=ORIENTED_EDGE('',*,*,#2657,.F.);
#328=ORIENTED_EDGE('',*,*,#2658,.T.);
#329=ORIENTED_EDGE('',*,*,#2659,.T.);
#330=ORIENTED_EDGE('',*,*,#2660,.F.);
#331=ORIENTED_EDGE('',*,*,#2653,.F.);
#332=ORIENTED_EDGE('',*,*,#2661,.F.);
#333=ORIENTED_EDGE('',*,*,#2637,.F.);
#334=ORIENTED_EDGE('',*,*,#2662,.F.);
#335=ORIENTED_EDGE('',*,*,#2647,.F.);
#336=ORIENTED_EDGE('',*,*,#2663,.F.);
#337=ORIENTED_EDGE('',*,*,#2655,.F.);
#338=ORIENTED_EDGE('',*,*,#2664,.F.);
#339=ORIENTED_EDGE('',*,*,#2665,.T.);
#340=ORIENTED_EDGE('',*,*,#2666,.F.);
#341=ORIENTED_EDGE('',*,*,#2667,.F.);
#342=ORIENTED_EDGE('',*,*,#2668,.T.);
#343=ORIENTED_EDGE('',*,*,#2669,.T.);
#344=ORIENTED_EDGE('',*,*,#2670,.F.);
#345=ORIENTED_EDGE('',*,*,#2671,.T.);
#346=ORIENTED_EDGE('',*,*,#2672,.T.);
#347=ORIENTED_EDGE('',*,*,#2673,.F.);
#348=ORIENTED_EDGE('',*,*,#2674,.T.);
#349=ORIENTED_EDGE('',*,*,#2675,.T.);
#350=ORIENTED_EDGE('',*,*,#2676,.F.);
#351=ORIENTED_EDGE('',*,*,#2675,.F.);
#352=ORIENTED_EDGE('',*,*,#2677,.F.);
#353=ORIENTED_EDGE('',*,*,#2665,.F.);
#354=ORIENTED_EDGE('',*,*,#2678,.F.);
#355=ORIENTED_EDGE('',*,*,#2679,.T.);
#356=ORIENTED_EDGE('',*,*,#2680,.F.);
#357=ORIENTED_EDGE('',*,*,#2681,.F.);
#358=ORIENTED_EDGE('',*,*,#2682,.T.);
#359=ORIENTED_EDGE('',*,*,#2683,.T.);
#360=ORIENTED_EDGE('',*,*,#2684,.F.);
#361=ORIENTED_EDGE('',*,*,#2685,.T.);
#362=ORIENTED_EDGE('',*,*,#2686,.T.);
#363=ORIENTED_EDGE('',*,*,#2687,.F.);
#364=ORIENTED_EDGE('',*,*,#2688,.T.);
#365=ORIENTED_EDGE('',*,*,#2689,.T.);
#366=ORIENTED_EDGE('',*,*,#2690,.F.);
#367=ORIENTED_EDGE('',*,*,#2689,.F.);
#368=ORIENTED_EDGE('',*,*,#2691,.F.);
#369=ORIENTED_EDGE('',*,*,#2679,.F.);
#370=ORIENTED_EDGE('',*,*,#2692,.F.);
#371=ORIENTED_EDGE('',*,*,#2693,.T.);
#372=ORIENTED_EDGE('',*,*,#2694,.F.);
#373=ORIENTED_EDGE('',*,*,#2695,.F.);
#374=ORIENTED_EDGE('',*,*,#2696,.T.);
#375=ORIENTED_EDGE('',*,*,#2697,.T.);
#376=ORIENTED_EDGE('',*,*,#2698,.F.);
#377=ORIENTED_EDGE('',*,*,#2699,.T.);
#378=ORIENTED_EDGE('',*,*,#2700,.T.);
#379=ORIENTED_EDGE('',*,*,#2701,.F.);
#380=ORIENTED_EDGE('',*,*,#2702,.T.);
#381=ORIENTED_EDGE('',*,*,#2703,.T.);
#382=ORIENTED_EDGE('',*,*,#2704,.F.);
#383=ORIENTED_EDGE('',*,*,#2705,.T.);
#384=ORIENTED_EDGE('',*,*,#2706,.T.);
#385=ORIENTED_EDGE('',*,*,#2707,.F.);
#386=ORIENTED_EDGE('',*,*,#2708,.T.);
#387=ORIENTED_EDGE('',*,*,#2709,.T.);
#388=ORIENTED_EDGE('',*,*,#2710,.F.);
#389=ORIENTED_EDGE('',*,*,#2711,.T.);
#390=ORIENTED_EDGE('',*,*,#2712,.F.);
#391=ORIENTED_EDGE('',*,*,#2713,.F.);
#392=ORIENTED_EDGE('',*,*,#2714,.T.);
#393=ORIENTED_EDGE('',*,*,#2715,.T.);
#394=ORIENTED_EDGE('',*,*,#2716,.F.);
#395=ORIENTED_EDGE('',*,*,#2709,.F.);
#396=ORIENTED_EDGE('',*,*,#2717,.F.);
#397=ORIENTED_EDGE('',*,*,#2693,.F.);
#398=ORIENTED_EDGE('',*,*,#2718,.F.);
#399=ORIENTED_EDGE('',*,*,#2703,.F.);
#400=ORIENTED_EDGE('',*,*,#2719,.F.);
#401=ORIENTED_EDGE('',*,*,#2711,.F.);
#402=ORIENTED_EDGE('',*,*,#2720,.F.);
#403=ORIENTED_EDGE('',*,*,#2721,.T.);
#404=ORIENTED_EDGE('',*,*,#2722,.F.);
#405=ORIENTED_EDGE('',*,*,#2723,.T.);
#406=ORIENTED_EDGE('',*,*,#2724,.F.);
#407=ORIENTED_EDGE('',*,*,#2725,.T.);
#408=ORIENTED_EDGE('',*,*,#2726,.T.);
#409=ORIENTED_EDGE('',*,*,#2727,.T.);
#410=ORIENTED_EDGE('',*,*,#2728,.F.);
#411=ORIENTED_EDGE('',*,*,#2729,.T.);
#412=ORIENTED_EDGE('',*,*,#2730,.T.);
#413=ORIENTED_EDGE('',*,*,#2731,.T.);
#414=ORIENTED_EDGE('',*,*,#2732,.F.);
#415=ORIENTED_EDGE('',*,*,#2733,.T.);
#416=ORIENTED_EDGE('',*,*,#2734,.F.);
#417=ORIENTED_EDGE('',*,*,#2735,.T.);
#418=ORIENTED_EDGE('',*,*,#2736,.F.);
#419=ORIENTED_EDGE('',*,*,#2731,.F.);
#420=ORIENTED_EDGE('',*,*,#2737,.F.);
#421=ORIENTED_EDGE('',*,*,#2721,.F.);
#422=ORIENTED_EDGE('',*,*,#2738,.F.);
#423=ORIENTED_EDGE('',*,*,#2727,.F.);
#424=ORIENTED_EDGE('',*,*,#2739,.F.);
#425=ORIENTED_EDGE('',*,*,#2733,.F.);
#426=ORIENTED_EDGE('',*,*,#2696,.F.);
#427=ORIENTED_EDGE('',*,*,#2740,.F.);
#428=ORIENTED_EDGE('',*,*,#2594,.F.);
#429=ORIENTED_EDGE('',*,*,#2741,.T.);
#430=ORIENTED_EDGE('',*,*,#2706,.F.);
#431=ORIENTED_EDGE('',*,*,#2742,.T.);
#432=ORIENTED_EDGE('',*,*,#2682,.F.);
#433=ORIENTED_EDGE('',*,*,#2743,.F.);
#434=ORIENTED_EDGE('',*,*,#2686,.F.);
#435=ORIENTED_EDGE('',*,*,#2744,.T.);
#436=ORIENTED_EDGE('',*,*,#2745,.F.);
#437=ORIENTED_EDGE('',*,*,#2746,.F.);
#438=ORIENTED_EDGE('',*,*,#2700,.F.);
#439=ORIENTED_EDGE('',*,*,#2747,.T.);
#440=ORIENTED_EDGE('',*,*,#2602,.F.);
#441=ORIENTED_EDGE('',*,*,#2748,.F.);
#442=ORIENTED_EDGE('',*,*,#2714,.F.);
#443=ORIENTED_EDGE('',*,*,#2749,.F.);
#444=ORIENTED_EDGE('',*,*,#2523,.F.);
#445=ORIENTED_EDGE('',*,*,#2750,.T.);
#446=ORIENTED_EDGE('',*,*,#2531,.F.);
#447=ORIENTED_EDGE('',*,*,#2751,.F.);
#448=ORIENTED_EDGE('',*,*,#2752,.T.);
#449=ORIENTED_EDGE('',*,*,#2753,.T.);
#450=ORIENTED_EDGE('',*,*,#2668,.F.);
#451=ORIENTED_EDGE('',*,*,#2754,.F.);
#452=ORIENTED_EDGE('',*,*,#2755,.T.);
#453=ORIENTED_EDGE('',*,*,#2756,.T.);
#454=ORIENTED_EDGE('',*,*,#2672,.F.);
#455=ORIENTED_EDGE('',*,*,#2757,.T.);
#456=ORIENTED_EDGE('',*,*,#2640,.F.);
#457=ORIENTED_EDGE('',*,*,#2758,.F.);
#458=ORIENTED_EDGE('',*,*,#2650,.F.);
#459=ORIENTED_EDGE('',*,*,#2759,.T.);
#460=ORIENTED_EDGE('',*,*,#2612,.F.);
#461=ORIENTED_EDGE('',*,*,#2760,.F.);
#462=ORIENTED_EDGE('',*,*,#2622,.F.);
#463=ORIENTED_EDGE('',*,*,#2761,.T.);
#464=ORIENTED_EDGE('',*,*,#2762,.F.);
#465=ORIENTED_EDGE('',*,*,#2763,.F.);
#466=ORIENTED_EDGE('',*,*,#2505,.F.);
#467=ORIENTED_EDGE('',*,*,#2764,.T.);
#468=ORIENTED_EDGE('',*,*,#2765,.F.);
#469=ORIENTED_EDGE('',*,*,#2766,.F.);
#470=ORIENTED_EDGE('',*,*,#2513,.F.);
#471=ORIENTED_EDGE('',*,*,#2767,.F.);
#472=ORIENTED_EDGE('',*,*,#2644,.F.);
#473=ORIENTED_EDGE('',*,*,#2768,.T.);
#474=ORIENTED_EDGE('',*,*,#2658,.F.);
#475=ORIENTED_EDGE('',*,*,#2769,.F.);
#476=ORIENTED_EDGE('',*,*,#2616,.F.);
#477=ORIENTED_EDGE('',*,*,#2770,.T.);
#478=ORIENTED_EDGE('',*,*,#2630,.F.);
#479=ORIENTED_EDGE('',*,*,#2771,.F.);
#480=ORIENTED_EDGE('',*,*,#2772,.T.);
#481=ORIENTED_EDGE('',*,*,#2773,.T.);
#482=ORIENTED_EDGE('',*,*,#2549,.F.);
#483=ORIENTED_EDGE('',*,*,#2774,.F.);
#484=ORIENTED_EDGE('',*,*,#2775,.F.);
#485=ORIENTED_EDGE('',*,*,#2587,.F.);
#486=ORIENTED_EDGE('',*,*,#2776,.F.);
#487=ORIENTED_EDGE('',*,*,#2603,.F.);
#488=ORIENTED_EDGE('',*,*,#2747,.F.);
#489=ORIENTED_EDGE('',*,*,#2699,.F.);
#490=ORIENTED_EDGE('',*,*,#2777,.F.);
#491=ORIENTED_EDGE('',*,*,#2715,.F.);
#492=ORIENTED_EDGE('',*,*,#2750,.F.);
#493=ORIENTED_EDGE('',*,*,#2522,.F.);
#494=ORIENTED_EDGE('',*,*,#2778,.F.);
#495=ORIENTED_EDGE('',*,*,#2532,.F.);
#496=ORIENTED_EDGE('',*,*,#2753,.F.);
#497=ORIENTED_EDGE('',*,*,#2779,.F.);
#498=ORIENTED_EDGE('',*,*,#2780,.F.);
#499=ORIENTED_EDGE('',*,*,#2725,.F.);
#500=ORIENTED_EDGE('',*,*,#2781,.F.);
#501=ORIENTED_EDGE('',*,*,#2735,.F.);
#502=ORIENTED_EDGE('',*,*,#2782,.F.);
#503=ORIENTED_EDGE('',*,*,#2783,.F.);
#504=ORIENTED_EDGE('',*,*,#2764,.F.);
#505=ORIENTED_EDGE('',*,*,#2504,.F.);
#506=ORIENTED_EDGE('',*,*,#2784,.F.);
#507=ORIENTED_EDGE('',*,*,#2514,.F.);
#508=ORIENTED_EDGE('',*,*,#2768,.F.);
#509=ORIENTED_EDGE('',*,*,#2643,.F.);
#510=ORIENTED_EDGE('',*,*,#2785,.F.);
#511=ORIENTED_EDGE('',*,*,#2659,.F.);
#512=ORIENTED_EDGE('',*,*,#2770,.F.);
#513=ORIENTED_EDGE('',*,*,#2615,.F.);
#514=ORIENTED_EDGE('',*,*,#2786,.F.);
#515=ORIENTED_EDGE('',*,*,#2631,.F.);
#516=ORIENTED_EDGE('',*,*,#2773,.F.);
#517=ORIENTED_EDGE('',*,*,#2787,.F.);
#518=ORIENTED_EDGE('',*,*,#2563,.F.);
#519=ORIENTED_EDGE('',*,*,#2559,.T.);
#520=ORIENTED_EDGE('',*,*,#2788,.T.);
#521=ORIENTED_EDGE('',*,*,#2575,.F.);
#522=ORIENTED_EDGE('',*,*,#2789,.F.);
#523=ORIENTED_EDGE('',*,*,#2790,.F.);
#524=ORIENTED_EDGE('',*,*,#2761,.F.);
#525=ORIENTED_EDGE('',*,*,#2621,.F.);
#526=ORIENTED_EDGE('',*,*,#2791,.T.);
#527=ORIENTED_EDGE('',*,*,#2613,.F.);
#528=ORIENTED_EDGE('',*,*,#2759,.F.);
#529=ORIENTED_EDGE('',*,*,#2649,.F.);
#530=ORIENTED_EDGE('',*,*,#2792,.T.);
#531=ORIENTED_EDGE('',*,*,#2641,.F.);
#532=ORIENTED_EDGE('',*,*,#2757,.F.);
#533=ORIENTED_EDGE('',*,*,#2671,.F.);
#534=ORIENTED_EDGE('',*,*,#2793,.T.);
#535=ORIENTED_EDGE('',*,*,#2669,.F.);
#536=ORIENTED_EDGE('',*,*,#2756,.F.);
#537=ORIENTED_EDGE('',*,*,#2794,.F.);
#538=ORIENTED_EDGE('',*,*,#2795,.F.);
#539=ORIENTED_EDGE('',*,*,#2729,.F.);
#540=ORIENTED_EDGE('',*,*,#2796,.T.);
#541=ORIENTED_EDGE('',*,*,#2723,.F.);
#542=ORIENTED_EDGE('',*,*,#2797,.F.);
#543=ORIENTED_EDGE('',*,*,#2798,.F.);
#544=ORIENTED_EDGE('',*,*,#2744,.F.);
#545=ORIENTED_EDGE('',*,*,#2685,.F.);
#546=ORIENTED_EDGE('',*,*,#2799,.T.);
#547=ORIENTED_EDGE('',*,*,#2683,.F.);
#548=ORIENTED_EDGE('',*,*,#2742,.F.);
#549=ORIENTED_EDGE('',*,*,#2705,.F.);
#550=ORIENTED_EDGE('',*,*,#2800,.T.);
#551=ORIENTED_EDGE('',*,*,#2697,.F.);
#552=ORIENTED_EDGE('',*,*,#2741,.F.);
#553=ORIENTED_EDGE('',*,*,#2593,.F.);
#554=ORIENTED_EDGE('',*,*,#2801,.T.);
#555=ORIENTED_EDGE('',*,*,#2585,.F.);
#556=ORIENTED_EDGE('',*,*,#2802,.F.);
#557=ORIENTED_EDGE('',*,*,#2803,.F.);
#558=ORIENTED_EDGE('',*,*,#2804,.F.);
#559=ORIENTED_EDGE('',*,*,#2567,.F.);
#560=ORIENTED_EDGE('',*,*,#2805,.T.);
#561=ORIENTED_EDGE('',*,*,#2557,.T.);
#562=ORIENTED_EDGE('',*,*,#2584,.F.);
#563=ORIENTED_EDGE('',*,*,#2806,.F.);
#564=ORIENTED_EDGE('',*,*,#2807,.T.);
#565=ORIENTED_EDGE('',*,*,#2802,.T.);
#566=ORIENTED_EDGE('',*,*,#2588,.F.);
#567=ORIENTED_EDGE('',*,*,#2775,.T.);
#568=ORIENTED_EDGE('',*,*,#2808,.F.);
#569=ORIENTED_EDGE('',*,*,#2809,.F.);
#570=ORIENTED_EDGE('',*,*,#2810,.F.);
#571=ORIENTED_EDGE('',*,*,#2811,.F.);
#572=ORIENTED_EDGE('',*,*,#2812,.F.);
#573=ORIENTED_EDGE('',*,*,#2813,.F.);
#574=ORIENTED_EDGE('',*,*,#2814,.F.);
#575=ORIENTED_EDGE('',*,*,#2815,.F.);
#576=ORIENTED_EDGE('',*,*,#2816,.F.);
#577=ORIENTED_EDGE('',*,*,#2817,.F.);
#578=ORIENTED_EDGE('',*,*,#2818,.F.);
#579=ORIENTED_EDGE('',*,*,#2819,.F.);
#580=ORIENTED_EDGE('',*,*,#2820,.F.);
#581=ORIENTED_EDGE('',*,*,#2821,.F.);
#582=ORIENTED_EDGE('',*,*,#2822,.F.);
#583=ORIENTED_EDGE('',*,*,#2823,.F.);
#584=ORIENTED_EDGE('',*,*,#2824,.F.);
#585=ORIENTED_EDGE('',*,*,#2825,.F.);
#586=ORIENTED_EDGE('',*,*,#2826,.F.);
#587=ORIENTED_EDGE('',*,*,#2827,.F.);
#588=ORIENTED_EDGE('',*,*,#2828,.F.);
#589=ORIENTED_EDGE('',*,*,#2829,.F.);
#590=ORIENTED_EDGE('',*,*,#2830,.F.);
#591=ORIENTED_EDGE('',*,*,#2831,.F.);
#592=ORIENTED_EDGE('',*,*,#2832,.F.);
#593=ORIENTED_EDGE('',*,*,#2833,.F.);
#594=ORIENTED_EDGE('',*,*,#2834,.F.);
#595=ORIENTED_EDGE('',*,*,#2835,.F.);
#596=ORIENTED_EDGE('',*,*,#2836,.F.);
#597=ORIENTED_EDGE('',*,*,#2837,.F.);
#598=ORIENTED_EDGE('',*,*,#2838,.F.);
#599=ORIENTED_EDGE('',*,*,#2839,.F.);
#600=ORIENTED_EDGE('',*,*,#2840,.F.);
#601=ORIENTED_EDGE('',*,*,#2841,.F.);
#602=ORIENTED_EDGE('',*,*,#2842,.F.);
#603=ORIENTED_EDGE('',*,*,#2843,.F.);
#604=ORIENTED_EDGE('',*,*,#2844,.F.);
#605=ORIENTED_EDGE('',*,*,#2845,.F.);
#606=ORIENTED_EDGE('',*,*,#2846,.F.);
#607=ORIENTED_EDGE('',*,*,#2847,.F.);
#608=ORIENTED_EDGE('',*,*,#2848,.F.);
#609=ORIENTED_EDGE('',*,*,#2849,.F.);
#610=ORIENTED_EDGE('',*,*,#2850,.F.);
#611=ORIENTED_EDGE('',*,*,#2851,.F.);
#612=ORIENTED_EDGE('',*,*,#2852,.F.);
#613=ORIENTED_EDGE('',*,*,#2853,.F.);
#614=ORIENTED_EDGE('',*,*,#2854,.F.);
#615=ORIENTED_EDGE('',*,*,#2855,.F.);
#616=ORIENTED_EDGE('',*,*,#2856,.F.);
#617=ORIENTED_EDGE('',*,*,#2857,.F.);
#618=ORIENTED_EDGE('',*,*,#2858,.F.);
#619=ORIENTED_EDGE('',*,*,#2859,.F.);
#620=ORIENTED_EDGE('',*,*,#2860,.F.);
#621=ORIENTED_EDGE('',*,*,#2861,.F.);
#622=ORIENTED_EDGE('',*,*,#2862,.F.);
#623=ORIENTED_EDGE('',*,*,#2863,.F.);
#624=ORIENTED_EDGE('',*,*,#2864,.F.);
#625=ORIENTED_EDGE('',*,*,#2865,.F.);
#626=ORIENTED_EDGE('',*,*,#2866,.F.);
#627=ORIENTED_EDGE('',*,*,#2867,.F.);
#628=ORIENTED_EDGE('',*,*,#2868,.F.);
#629=ORIENTED_EDGE('',*,*,#2869,.F.);
#630=ORIENTED_EDGE('',*,*,#2870,.F.);
#631=ORIENTED_EDGE('',*,*,#2871,.F.);
#632=ORIENTED_EDGE('',*,*,#2872,.F.);
#633=ORIENTED_EDGE('',*,*,#2873,.F.);
#634=ORIENTED_EDGE('',*,*,#2874,.F.);
#635=ORIENTED_EDGE('',*,*,#2875,.F.);
#636=ORIENTED_EDGE('',*,*,#2876,.F.);
#637=ORIENTED_EDGE('',*,*,#2877,.F.);
#638=ORIENTED_EDGE('',*,*,#2878,.F.);
#639=ORIENTED_EDGE('',*,*,#2879,.F.);
#640=ORIENTED_EDGE('',*,*,#2506,.T.);
#641=ORIENTED_EDGE('',*,*,#2766,.T.);
#642=ORIENTED_EDGE('',*,*,#2880,.T.);
#643=ORIENTED_EDGE('',*,*,#2881,.T.);
#644=ORIENTED_EDGE('',*,*,#2882,.T.);
#645=ORIENTED_EDGE('',*,*,#2751,.T.);
#646=ORIENTED_EDGE('',*,*,#2530,.T.);
#647=ORIENTED_EDGE('',*,*,#2577,.T.);
#648=ORIENTED_EDGE('',*,*,#2524,.T.);
#649=ORIENTED_EDGE('',*,*,#2749,.T.);
#650=ORIENTED_EDGE('',*,*,#2713,.T.);
#651=ORIENTED_EDGE('',*,*,#2883,.T.);
#652=ORIENTED_EDGE('',*,*,#2701,.T.);
#653=ORIENTED_EDGE('',*,*,#2748,.T.);
#654=ORIENTED_EDGE('',*,*,#2601,.T.);
#655=ORIENTED_EDGE('',*,*,#2884,.T.);
#656=ORIENTED_EDGE('',*,*,#2589,.T.);
#657=ORIENTED_EDGE('',*,*,#2809,.T.);
#658=ORIENTED_EDGE('',*,*,#2885,.T.);
#659=ORIENTED_EDGE('',*,*,#2551,.T.);
#660=ORIENTED_EDGE('',*,*,#2556,.T.);
#661=ORIENTED_EDGE('',*,*,#2886,.T.);
#662=ORIENTED_EDGE('',*,*,#2887,.T.);
#663=ORIENTED_EDGE('',*,*,#2806,.T.);
#664=ORIENTED_EDGE('',*,*,#2583,.T.);
#665=ORIENTED_EDGE('',*,*,#2888,.T.);
#666=ORIENTED_EDGE('',*,*,#2595,.T.);
#667=ORIENTED_EDGE('',*,*,#2740,.T.);
#668=ORIENTED_EDGE('',*,*,#2695,.T.);
#669=ORIENTED_EDGE('',*,*,#2889,.T.);
#670=ORIENTED_EDGE('',*,*,#2707,.T.);
#671=ORIENTED_EDGE('',*,*,#2743,.T.);
#672=ORIENTED_EDGE('',*,*,#2681,.T.);
#673=ORIENTED_EDGE('',*,*,#2890,.T.);
#674=ORIENTED_EDGE('',*,*,#2687,.T.);
#675=ORIENTED_EDGE('',*,*,#2746,.T.);
#676=ORIENTED_EDGE('',*,*,#2891,.T.);
#677=ORIENTED_EDGE('',*,*,#2892,.T.);
#678=ORIENTED_EDGE('',*,*,#2893,.T.);
#679=ORIENTED_EDGE('',*,*,#2754,.T.);
#680=ORIENTED_EDGE('',*,*,#2667,.T.);
#681=ORIENTED_EDGE('',*,*,#2894,.T.);
#682=ORIENTED_EDGE('',*,*,#2673,.T.);
#683=ORIENTED_EDGE('',*,*,#2758,.T.);
#684=ORIENTED_EDGE('',*,*,#2639,.T.);
#685=ORIENTED_EDGE('',*,*,#2895,.T.);
#686=ORIENTED_EDGE('',*,*,#2651,.T.);
#687=ORIENTED_EDGE('',*,*,#2760,.T.);
#688=ORIENTED_EDGE('',*,*,#2611,.T.);
#689=ORIENTED_EDGE('',*,*,#2896,.T.);
#690=ORIENTED_EDGE('',*,*,#2623,.T.);
#691=ORIENTED_EDGE('',*,*,#2763,.T.);
#692=ORIENTED_EDGE('',*,*,#2897,.T.);
#693=ORIENTED_EDGE('',*,*,#2898,.T.);
#694=ORIENTED_EDGE('',*,*,#2561,.T.);
#695=ORIENTED_EDGE('',*,*,#2565,.T.);
#696=ORIENTED_EDGE('',*,*,#2899,.T.);
#697=ORIENTED_EDGE('',*,*,#2771,.T.);
#698=ORIENTED_EDGE('',*,*,#2629,.T.);
#699=ORIENTED_EDGE('',*,*,#2900,.T.);
#700=ORIENTED_EDGE('',*,*,#2617,.T.);
#701=ORIENTED_EDGE('',*,*,#2769,.T.);
#702=ORIENTED_EDGE('',*,*,#2657,.T.);
#703=ORIENTED_EDGE('',*,*,#2901,.T.);
#704=ORIENTED_EDGE('',*,*,#2645,.T.);
#705=ORIENTED_EDGE('',*,*,#2767,.T.);
#706=ORIENTED_EDGE('',*,*,#2512,.T.);
#707=ORIENTED_EDGE('',*,*,#2579,.T.);
#708=ORIENTED_EDGE('',*,*,#2902,.F.);
#709=ORIENTED_EDGE('',*,*,#2903,.F.);
#710=ORIENTED_EDGE('',*,*,#2904,.F.);
#711=ORIENTED_EDGE('',*,*,#2905,.F.);
#712=ORIENTED_EDGE('',*,*,#2906,.F.);
#713=ORIENTED_EDGE('',*,*,#2907,.F.);
#714=ORIENTED_EDGE('',*,*,#2908,.F.);
#715=ORIENTED_EDGE('',*,*,#2909,.F.);
#716=ORIENTED_EDGE('',*,*,#2910,.T.);
#717=ORIENTED_EDGE('',*,*,#2911,.F.);
#718=ORIENTED_EDGE('',*,*,#2912,.F.);
#719=ORIENTED_EDGE('',*,*,#2913,.T.);
#720=ORIENTED_EDGE('',*,*,#2797,.T.);
#721=ORIENTED_EDGE('',*,*,#2722,.T.);
#722=ORIENTED_EDGE('',*,*,#2737,.T.);
#723=ORIENTED_EDGE('',*,*,#2730,.F.);
#724=ORIENTED_EDGE('',*,*,#2795,.T.);
#725=ORIENTED_EDGE('',*,*,#2555,.T.);
#726=ORIENTED_EDGE('',*,*,#2572,.T.);
#727=ORIENTED_EDGE('',*,*,#2568,.F.);
#728=ORIENTED_EDGE('',*,*,#2804,.T.);
#729=ORIENTED_EDGE('',*,*,#2914,.F.);
#730=ORIENTED_EDGE('',*,*,#2886,.F.);
#731=ORIENTED_EDGE('',*,*,#2803,.T.);
#732=ORIENTED_EDGE('',*,*,#2807,.F.);
#733=ORIENTED_EDGE('',*,*,#2887,.F.);
#734=ORIENTED_EDGE('',*,*,#2914,.T.);
#735=ORIENTED_EDGE('',*,*,#2745,.T.);
#736=ORIENTED_EDGE('',*,*,#2798,.T.);
#737=ORIENTED_EDGE('',*,*,#2913,.F.);
#738=ORIENTED_EDGE('',*,*,#2915,.F.);
#739=ORIENTED_EDGE('',*,*,#2916,.F.);
#740=ORIENTED_EDGE('',*,*,#2917,.F.);
#741=ORIENTED_EDGE('',*,*,#2891,.F.);
#742=ORIENTED_EDGE('',*,*,#2893,.F.);
#743=ORIENTED_EDGE('',*,*,#2918,.T.);
#744=ORIENTED_EDGE('',*,*,#2919,.T.);
#745=ORIENTED_EDGE('',*,*,#2920,.T.);
#746=ORIENTED_EDGE('',*,*,#2911,.T.);
#747=ORIENTED_EDGE('',*,*,#2794,.T.);
#748=ORIENTED_EDGE('',*,*,#2755,.F.);
#749=ORIENTED_EDGE('',*,*,#2790,.T.);
#750=ORIENTED_EDGE('',*,*,#2921,.F.);
#751=ORIENTED_EDGE('',*,*,#2897,.F.);
#752=ORIENTED_EDGE('',*,*,#2762,.T.);
#753=ORIENTED_EDGE('',*,*,#2789,.T.);
#754=ORIENTED_EDGE('',*,*,#2574,.T.);
#755=ORIENTED_EDGE('',*,*,#2547,.T.);
#756=ORIENTED_EDGE('',*,*,#2562,.F.);
#757=ORIENTED_EDGE('',*,*,#2898,.F.);
#758=ORIENTED_EDGE('',*,*,#2921,.T.);
#759=ORIENTED_EDGE('',*,*,#2787,.T.);
#760=ORIENTED_EDGE('',*,*,#2772,.F.);
#761=ORIENTED_EDGE('',*,*,#2899,.F.);
#762=ORIENTED_EDGE('',*,*,#2564,.T.);
#763=ORIENTED_EDGE('',*,*,#2783,.T.);
#764=ORIENTED_EDGE('',*,*,#2922,.F.);
#765=ORIENTED_EDGE('',*,*,#2880,.F.);
#766=ORIENTED_EDGE('',*,*,#2765,.T.);
#767=ORIENTED_EDGE('',*,*,#2726,.F.);
#768=ORIENTED_EDGE('',*,*,#2780,.T.);
#769=ORIENTED_EDGE('',*,*,#2923,.F.);
#770=ORIENTED_EDGE('',*,*,#2881,.F.);
#771=ORIENTED_EDGE('',*,*,#2922,.T.);
#772=ORIENTED_EDGE('',*,*,#2782,.T.);
#773=ORIENTED_EDGE('',*,*,#2734,.T.);
#774=ORIENTED_EDGE('',*,*,#2739,.T.);
#775=ORIENTED_EDGE('',*,*,#2779,.T.);
#776=ORIENTED_EDGE('',*,*,#2752,.F.);
#777=ORIENTED_EDGE('',*,*,#2882,.F.);
#778=ORIENTED_EDGE('',*,*,#2923,.T.);
#779=ORIENTED_EDGE('',*,*,#2774,.T.);
#780=ORIENTED_EDGE('',*,*,#2552,.F.);
#781=ORIENTED_EDGE('',*,*,#2885,.F.);
#782=ORIENTED_EDGE('',*,*,#2808,.T.);
#783=ORIENTED_EDGE('',*,*,#2915,.T.);
#784=ORIENTED_EDGE('',*,*,#2912,.T.);
#785=ORIENTED_EDGE('',*,*,#2920,.F.);
#786=ORIENTED_EDGE('',*,*,#2924,.T.);
#787=ORIENTED_EDGE('',*,*,#2916,.T.);
#788=ORIENTED_EDGE('',*,*,#2924,.F.);
#789=ORIENTED_EDGE('',*,*,#2919,.F.);
#790=ORIENTED_EDGE('',*,*,#2925,.T.);
#791=ORIENTED_EDGE('',*,*,#2917,.T.);
#792=ORIENTED_EDGE('',*,*,#2925,.F.);
#793=ORIENTED_EDGE('',*,*,#2918,.F.);
#794=ORIENTED_EDGE('',*,*,#2892,.F.);
#795=ORIENTED_EDGE('',*,*,#2926,.T.);
#796=ORIENTED_EDGE('',*,*,#2910,.F.);
#797=ORIENTED_EDGE('',*,*,#2570,.T.);
#798=ORIENTED_EDGE('',*,*,#2926,.F.);
#799=ORIENTED_EDGE('',*,*,#2537,.F.);
#800=ORIENTED_EDGE('',*,*,#2927,.F.);
#801=ORIENTED_EDGE('',*,*,#2903,.T.);
#802=ORIENTED_EDGE('',*,*,#2928,.T.);
#803=ORIENTED_EDGE('',*,*,#2538,.F.);
#804=ORIENTED_EDGE('',*,*,#2928,.F.);
#805=ORIENTED_EDGE('',*,*,#2902,.T.);
#806=ORIENTED_EDGE('',*,*,#2929,.T.);
#807=ORIENTED_EDGE('',*,*,#2539,.F.);
#808=ORIENTED_EDGE('',*,*,#2929,.F.);
#809=ORIENTED_EDGE('',*,*,#2909,.T.);
#810=ORIENTED_EDGE('',*,*,#2930,.T.);
#811=ORIENTED_EDGE('',*,*,#2540,.F.);
#812=ORIENTED_EDGE('',*,*,#2930,.F.);
#813=ORIENTED_EDGE('',*,*,#2908,.T.);
#814=ORIENTED_EDGE('',*,*,#2931,.T.);
#815=ORIENTED_EDGE('',*,*,#2541,.F.);
#816=ORIENTED_EDGE('',*,*,#2931,.F.);
#817=ORIENTED_EDGE('',*,*,#2907,.T.);
#818=ORIENTED_EDGE('',*,*,#2932,.T.);
#819=ORIENTED_EDGE('',*,*,#2542,.F.);
#820=ORIENTED_EDGE('',*,*,#2932,.F.);
#821=ORIENTED_EDGE('',*,*,#2906,.T.);
#822=ORIENTED_EDGE('',*,*,#2933,.T.);
#823=ORIENTED_EDGE('',*,*,#2543,.F.);
#824=ORIENTED_EDGE('',*,*,#2933,.F.);
#825=ORIENTED_EDGE('',*,*,#2905,.T.);
#826=ORIENTED_EDGE('',*,*,#2934,.T.);
#827=ORIENTED_EDGE('',*,*,#2544,.F.);
#828=ORIENTED_EDGE('',*,*,#2934,.F.);
#829=ORIENTED_EDGE('',*,*,#2904,.T.);
#830=ORIENTED_EDGE('',*,*,#2927,.T.);
#831=ORIENTED_EDGE('',*,*,#2605,.T.);
#832=ORIENTED_EDGE('',*,*,#2596,.F.);
#833=ORIENTED_EDGE('',*,*,#2888,.F.);
#834=ORIENTED_EDGE('',*,*,#2582,.T.);
#835=ORIENTED_EDGE('',*,*,#2607,.T.);
#836=ORIENTED_EDGE('',*,*,#2590,.F.);
#837=ORIENTED_EDGE('',*,*,#2884,.F.);
#838=ORIENTED_EDGE('',*,*,#2600,.T.);
#839=ORIENTED_EDGE('',*,*,#2633,.T.);
#840=ORIENTED_EDGE('',*,*,#2624,.F.);
#841=ORIENTED_EDGE('',*,*,#2896,.F.);
#842=ORIENTED_EDGE('',*,*,#2610,.T.);
#843=ORIENTED_EDGE('',*,*,#2635,.T.);
#844=ORIENTED_EDGE('',*,*,#2618,.F.);
#845=ORIENTED_EDGE('',*,*,#2900,.F.);
#846=ORIENTED_EDGE('',*,*,#2628,.T.);
#847=ORIENTED_EDGE('',*,*,#2661,.T.);
#848=ORIENTED_EDGE('',*,*,#2652,.F.);
#849=ORIENTED_EDGE('',*,*,#2895,.F.);
#850=ORIENTED_EDGE('',*,*,#2638,.T.);
#851=ORIENTED_EDGE('',*,*,#2663,.T.);
#852=ORIENTED_EDGE('',*,*,#2646,.F.);
#853=ORIENTED_EDGE('',*,*,#2901,.F.);
#854=ORIENTED_EDGE('',*,*,#2656,.T.);
#855=ORIENTED_EDGE('',*,*,#2677,.T.);
#856=ORIENTED_EDGE('',*,*,#2674,.F.);
#857=ORIENTED_EDGE('',*,*,#2894,.F.);
#858=ORIENTED_EDGE('',*,*,#2666,.T.);
#859=ORIENTED_EDGE('',*,*,#2691,.T.);
#860=ORIENTED_EDGE('',*,*,#2688,.F.);
#861=ORIENTED_EDGE('',*,*,#2890,.F.);
#862=ORIENTED_EDGE('',*,*,#2680,.T.);
#863=ORIENTED_EDGE('',*,*,#2717,.T.);
#864=ORIENTED_EDGE('',*,*,#2708,.F.);
#865=ORIENTED_EDGE('',*,*,#2889,.F.);
#866=ORIENTED_EDGE('',*,*,#2694,.T.);
#867=ORIENTED_EDGE('',*,*,#2719,.T.);
#868=ORIENTED_EDGE('',*,*,#2702,.F.);
#869=ORIENTED_EDGE('',*,*,#2883,.F.);
#870=ORIENTED_EDGE('',*,*,#2712,.T.);
#871=ORIENTED_EDGE('',*,*,#2724,.T.);
#872=ORIENTED_EDGE('',*,*,#2738,.T.);
#873=ORIENTED_EDGE('',*,*,#2732,.T.);
#874=ORIENTED_EDGE('',*,*,#2781,.T.);
#875=ORIENTED_EDGE('',*,*,#2720,.T.);
#876=ORIENTED_EDGE('',*,*,#2796,.F.);
#877=ORIENTED_EDGE('',*,*,#2728,.T.);
#878=ORIENTED_EDGE('',*,*,#2736,.T.);
#879=ORIENTED_EDGE('',*,*,#2698,.T.);
#880=ORIENTED_EDGE('',*,*,#2718,.T.);
#881=ORIENTED_EDGE('',*,*,#2710,.T.);
#882=ORIENTED_EDGE('',*,*,#2777,.T.);
#883=ORIENTED_EDGE('',*,*,#2692,.T.);
#884=ORIENTED_EDGE('',*,*,#2800,.F.);
#885=ORIENTED_EDGE('',*,*,#2704,.T.);
#886=ORIENTED_EDGE('',*,*,#2716,.T.);
#887=ORIENTED_EDGE('',*,*,#2521,.T.);
#888=ORIENTED_EDGE('',*,*,#2536,.T.);
#889=ORIENTED_EDGE('',*,*,#2533,.T.);
#890=ORIENTED_EDGE('',*,*,#2778,.T.);
#891=ORIENTED_EDGE('',*,*,#2678,.T.);
#892=ORIENTED_EDGE('',*,*,#2799,.F.);
#893=ORIENTED_EDGE('',*,*,#2684,.T.);
#894=ORIENTED_EDGE('',*,*,#2690,.T.);
#895=ORIENTED_EDGE('',*,*,#2503,.T.);
#896=ORIENTED_EDGE('',*,*,#2518,.T.);
#897=ORIENTED_EDGE('',*,*,#2515,.T.);
#898=ORIENTED_EDGE('',*,*,#2784,.T.);
#899=ORIENTED_EDGE('',*,*,#2664,.T.);
#900=ORIENTED_EDGE('',*,*,#2793,.F.);
#901=ORIENTED_EDGE('',*,*,#2670,.T.);
#902=ORIENTED_EDGE('',*,*,#2676,.T.);
#903=ORIENTED_EDGE('',*,*,#2642,.T.);
#904=ORIENTED_EDGE('',*,*,#2662,.T.);
#905=ORIENTED_EDGE('',*,*,#2654,.T.);
#906=ORIENTED_EDGE('',*,*,#2785,.T.);
#907=ORIENTED_EDGE('',*,*,#2636,.T.);
#908=ORIENTED_EDGE('',*,*,#2792,.F.);
#909=ORIENTED_EDGE('',*,*,#2648,.T.);
#910=ORIENTED_EDGE('',*,*,#2660,.T.);
#911=ORIENTED_EDGE('',*,*,#2614,.T.);
#912=ORIENTED_EDGE('',*,*,#2634,.T.);
#913=ORIENTED_EDGE('',*,*,#2626,.T.);
#914=ORIENTED_EDGE('',*,*,#2786,.T.);
#915=ORIENTED_EDGE('',*,*,#2608,.T.);
#916=ORIENTED_EDGE('',*,*,#2791,.F.);
#917=ORIENTED_EDGE('',*,*,#2620,.T.);
#918=ORIENTED_EDGE('',*,*,#2632,.T.);
#919=ORIENTED_EDGE('',*,*,#2580,.T.);
#920=ORIENTED_EDGE('',*,*,#2801,.F.);
#921=ORIENTED_EDGE('',*,*,#2592,.T.);
#922=ORIENTED_EDGE('',*,*,#2604,.T.);
#923=ORIENTED_EDGE('',*,*,#2586,.T.);
#924=ORIENTED_EDGE('',*,*,#2606,.T.);
#925=ORIENTED_EDGE('',*,*,#2598,.T.);
#926=ORIENTED_EDGE('',*,*,#2776,.T.);
#927=ORIENTED_EDGE('',*,*,#2508,.T.);
#928=ORIENTED_EDGE('',*,*,#2578,.T.);
#929=ORIENTED_EDGE('',*,*,#2510,.T.);
#930=ORIENTED_EDGE('',*,*,#2935,.T.);
#931=ORIENTED_EDGE('',*,*,#2501,.T.);
#932=ORIENTED_EDGE('',*,*,#2935,.F.);
#933=ORIENTED_EDGE('',*,*,#2509,.T.);
#934=ORIENTED_EDGE('',*,*,#2517,.T.);
#935=ORIENTED_EDGE('',*,*,#2526,.T.);
#936=ORIENTED_EDGE('',*,*,#2576,.T.);
#937=ORIENTED_EDGE('',*,*,#2528,.T.);
#938=ORIENTED_EDGE('',*,*,#2936,.T.);
#939=ORIENTED_EDGE('',*,*,#2519,.T.);
#940=ORIENTED_EDGE('',*,*,#2936,.F.);
#941=ORIENTED_EDGE('',*,*,#2527,.T.);
#942=ORIENTED_EDGE('',*,*,#2535,.T.);
#943=ORIENTED_EDGE('',*,*,#2558,.T.);
#944=ORIENTED_EDGE('',*,*,#2545,.T.);
#945=ORIENTED_EDGE('',*,*,#2573,.T.);
#946=ORIENTED_EDGE('',*,*,#2788,.F.);
#947=ORIENTED_EDGE('',*,*,#2553,.T.);
#948=ORIENTED_EDGE('',*,*,#2805,.F.);
#949=ORIENTED_EDGE('',*,*,#2566,.T.);
#950=ORIENTED_EDGE('',*,*,#2571,.T.);
#951=ORIENTED_EDGE('',*,*,#2875,.T.);
#952=ORIENTED_EDGE('',*,*,#2937,.F.);
#953=ORIENTED_EDGE('',*,*,#2938,.F.);
#954=ORIENTED_EDGE('',*,*,#2939,.T.);
#955=ORIENTED_EDGE('',*,*,#2879,.T.);
#956=ORIENTED_EDGE('',*,*,#2940,.F.);
#957=ORIENTED_EDGE('',*,*,#2941,.F.);
#958=ORIENTED_EDGE('',*,*,#2937,.T.);
#959=ORIENTED_EDGE('',*,*,#2878,.T.);
#960=ORIENTED_EDGE('',*,*,#2942,.F.);
#961=ORIENTED_EDGE('',*,*,#2943,.F.);
#962=ORIENTED_EDGE('',*,*,#2940,.T.);
#963=ORIENTED_EDGE('',*,*,#2877,.T.);
#964=ORIENTED_EDGE('',*,*,#2944,.F.);
#965=ORIENTED_EDGE('',*,*,#2945,.F.);
#966=ORIENTED_EDGE('',*,*,#2942,.T.);
#967=ORIENTED_EDGE('',*,*,#2876,.T.);
#968=ORIENTED_EDGE('',*,*,#2939,.F.);
#969=ORIENTED_EDGE('',*,*,#2946,.F.);
#970=ORIENTED_EDGE('',*,*,#2944,.T.);
#971=ORIENTED_EDGE('',*,*,#2938,.T.);
#972=ORIENTED_EDGE('',*,*,#2941,.T.);
#973=ORIENTED_EDGE('',*,*,#2943,.T.);
#974=ORIENTED_EDGE('',*,*,#2945,.T.);
#975=ORIENTED_EDGE('',*,*,#2946,.T.);
#976=ORIENTED_EDGE('',*,*,#2870,.T.);
#977=ORIENTED_EDGE('',*,*,#2947,.F.);
#978=ORIENTED_EDGE('',*,*,#2948,.F.);
#979=ORIENTED_EDGE('',*,*,#2949,.T.);
#980=ORIENTED_EDGE('',*,*,#2874,.T.);
#981=ORIENTED_EDGE('',*,*,#2950,.F.);
#982=ORIENTED_EDGE('',*,*,#2951,.F.);
#983=ORIENTED_EDGE('',*,*,#2947,.T.);
#984=ORIENTED_EDGE('',*,*,#2873,.T.);
#985=ORIENTED_EDGE('',*,*,#2952,.F.);
#986=ORIENTED_EDGE('',*,*,#2953,.F.);
#987=ORIENTED_EDGE('',*,*,#2950,.T.);
#988=ORIENTED_EDGE('',*,*,#2872,.T.);
#989=ORIENTED_EDGE('',*,*,#2954,.F.);
#990=ORIENTED_EDGE('',*,*,#2955,.F.);
#991=ORIENTED_EDGE('',*,*,#2952,.T.);
#992=ORIENTED_EDGE('',*,*,#2871,.T.);
#993=ORIENTED_EDGE('',*,*,#2949,.F.);
#994=ORIENTED_EDGE('',*,*,#2956,.F.);
#995=ORIENTED_EDGE('',*,*,#2954,.T.);
#996=ORIENTED_EDGE('',*,*,#2948,.T.);
#997=ORIENTED_EDGE('',*,*,#2951,.T.);
#998=ORIENTED_EDGE('',*,*,#2953,.T.);
#999=ORIENTED_EDGE('',*,*,#2955,.T.);
#1000=ORIENTED_EDGE('',*,*,#2956,.T.);
#1001=ORIENTED_EDGE('',*,*,#2864,.T.);
#1002=ORIENTED_EDGE('',*,*,#2957,.F.);
#1003=ORIENTED_EDGE('',*,*,#2958,.F.);
#1004=ORIENTED_EDGE('',*,*,#2959,.T.);
#1005=ORIENTED_EDGE('',*,*,#2869,.T.);
#1006=ORIENTED_EDGE('',*,*,#2960,.F.);
#1007=ORIENTED_EDGE('',*,*,#2961,.F.);
#1008=ORIENTED_EDGE('',*,*,#2957,.T.);
#1009=ORIENTED_EDGE('',*,*,#2868,.T.);
#1010=ORIENTED_EDGE('',*,*,#2962,.F.);
#1011=ORIENTED_EDGE('',*,*,#2963,.F.);
#1012=ORIENTED_EDGE('',*,*,#2960,.T.);
#1013=ORIENTED_EDGE('',*,*,#2867,.T.);
#1014=ORIENTED_EDGE('',*,*,#2964,.F.);
#1015=ORIENTED_EDGE('',*,*,#2965,.F.);
#1016=ORIENTED_EDGE('',*,*,#2962,.T.);
#1017=ORIENTED_EDGE('',*,*,#2866,.T.);
#1018=ORIENTED_EDGE('',*,*,#2966,.F.);
#1019=ORIENTED_EDGE('',*,*,#2967,.F.);
#1020=ORIENTED_EDGE('',*,*,#2964,.T.);
#1021=ORIENTED_EDGE('',*,*,#2865,.T.);
#1022=ORIENTED_EDGE('',*,*,#2959,.F.);
#1023=ORIENTED_EDGE('',*,*,#2968,.F.);
#1024=ORIENTED_EDGE('',*,*,#2966,.T.);
#1025=ORIENTED_EDGE('',*,*,#2958,.T.);
#1026=ORIENTED_EDGE('',*,*,#2961,.T.);
#1027=ORIENTED_EDGE('',*,*,#2963,.T.);
#1028=ORIENTED_EDGE('',*,*,#2965,.T.);
#1029=ORIENTED_EDGE('',*,*,#2967,.T.);
#1030=ORIENTED_EDGE('',*,*,#2968,.T.);
#1031=ORIENTED_EDGE('',*,*,#2858,.T.);
#1032=ORIENTED_EDGE('',*,*,#2969,.F.);
#1033=ORIENTED_EDGE('',*,*,#2970,.F.);
#1034=ORIENTED_EDGE('',*,*,#2971,.T.);
#1035=ORIENTED_EDGE('',*,*,#2863,.T.);
#1036=ORIENTED_EDGE('',*,*,#2972,.F.);
#1037=ORIENTED_EDGE('',*,*,#2973,.F.);
#1038=ORIENTED_EDGE('',*,*,#2969,.T.);
#1039=ORIENTED_EDGE('',*,*,#2862,.T.);
#1040=ORIENTED_EDGE('',*,*,#2974,.F.);
#1041=ORIENTED_EDGE('',*,*,#2975,.F.);
#1042=ORIENTED_EDGE('',*,*,#2972,.T.);
#1043=ORIENTED_EDGE('',*,*,#2861,.T.);
#1044=ORIENTED_EDGE('',*,*,#2976,.F.);
#1045=ORIENTED_EDGE('',*,*,#2977,.F.);
#1046=ORIENTED_EDGE('',*,*,#2974,.T.);
#1047=ORIENTED_EDGE('',*,*,#2860,.T.);
#1048=ORIENTED_EDGE('',*,*,#2978,.F.);
#1049=ORIENTED_EDGE('',*,*,#2979,.F.);
#1050=ORIENTED_EDGE('',*,*,#2976,.T.);
#1051=ORIENTED_EDGE('',*,*,#2859,.T.);
#1052=ORIENTED_EDGE('',*,*,#2971,.F.);
#1053=ORIENTED_EDGE('',*,*,#2980,.F.);
#1054=ORIENTED_EDGE('',*,*,#2978,.T.);
#1055=ORIENTED_EDGE('',*,*,#2970,.T.);
#1056=ORIENTED_EDGE('',*,*,#2973,.T.);
#1057=ORIENTED_EDGE('',*,*,#2975,.T.);
#1058=ORIENTED_EDGE('',*,*,#2977,.T.);
#1059=ORIENTED_EDGE('',*,*,#2979,.T.);
#1060=ORIENTED_EDGE('',*,*,#2980,.T.);
#1061=ORIENTED_EDGE('',*,*,#2854,.T.);
#1062=ORIENTED_EDGE('',*,*,#2981,.F.);
#1063=ORIENTED_EDGE('',*,*,#2982,.F.);
#1064=ORIENTED_EDGE('',*,*,#2983,.T.);
#1065=ORIENTED_EDGE('',*,*,#2857,.T.);
#1066=ORIENTED_EDGE('',*,*,#2984,.F.);
#1067=ORIENTED_EDGE('',*,*,#2985,.F.);
#1068=ORIENTED_EDGE('',*,*,#2981,.T.);
#1069=ORIENTED_EDGE('',*,*,#2856,.T.);
#1070=ORIENTED_EDGE('',*,*,#2986,.F.);
#1071=ORIENTED_EDGE('',*,*,#2987,.F.);
#1072=ORIENTED_EDGE('',*,*,#2984,.T.);
#1073=ORIENTED_EDGE('',*,*,#2855,.T.);
#1074=ORIENTED_EDGE('',*,*,#2983,.F.);
#1075=ORIENTED_EDGE('',*,*,#2988,.F.);
#1076=ORIENTED_EDGE('',*,*,#2986,.T.);
#1077=ORIENTED_EDGE('',*,*,#2982,.T.);
#1078=ORIENTED_EDGE('',*,*,#2985,.T.);
#1079=ORIENTED_EDGE('',*,*,#2987,.T.);
#1080=ORIENTED_EDGE('',*,*,#2988,.T.);
#1081=ORIENTED_EDGE('',*,*,#2850,.T.);
#1082=ORIENTED_EDGE('',*,*,#2989,.F.);
#1083=ORIENTED_EDGE('',*,*,#2990,.F.);
#1084=ORIENTED_EDGE('',*,*,#2991,.T.);
#1085=ORIENTED_EDGE('',*,*,#2853,.T.);
#1086=ORIENTED_EDGE('',*,*,#2992,.F.);
#1087=ORIENTED_EDGE('',*,*,#2993,.F.);
#1088=ORIENTED_EDGE('',*,*,#2989,.T.);
#1089=ORIENTED_EDGE('',*,*,#2852,.T.);
#1090=ORIENTED_EDGE('',*,*,#2994,.F.);
#1091=ORIENTED_EDGE('',*,*,#2995,.F.);
#1092=ORIENTED_EDGE('',*,*,#2992,.T.);
#1093=ORIENTED_EDGE('',*,*,#2851,.T.);
#1094=ORIENTED_EDGE('',*,*,#2991,.F.);
#1095=ORIENTED_EDGE('',*,*,#2996,.F.);
#1096=ORIENTED_EDGE('',*,*,#2994,.T.);
#1097=ORIENTED_EDGE('',*,*,#2990,.T.);
#1098=ORIENTED_EDGE('',*,*,#2993,.T.);
#1099=ORIENTED_EDGE('',*,*,#2995,.T.);
#1100=ORIENTED_EDGE('',*,*,#2996,.T.);
#1101=ORIENTED_EDGE('',*,*,#2846,.T.);
#1102=ORIENTED_EDGE('',*,*,#2997,.F.);
#1103=ORIENTED_EDGE('',*,*,#2998,.F.);
#1104=ORIENTED_EDGE('',*,*,#2999,.T.);
#1105=ORIENTED_EDGE('',*,*,#2849,.T.);
#1106=ORIENTED_EDGE('',*,*,#3000,.F.);
#1107=ORIENTED_EDGE('',*,*,#3001,.F.);
#1108=ORIENTED_EDGE('',*,*,#2997,.T.);
#1109=ORIENTED_EDGE('',*,*,#2848,.T.);
#1110=ORIENTED_EDGE('',*,*,#3002,.F.);
#1111=ORIENTED_EDGE('',*,*,#3003,.F.);
#1112=ORIENTED_EDGE('',*,*,#3000,.T.);
#1113=ORIENTED_EDGE('',*,*,#2847,.T.);
#1114=ORIENTED_EDGE('',*,*,#2999,.F.);
#1115=ORIENTED_EDGE('',*,*,#3004,.F.);
#1116=ORIENTED_EDGE('',*,*,#3002,.T.);
#1117=ORIENTED_EDGE('',*,*,#2998,.T.);
#1118=ORIENTED_EDGE('',*,*,#3001,.T.);
#1119=ORIENTED_EDGE('',*,*,#3003,.T.);
#1120=ORIENTED_EDGE('',*,*,#3004,.T.);
#1121=ORIENTED_EDGE('',*,*,#2842,.T.);
#1122=ORIENTED_EDGE('',*,*,#3005,.F.);
#1123=ORIENTED_EDGE('',*,*,#3006,.F.);
#1124=ORIENTED_EDGE('',*,*,#3007,.T.);
#1125=ORIENTED_EDGE('',*,*,#2845,.T.);
#1126=ORIENTED_EDGE('',*,*,#3008,.F.);
#1127=ORIENTED_EDGE('',*,*,#3009,.F.);
#1128=ORIENTED_EDGE('',*,*,#3005,.T.);
#1129=ORIENTED_EDGE('',*,*,#2844,.T.);
#1130=ORIENTED_EDGE('',*,*,#3010,.F.);
#1131=ORIENTED_EDGE('',*,*,#3011,.F.);
#1132=ORIENTED_EDGE('',*,*,#3008,.T.);
#1133=ORIENTED_EDGE('',*,*,#2843,.T.);
#1134=ORIENTED_EDGE('',*,*,#3007,.F.);
#1135=ORIENTED_EDGE('',*,*,#3012,.F.);
#1136=ORIENTED_EDGE('',*,*,#3010,.T.);
#1137=ORIENTED_EDGE('',*,*,#3006,.T.);
#1138=ORIENTED_EDGE('',*,*,#3009,.T.);
#1139=ORIENTED_EDGE('',*,*,#3011,.T.);
#1140=ORIENTED_EDGE('',*,*,#3012,.T.);
#1141=ORIENTED_EDGE('',*,*,#2838,.T.);
#1142=ORIENTED_EDGE('',*,*,#3013,.F.);
#1143=ORIENTED_EDGE('',*,*,#3014,.F.);
#1144=ORIENTED_EDGE('',*,*,#3015,.T.);
#1145=ORIENTED_EDGE('',*,*,#2841,.T.);
#1146=ORIENTED_EDGE('',*,*,#3016,.F.);
#1147=ORIENTED_EDGE('',*,*,#3017,.F.);
#1148=ORIENTED_EDGE('',*,*,#3013,.T.);
#1149=ORIENTED_EDGE('',*,*,#2840,.T.);
#1150=ORIENTED_EDGE('',*,*,#3018,.F.);
#1151=ORIENTED_EDGE('',*,*,#3019,.F.);
#1152=ORIENTED_EDGE('',*,*,#3016,.T.);
#1153=ORIENTED_EDGE('',*,*,#2839,.T.);
#1154=ORIENTED_EDGE('',*,*,#3015,.F.);
#1155=ORIENTED_EDGE('',*,*,#3020,.F.);
#1156=ORIENTED_EDGE('',*,*,#3018,.T.);
#1157=ORIENTED_EDGE('',*,*,#3014,.T.);
#1158=ORIENTED_EDGE('',*,*,#3017,.T.);
#1159=ORIENTED_EDGE('',*,*,#3019,.T.);
#1160=ORIENTED_EDGE('',*,*,#3020,.T.);
#1161=ORIENTED_EDGE('',*,*,#2834,.T.);
#1162=ORIENTED_EDGE('',*,*,#3021,.F.);
#1163=ORIENTED_EDGE('',*,*,#3022,.F.);
#1164=ORIENTED_EDGE('',*,*,#3023,.T.);
#1165=ORIENTED_EDGE('',*,*,#2837,.T.);
#1166=ORIENTED_EDGE('',*,*,#3024,.F.);
#1167=ORIENTED_EDGE('',*,*,#3025,.F.);
#1168=ORIENTED_EDGE('',*,*,#3021,.T.);
#1169=ORIENTED_EDGE('',*,*,#2836,.T.);
#1170=ORIENTED_EDGE('',*,*,#3026,.F.);
#1171=ORIENTED_EDGE('',*,*,#3027,.F.);
#1172=ORIENTED_EDGE('',*,*,#3024,.T.);
#1173=ORIENTED_EDGE('',*,*,#2835,.T.);
#1174=ORIENTED_EDGE('',*,*,#3023,.F.);
#1175=ORIENTED_EDGE('',*,*,#3028,.F.);
#1176=ORIENTED_EDGE('',*,*,#3026,.T.);
#1177=ORIENTED_EDGE('',*,*,#3022,.T.);
#1178=ORIENTED_EDGE('',*,*,#3025,.T.);
#1179=ORIENTED_EDGE('',*,*,#3027,.T.);
#1180=ORIENTED_EDGE('',*,*,#3028,.T.);
#1181=ORIENTED_EDGE('',*,*,#2830,.T.);
#1182=ORIENTED_EDGE('',*,*,#3029,.F.);
#1183=ORIENTED_EDGE('',*,*,#3030,.F.);
#1184=ORIENTED_EDGE('',*,*,#3031,.T.);
#1185=ORIENTED_EDGE('',*,*,#2833,.T.);
#1186=ORIENTED_EDGE('',*,*,#3032,.F.);
#1187=ORIENTED_EDGE('',*,*,#3033,.F.);
#1188=ORIENTED_EDGE('',*,*,#3029,.T.);
#1189=ORIENTED_EDGE('',*,*,#2832,.T.);
#1190=ORIENTED_EDGE('',*,*,#3034,.F.);
#1191=ORIENTED_EDGE('',*,*,#3035,.F.);
#1192=ORIENTED_EDGE('',*,*,#3032,.T.);
#1193=ORIENTED_EDGE('',*,*,#2831,.T.);
#1194=ORIENTED_EDGE('',*,*,#3031,.F.);
#1195=ORIENTED_EDGE('',*,*,#3036,.F.);
#1196=ORIENTED_EDGE('',*,*,#3034,.T.);
#1197=ORIENTED_EDGE('',*,*,#3030,.T.);
#1198=ORIENTED_EDGE('',*,*,#3033,.T.);
#1199=ORIENTED_EDGE('',*,*,#3035,.T.);
#1200=ORIENTED_EDGE('',*,*,#3036,.T.);
#1201=ORIENTED_EDGE('',*,*,#2826,.T.);
#1202=ORIENTED_EDGE('',*,*,#3037,.F.);
#1203=ORIENTED_EDGE('',*,*,#3038,.F.);
#1204=ORIENTED_EDGE('',*,*,#3039,.T.);
#1205=ORIENTED_EDGE('',*,*,#2829,.T.);
#1206=ORIENTED_EDGE('',*,*,#3040,.F.);
#1207=ORIENTED_EDGE('',*,*,#3041,.F.);
#1208=ORIENTED_EDGE('',*,*,#3037,.T.);
#1209=ORIENTED_EDGE('',*,*,#2828,.T.);
#1210=ORIENTED_EDGE('',*,*,#3042,.F.);
#1211=ORIENTED_EDGE('',*,*,#3043,.F.);
#1212=ORIENTED_EDGE('',*,*,#3040,.T.);
#1213=ORIENTED_EDGE('',*,*,#2827,.T.);
#1214=ORIENTED_EDGE('',*,*,#3039,.F.);
#1215=ORIENTED_EDGE('',*,*,#3044,.F.);
#1216=ORIENTED_EDGE('',*,*,#3042,.T.);
#1217=ORIENTED_EDGE('',*,*,#3038,.T.);
#1218=ORIENTED_EDGE('',*,*,#3041,.T.);
#1219=ORIENTED_EDGE('',*,*,#3043,.T.);
#1220=ORIENTED_EDGE('',*,*,#3044,.T.);
#1221=ORIENTED_EDGE('',*,*,#2822,.T.);
#1222=ORIENTED_EDGE('',*,*,#3045,.F.);
#1223=ORIENTED_EDGE('',*,*,#3046,.F.);
#1224=ORIENTED_EDGE('',*,*,#3047,.T.);
#1225=ORIENTED_EDGE('',*,*,#2825,.T.);
#1226=ORIENTED_EDGE('',*,*,#3048,.F.);
#1227=ORIENTED_EDGE('',*,*,#3049,.F.);
#1228=ORIENTED_EDGE('',*,*,#3045,.T.);
#1229=ORIENTED_EDGE('',*,*,#2824,.T.);
#1230=ORIENTED_EDGE('',*,*,#3050,.F.);
#1231=ORIENTED_EDGE('',*,*,#3051,.F.);
#1232=ORIENTED_EDGE('',*,*,#3048,.T.);
#1233=ORIENTED_EDGE('',*,*,#2823,.T.);
#1234=ORIENTED_EDGE('',*,*,#3047,.F.);
#1235=ORIENTED_EDGE('',*,*,#3052,.F.);
#1236=ORIENTED_EDGE('',*,*,#3050,.T.);
#1237=ORIENTED_EDGE('',*,*,#3046,.T.);
#1238=ORIENTED_EDGE('',*,*,#3049,.T.);
#1239=ORIENTED_EDGE('',*,*,#3051,.T.);
#1240=ORIENTED_EDGE('',*,*,#3052,.T.);
#1241=ORIENTED_EDGE('',*,*,#2818,.T.);
#1242=ORIENTED_EDGE('',*,*,#3053,.F.);
#1243=ORIENTED_EDGE('',*,*,#3054,.F.);
#1244=ORIENTED_EDGE('',*,*,#3055,.T.);
#1245=ORIENTED_EDGE('',*,*,#2821,.T.);
#1246=ORIENTED_EDGE('',*,*,#3056,.F.);
#1247=ORIENTED_EDGE('',*,*,#3057,.F.);
#1248=ORIENTED_EDGE('',*,*,#3053,.T.);
#1249=ORIENTED_EDGE('',*,*,#2820,.T.);
#1250=ORIENTED_EDGE('',*,*,#3058,.F.);
#1251=ORIENTED_EDGE('',*,*,#3059,.F.);
#1252=ORIENTED_EDGE('',*,*,#3056,.T.);
#1253=ORIENTED_EDGE('',*,*,#2819,.T.);
#1254=ORIENTED_EDGE('',*,*,#3055,.F.);
#1255=ORIENTED_EDGE('',*,*,#3060,.F.);
#1256=ORIENTED_EDGE('',*,*,#3058,.T.);
#1257=ORIENTED_EDGE('',*,*,#3054,.T.);
#1258=ORIENTED_EDGE('',*,*,#3057,.T.);
#1259=ORIENTED_EDGE('',*,*,#3059,.T.);
#1260=ORIENTED_EDGE('',*,*,#3060,.T.);
#1261=ORIENTED_EDGE('',*,*,#2814,.T.);
#1262=ORIENTED_EDGE('',*,*,#3061,.F.);
#1263=ORIENTED_EDGE('',*,*,#3062,.F.);
#1264=ORIENTED_EDGE('',*,*,#3063,.T.);
#1265=ORIENTED_EDGE('',*,*,#2817,.T.);
#1266=ORIENTED_EDGE('',*,*,#3064,.F.);
#1267=ORIENTED_EDGE('',*,*,#3065,.F.);
#1268=ORIENTED_EDGE('',*,*,#3061,.T.);
#1269=ORIENTED_EDGE('',*,*,#2816,.T.);
#1270=ORIENTED_EDGE('',*,*,#3066,.F.);
#1271=ORIENTED_EDGE('',*,*,#3067,.F.);
#1272=ORIENTED_EDGE('',*,*,#3064,.T.);
#1273=ORIENTED_EDGE('',*,*,#2815,.T.);
#1274=ORIENTED_EDGE('',*,*,#3063,.F.);
#1275=ORIENTED_EDGE('',*,*,#3068,.F.);
#1276=ORIENTED_EDGE('',*,*,#3066,.T.);
#1277=ORIENTED_EDGE('',*,*,#3062,.T.);
#1278=ORIENTED_EDGE('',*,*,#3065,.T.);
#1279=ORIENTED_EDGE('',*,*,#3067,.T.);
#1280=ORIENTED_EDGE('',*,*,#3068,.T.);
#1281=ORIENTED_EDGE('',*,*,#2810,.T.);
#1282=ORIENTED_EDGE('',*,*,#3069,.F.);
#1283=ORIENTED_EDGE('',*,*,#3070,.F.);
#1284=ORIENTED_EDGE('',*,*,#3071,.T.);
#1285=ORIENTED_EDGE('',*,*,#2813,.T.);
#1286=ORIENTED_EDGE('',*,*,#3072,.F.);
#1287=ORIENTED_EDGE('',*,*,#3073,.F.);
#1288=ORIENTED_EDGE('',*,*,#3069,.T.);
#1289=ORIENTED_EDGE('',*,*,#2812,.T.);
#1290=ORIENTED_EDGE('',*,*,#3074,.F.);
#1291=ORIENTED_EDGE('',*,*,#3075,.F.);
#1292=ORIENTED_EDGE('',*,*,#3072,.T.);
#1293=ORIENTED_EDGE('',*,*,#2811,.T.);
#1294=ORIENTED_EDGE('',*,*,#3071,.F.);
#1295=ORIENTED_EDGE('',*,*,#3076,.F.);
#1296=ORIENTED_EDGE('',*,*,#3074,.T.);
#1297=ORIENTED_EDGE('',*,*,#3070,.T.);
#1298=ORIENTED_EDGE('',*,*,#3073,.T.);
#1299=ORIENTED_EDGE('',*,*,#3075,.T.);
#1300=ORIENTED_EDGE('',*,*,#3076,.T.);
#1301=ORIENTED_EDGE('',*,*,#3077,.F.);
#1302=ORIENTED_EDGE('',*,*,#3078,.T.);
#1303=ORIENTED_EDGE('',*,*,#3079,.F.);
#1304=ORIENTED_EDGE('',*,*,#3080,.F.);
#1305=ORIENTED_EDGE('',*,*,#3081,.F.);
#1306=ORIENTED_EDGE('',*,*,#3082,.F.);
#1307=ORIENTED_EDGE('',*,*,#3083,.T.);
#1308=ORIENTED_EDGE('',*,*,#3084,.T.);
#1309=ORIENTED_EDGE('',*,*,#3082,.T.);
#1310=ORIENTED_EDGE('',*,*,#3085,.T.);
#1311=ORIENTED_EDGE('',*,*,#3080,.T.);
#1312=ORIENTED_EDGE('',*,*,#3086,.T.);
#1313=ORIENTED_EDGE('',*,*,#3087,.F.);
#1314=ORIENTED_EDGE('',*,*,#3084,.F.);
#1315=ORIENTED_EDGE('',*,*,#3088,.F.);
#1316=ORIENTED_EDGE('',*,*,#3078,.F.);
#1317=ORIENTED_EDGE('',*,*,#3089,.F.);
#1318=ORIENTED_EDGE('',*,*,#3090,.T.);
#1319=ORIENTED_EDGE('',*,*,#3091,.T.);
#1320=ORIENTED_EDGE('',*,*,#3092,.F.);
#1321=ORIENTED_EDGE('',*,*,#3093,.F.);
#1322=ORIENTED_EDGE('',*,*,#3094,.F.);
#1323=ORIENTED_EDGE('',*,*,#3095,.F.);
#1324=ORIENTED_EDGE('',*,*,#3096,.T.);
#1325=ORIENTED_EDGE('',*,*,#3097,.F.);
#1326=ORIENTED_EDGE('',*,*,#3098,.T.);
#1327=ORIENTED_EDGE('',*,*,#3099,.F.);
#1328=ORIENTED_EDGE('',*,*,#3100,.F.);
#1329=ORIENTED_EDGE('',*,*,#3101,.F.);
#1330=ORIENTED_EDGE('',*,*,#3102,.T.);
#1331=ORIENTED_EDGE('',*,*,#3103,.F.);
#1332=ORIENTED_EDGE('',*,*,#3104,.F.);
#1333=ORIENTED_EDGE('',*,*,#3105,.F.);
#1334=ORIENTED_EDGE('',*,*,#3106,.T.);
#1335=ORIENTED_EDGE('',*,*,#3107,.F.);
#1336=ORIENTED_EDGE('',*,*,#3108,.F.);
#1337=ORIENTED_EDGE('',*,*,#3109,.F.);
#1338=ORIENTED_EDGE('',*,*,#3110,.T.);
#1339=ORIENTED_EDGE('',*,*,#3111,.F.);
#1340=ORIENTED_EDGE('',*,*,#3112,.F.);
#1341=ORIENTED_EDGE('',*,*,#3113,.F.);
#1342=ORIENTED_EDGE('',*,*,#3114,.T.);
#1343=ORIENTED_EDGE('',*,*,#3115,.F.);
#1344=ORIENTED_EDGE('',*,*,#3116,.F.);
#1345=ORIENTED_EDGE('',*,*,#3117,.F.);
#1346=ORIENTED_EDGE('',*,*,#3118,.T.);
#1347=ORIENTED_EDGE('',*,*,#3119,.F.);
#1348=ORIENTED_EDGE('',*,*,#3120,.F.);
#1349=ORIENTED_EDGE('',*,*,#3121,.F.);
#1350=ORIENTED_EDGE('',*,*,#3092,.T.);
#1351=ORIENTED_EDGE('',*,*,#3122,.T.);
#1352=ORIENTED_EDGE('',*,*,#3123,.F.);
#1353=ORIENTED_EDGE('',*,*,#3124,.F.);
#1354=ORIENTED_EDGE('',*,*,#3125,.F.);
#1355=ORIENTED_EDGE('',*,*,#3126,.F.);
#1356=ORIENTED_EDGE('',*,*,#3094,.T.);
#1357=ORIENTED_EDGE('',*,*,#3127,.F.);
#1358=ORIENTED_EDGE('',*,*,#3100,.T.);
#1359=ORIENTED_EDGE('',*,*,#3128,.F.);
#1360=ORIENTED_EDGE('',*,*,#3129,.F.);
#1361=ORIENTED_EDGE('',*,*,#3130,.F.);
#1362=ORIENTED_EDGE('',*,*,#3104,.T.);
#1363=ORIENTED_EDGE('',*,*,#3131,.F.);
#1364=ORIENTED_EDGE('',*,*,#3132,.F.);
#1365=ORIENTED_EDGE('',*,*,#3133,.F.);
#1366=ORIENTED_EDGE('',*,*,#3108,.T.);
#1367=ORIENTED_EDGE('',*,*,#3134,.F.);
#1368=ORIENTED_EDGE('',*,*,#3135,.F.);
#1369=ORIENTED_EDGE('',*,*,#3136,.F.);
#1370=ORIENTED_EDGE('',*,*,#3112,.T.);
#1371=ORIENTED_EDGE('',*,*,#3137,.F.);
#1372=ORIENTED_EDGE('',*,*,#3138,.F.);
#1373=ORIENTED_EDGE('',*,*,#3139,.F.);
#1374=ORIENTED_EDGE('',*,*,#3116,.T.);
#1375=ORIENTED_EDGE('',*,*,#3140,.F.);
#1376=ORIENTED_EDGE('',*,*,#3141,.F.);
#1377=ORIENTED_EDGE('',*,*,#3142,.F.);
#1378=ORIENTED_EDGE('',*,*,#3120,.T.);
#1379=ORIENTED_EDGE('',*,*,#3143,.F.);
#1380=ORIENTED_EDGE('',*,*,#3144,.F.);
#1381=ORIENTED_EDGE('',*,*,#3145,.F.);
#1382=ORIENTED_EDGE('',*,*,#3123,.T.);
#1383=ORIENTED_EDGE('',*,*,#3146,.T.);
#1384=ORIENTED_EDGE('',*,*,#3147,.F.);
#1385=ORIENTED_EDGE('',*,*,#3148,.F.);
#1386=ORIENTED_EDGE('',*,*,#3149,.F.);
#1387=ORIENTED_EDGE('',*,*,#3150,.F.);
#1388=ORIENTED_EDGE('',*,*,#3125,.T.);
#1389=ORIENTED_EDGE('',*,*,#3151,.F.);
#1390=ORIENTED_EDGE('',*,*,#3129,.T.);
#1391=ORIENTED_EDGE('',*,*,#3152,.F.);
#1392=ORIENTED_EDGE('',*,*,#3153,.F.);
#1393=ORIENTED_EDGE('',*,*,#3154,.F.);
#1394=ORIENTED_EDGE('',*,*,#3132,.T.);
#1395=ORIENTED_EDGE('',*,*,#3155,.F.);
#1396=ORIENTED_EDGE('',*,*,#3156,.F.);
#1397=ORIENTED_EDGE('',*,*,#3157,.F.);
#1398=ORIENTED_EDGE('',*,*,#3135,.T.);
#1399=ORIENTED_EDGE('',*,*,#3158,.F.);
#1400=ORIENTED_EDGE('',*,*,#3159,.F.);
#1401=ORIENTED_EDGE('',*,*,#3160,.F.);
#1402=ORIENTED_EDGE('',*,*,#3138,.T.);
#1403=ORIENTED_EDGE('',*,*,#3161,.F.);
#1404=ORIENTED_EDGE('',*,*,#3162,.F.);
#1405=ORIENTED_EDGE('',*,*,#3163,.F.);
#1406=ORIENTED_EDGE('',*,*,#3141,.T.);
#1407=ORIENTED_EDGE('',*,*,#3164,.F.);
#1408=ORIENTED_EDGE('',*,*,#3165,.F.);
#1409=ORIENTED_EDGE('',*,*,#3166,.F.);
#1410=ORIENTED_EDGE('',*,*,#3144,.T.);
#1411=ORIENTED_EDGE('',*,*,#3167,.F.);
#1412=ORIENTED_EDGE('',*,*,#3168,.F.);
#1413=ORIENTED_EDGE('',*,*,#3169,.F.);
#1414=ORIENTED_EDGE('',*,*,#3147,.T.);
#1415=ORIENTED_EDGE('',*,*,#3170,.T.);
#1416=ORIENTED_EDGE('',*,*,#3171,.F.);
#1417=ORIENTED_EDGE('',*,*,#3172,.F.);
#1418=ORIENTED_EDGE('',*,*,#3173,.F.);
#1419=ORIENTED_EDGE('',*,*,#3174,.F.);
#1420=ORIENTED_EDGE('',*,*,#3149,.T.);
#1421=ORIENTED_EDGE('',*,*,#3175,.F.);
#1422=ORIENTED_EDGE('',*,*,#3153,.T.);
#1423=ORIENTED_EDGE('',*,*,#3176,.F.);
#1424=ORIENTED_EDGE('',*,*,#3177,.F.);
#1425=ORIENTED_EDGE('',*,*,#3178,.F.);
#1426=ORIENTED_EDGE('',*,*,#3156,.T.);
#1427=ORIENTED_EDGE('',*,*,#3179,.F.);
#1428=ORIENTED_EDGE('',*,*,#3180,.F.);
#1429=ORIENTED_EDGE('',*,*,#3181,.F.);
#1430=ORIENTED_EDGE('',*,*,#3159,.T.);
#1431=ORIENTED_EDGE('',*,*,#3182,.F.);
#1432=ORIENTED_EDGE('',*,*,#3183,.F.);
#1433=ORIENTED_EDGE('',*,*,#3184,.F.);
#1434=ORIENTED_EDGE('',*,*,#3162,.T.);
#1435=ORIENTED_EDGE('',*,*,#3185,.F.);
#1436=ORIENTED_EDGE('',*,*,#3186,.F.);
#1437=ORIENTED_EDGE('',*,*,#3187,.F.);
#1438=ORIENTED_EDGE('',*,*,#3165,.T.);
#1439=ORIENTED_EDGE('',*,*,#3188,.F.);
#1440=ORIENTED_EDGE('',*,*,#3189,.F.);
#1441=ORIENTED_EDGE('',*,*,#3190,.F.);
#1442=ORIENTED_EDGE('',*,*,#3168,.T.);
#1443=ORIENTED_EDGE('',*,*,#3191,.F.);
#1444=ORIENTED_EDGE('',*,*,#3192,.F.);
#1445=ORIENTED_EDGE('',*,*,#3193,.F.);
#1446=ORIENTED_EDGE('',*,*,#3194,.T.);
#1447=ORIENTED_EDGE('',*,*,#3171,.T.);
#1448=ORIENTED_EDGE('',*,*,#3195,.F.);
#1449=ORIENTED_EDGE('',*,*,#3173,.T.);
#1450=ORIENTED_EDGE('',*,*,#3196,.T.);
#1451=ORIENTED_EDGE('',*,*,#3197,.F.);
#1452=ORIENTED_EDGE('',*,*,#3198,.T.);
#1453=ORIENTED_EDGE('',*,*,#3199,.F.);
#1454=ORIENTED_EDGE('',*,*,#3200,.T.);
#1455=ORIENTED_EDGE('',*,*,#3177,.T.);
#1456=ORIENTED_EDGE('',*,*,#3201,.T.);
#1457=ORIENTED_EDGE('',*,*,#3202,.F.);
#1458=ORIENTED_EDGE('',*,*,#3203,.T.);
#1459=ORIENTED_EDGE('',*,*,#3180,.T.);
#1460=ORIENTED_EDGE('',*,*,#3204,.T.);
#1461=ORIENTED_EDGE('',*,*,#3205,.F.);
#1462=ORIENTED_EDGE('',*,*,#3206,.T.);
#1463=ORIENTED_EDGE('',*,*,#3183,.T.);
#1464=ORIENTED_EDGE('',*,*,#3207,.T.);
#1465=ORIENTED_EDGE('',*,*,#3208,.F.);
#1466=ORIENTED_EDGE('',*,*,#3209,.T.);
#1467=ORIENTED_EDGE('',*,*,#3186,.T.);
#1468=ORIENTED_EDGE('',*,*,#3210,.T.);
#1469=ORIENTED_EDGE('',*,*,#3211,.F.);
#1470=ORIENTED_EDGE('',*,*,#3212,.T.);
#1471=ORIENTED_EDGE('',*,*,#3189,.T.);
#1472=ORIENTED_EDGE('',*,*,#3213,.T.);
#1473=ORIENTED_EDGE('',*,*,#3214,.F.);
#1474=ORIENTED_EDGE('',*,*,#3215,.T.);
#1475=ORIENTED_EDGE('',*,*,#3192,.T.);
#1476=ORIENTED_EDGE('',*,*,#3216,.T.);
#1477=ORIENTED_EDGE('',*,*,#3217,.F.);
#1478=ORIENTED_EDGE('',*,*,#3193,.T.);
#1479=ORIENTED_EDGE('',*,*,#3218,.T.);
#1480=ORIENTED_EDGE('',*,*,#3219,.F.);
#1481=ORIENTED_EDGE('',*,*,#3220,.F.);
#1482=ORIENTED_EDGE('',*,*,#3221,.F.);
#1483=ORIENTED_EDGE('',*,*,#3222,.F.);
#1484=ORIENTED_EDGE('',*,*,#3197,.T.);
#1485=ORIENTED_EDGE('',*,*,#3223,.F.);
#1486=ORIENTED_EDGE('',*,*,#3199,.T.);
#1487=ORIENTED_EDGE('',*,*,#3224,.F.);
#1488=ORIENTED_EDGE('',*,*,#3225,.F.);
#1489=ORIENTED_EDGE('',*,*,#3226,.F.);
#1490=ORIENTED_EDGE('',*,*,#3202,.T.);
#1491=ORIENTED_EDGE('',*,*,#3227,.F.);
#1492=ORIENTED_EDGE('',*,*,#3228,.F.);
#1493=ORIENTED_EDGE('',*,*,#3229,.F.);
#1494=ORIENTED_EDGE('',*,*,#3205,.T.);
#1495=ORIENTED_EDGE('',*,*,#3230,.F.);
#1496=ORIENTED_EDGE('',*,*,#3231,.F.);
#1497=ORIENTED_EDGE('',*,*,#3232,.F.);
#1498=ORIENTED_EDGE('',*,*,#3208,.T.);
#1499=ORIENTED_EDGE('',*,*,#3233,.F.);
#1500=ORIENTED_EDGE('',*,*,#3234,.F.);
#1501=ORIENTED_EDGE('',*,*,#3235,.F.);
#1502=ORIENTED_EDGE('',*,*,#3211,.T.);
#1503=ORIENTED_EDGE('',*,*,#3236,.F.);
#1504=ORIENTED_EDGE('',*,*,#3237,.F.);
#1505=ORIENTED_EDGE('',*,*,#3238,.F.);
#1506=ORIENTED_EDGE('',*,*,#3214,.T.);
#1507=ORIENTED_EDGE('',*,*,#3239,.F.);
#1508=ORIENTED_EDGE('',*,*,#3240,.F.);
#1509=ORIENTED_EDGE('',*,*,#3241,.F.);
#1510=ORIENTED_EDGE('',*,*,#3242,.F.);
#1511=ORIENTED_EDGE('',*,*,#3243,.T.);
#1512=ORIENTED_EDGE('',*,*,#3090,.F.);
#1513=ORIENTED_EDGE('',*,*,#3244,.F.);
#1514=ORIENTED_EDGE('',*,*,#3096,.F.);
#1515=ORIENTED_EDGE('',*,*,#3245,.F.);
#1516=ORIENTED_EDGE('',*,*,#3246,.F.);
#1517=ORIENTED_EDGE('',*,*,#3247,.F.);
#1518=ORIENTED_EDGE('',*,*,#3248,.F.);
#1519=ORIENTED_EDGE('',*,*,#3249,.F.);
#1520=ORIENTED_EDGE('',*,*,#3098,.F.);
#1521=ORIENTED_EDGE('',*,*,#3250,.F.);
#1522=ORIENTED_EDGE('',*,*,#3251,.F.);
#1523=ORIENTED_EDGE('',*,*,#3252,.F.);
#1524=ORIENTED_EDGE('',*,*,#3102,.F.);
#1525=ORIENTED_EDGE('',*,*,#3253,.F.);
#1526=ORIENTED_EDGE('',*,*,#3254,.F.);
#1527=ORIENTED_EDGE('',*,*,#3255,.F.);
#1528=ORIENTED_EDGE('',*,*,#3106,.F.);
#1529=ORIENTED_EDGE('',*,*,#3256,.F.);
#1530=ORIENTED_EDGE('',*,*,#3257,.F.);
#1531=ORIENTED_EDGE('',*,*,#3258,.F.);
#1532=ORIENTED_EDGE('',*,*,#3110,.F.);
#1533=ORIENTED_EDGE('',*,*,#3259,.F.);
#1534=ORIENTED_EDGE('',*,*,#3260,.F.);
#1535=ORIENTED_EDGE('',*,*,#3261,.F.);
#1536=ORIENTED_EDGE('',*,*,#3114,.F.);
#1537=ORIENTED_EDGE('',*,*,#3262,.F.);
#1538=ORIENTED_EDGE('',*,*,#3263,.F.);
#1539=ORIENTED_EDGE('',*,*,#3264,.F.);
#1540=ORIENTED_EDGE('',*,*,#3118,.F.);
#1541=ORIENTED_EDGE('',*,*,#3265,.F.);
#1542=ORIENTED_EDGE('',*,*,#3266,.T.);
#1543=ORIENTED_EDGE('',*,*,#3267,.T.);
#1544=ORIENTED_EDGE('',*,*,#3268,.F.);
#1545=ORIENTED_EDGE('',*,*,#3269,.F.);
#1546=ORIENTED_EDGE('',*,*,#3270,.F.);
#1547=ORIENTED_EDGE('',*,*,#3271,.F.);
#1548=ORIENTED_EDGE('',*,*,#3272,.T.);
#1549=ORIENTED_EDGE('',*,*,#3273,.F.);
#1550=ORIENTED_EDGE('',*,*,#3274,.T.);
#1551=ORIENTED_EDGE('',*,*,#3275,.F.);
#1552=ORIENTED_EDGE('',*,*,#3276,.F.);
#1553=ORIENTED_EDGE('',*,*,#3277,.F.);
#1554=ORIENTED_EDGE('',*,*,#3278,.T.);
#1555=ORIENTED_EDGE('',*,*,#3279,.F.);
#1556=ORIENTED_EDGE('',*,*,#3280,.F.);
#1557=ORIENTED_EDGE('',*,*,#3281,.F.);
#1558=ORIENTED_EDGE('',*,*,#3282,.T.);
#1559=ORIENTED_EDGE('',*,*,#3283,.F.);
#1560=ORIENTED_EDGE('',*,*,#3284,.F.);
#1561=ORIENTED_EDGE('',*,*,#3285,.F.);
#1562=ORIENTED_EDGE('',*,*,#3286,.T.);
#1563=ORIENTED_EDGE('',*,*,#3287,.F.);
#1564=ORIENTED_EDGE('',*,*,#3288,.F.);
#1565=ORIENTED_EDGE('',*,*,#3289,.F.);
#1566=ORIENTED_EDGE('',*,*,#3290,.T.);
#1567=ORIENTED_EDGE('',*,*,#3291,.F.);
#1568=ORIENTED_EDGE('',*,*,#3292,.F.);
#1569=ORIENTED_EDGE('',*,*,#3293,.F.);
#1570=ORIENTED_EDGE('',*,*,#3294,.T.);
#1571=ORIENTED_EDGE('',*,*,#3295,.F.);
#1572=ORIENTED_EDGE('',*,*,#3296,.F.);
#1573=ORIENTED_EDGE('',*,*,#3297,.F.);
#1574=ORIENTED_EDGE('',*,*,#3268,.T.);
#1575=ORIENTED_EDGE('',*,*,#3298,.T.);
#1576=ORIENTED_EDGE('',*,*,#3299,.F.);
#1577=ORIENTED_EDGE('',*,*,#3300,.F.);
#1578=ORIENTED_EDGE('',*,*,#3301,.F.);
#1579=ORIENTED_EDGE('',*,*,#3302,.F.);
#1580=ORIENTED_EDGE('',*,*,#3270,.T.);
#1581=ORIENTED_EDGE('',*,*,#3303,.F.);
#1582=ORIENTED_EDGE('',*,*,#3276,.T.);
#1583=ORIENTED_EDGE('',*,*,#3304,.F.);
#1584=ORIENTED_EDGE('',*,*,#3305,.F.);
#1585=ORIENTED_EDGE('',*,*,#3306,.F.);
#1586=ORIENTED_EDGE('',*,*,#3280,.T.);
#1587=ORIENTED_EDGE('',*,*,#3307,.F.);
#1588=ORIENTED_EDGE('',*,*,#3308,.F.);
#1589=ORIENTED_EDGE('',*,*,#3309,.F.);
#1590=ORIENTED_EDGE('',*,*,#3284,.T.);
#1591=ORIENTED_EDGE('',*,*,#3310,.F.);
#1592=ORIENTED_EDGE('',*,*,#3311,.F.);
#1593=ORIENTED_EDGE('',*,*,#3312,.F.);
#1594=ORIENTED_EDGE('',*,*,#3288,.T.);
#1595=ORIENTED_EDGE('',*,*,#3313,.F.);
#1596=ORIENTED_EDGE('',*,*,#3314,.F.);
#1597=ORIENTED_EDGE('',*,*,#3315,.F.);
#1598=ORIENTED_EDGE('',*,*,#3292,.T.);
#1599=ORIENTED_EDGE('',*,*,#3316,.F.);
#1600=ORIENTED_EDGE('',*,*,#3317,.F.);
#1601=ORIENTED_EDGE('',*,*,#3318,.F.);
#1602=ORIENTED_EDGE('',*,*,#3296,.T.);
#1603=ORIENTED_EDGE('',*,*,#3319,.F.);
#1604=ORIENTED_EDGE('',*,*,#3320,.F.);
#1605=ORIENTED_EDGE('',*,*,#3321,.F.);
#1606=ORIENTED_EDGE('',*,*,#3299,.T.);
#1607=ORIENTED_EDGE('',*,*,#3322,.T.);
#1608=ORIENTED_EDGE('',*,*,#3323,.F.);
#1609=ORIENTED_EDGE('',*,*,#3324,.F.);
#1610=ORIENTED_EDGE('',*,*,#3325,.F.);
#1611=ORIENTED_EDGE('',*,*,#3326,.F.);
#1612=ORIENTED_EDGE('',*,*,#3301,.T.);
#1613=ORIENTED_EDGE('',*,*,#3327,.F.);
#1614=ORIENTED_EDGE('',*,*,#3305,.T.);
#1615=ORIENTED_EDGE('',*,*,#3328,.F.);
#1616=ORIENTED_EDGE('',*,*,#3329,.F.);
#1617=ORIENTED_EDGE('',*,*,#3330,.F.);
#1618=ORIENTED_EDGE('',*,*,#3308,.T.);
#1619=ORIENTED_EDGE('',*,*,#3331,.F.);
#1620=ORIENTED_EDGE('',*,*,#3332,.F.);
#1621=ORIENTED_EDGE('',*,*,#3333,.F.);
#1622=ORIENTED_EDGE('',*,*,#3311,.T.);
#1623=ORIENTED_EDGE('',*,*,#3334,.F.);
#1624=ORIENTED_EDGE('',*,*,#3335,.F.);
#1625=ORIENTED_EDGE('',*,*,#3336,.F.);
#1626=ORIENTED_EDGE('',*,*,#3314,.T.);
#1627=ORIENTED_EDGE('',*,*,#3337,.F.);
#1628=ORIENTED_EDGE('',*,*,#3338,.F.);
#1629=ORIENTED_EDGE('',*,*,#3339,.F.);
#1630=ORIENTED_EDGE('',*,*,#3317,.T.);
#1631=ORIENTED_EDGE('',*,*,#3340,.F.);
#1632=ORIENTED_EDGE('',*,*,#3341,.F.);
#1633=ORIENTED_EDGE('',*,*,#3342,.F.);
#1634=ORIENTED_EDGE('',*,*,#3320,.T.);
#1635=ORIENTED_EDGE('',*,*,#3343,.F.);
#1636=ORIENTED_EDGE('',*,*,#3344,.F.);
#1637=ORIENTED_EDGE('',*,*,#3345,.F.);
#1638=ORIENTED_EDGE('',*,*,#3323,.T.);
#1639=ORIENTED_EDGE('',*,*,#3346,.T.);
#1640=ORIENTED_EDGE('',*,*,#3347,.F.);
#1641=ORIENTED_EDGE('',*,*,#3348,.F.);
#1642=ORIENTED_EDGE('',*,*,#3349,.F.);
#1643=ORIENTED_EDGE('',*,*,#3350,.F.);
#1644=ORIENTED_EDGE('',*,*,#3325,.T.);
#1645=ORIENTED_EDGE('',*,*,#3351,.F.);
#1646=ORIENTED_EDGE('',*,*,#3329,.T.);
#1647=ORIENTED_EDGE('',*,*,#3352,.F.);
#1648=ORIENTED_EDGE('',*,*,#3353,.F.);
#1649=ORIENTED_EDGE('',*,*,#3354,.F.);
#1650=ORIENTED_EDGE('',*,*,#3332,.T.);
#1651=ORIENTED_EDGE('',*,*,#3355,.F.);
#1652=ORIENTED_EDGE('',*,*,#3356,.F.);
#1653=ORIENTED_EDGE('',*,*,#3357,.F.);
#1654=ORIENTED_EDGE('',*,*,#3335,.T.);
#1655=ORIENTED_EDGE('',*,*,#3358,.F.);
#1656=ORIENTED_EDGE('',*,*,#3359,.F.);
#1657=ORIENTED_EDGE('',*,*,#3360,.F.);
#1658=ORIENTED_EDGE('',*,*,#3338,.T.);
#1659=ORIENTED_EDGE('',*,*,#3361,.F.);
#1660=ORIENTED_EDGE('',*,*,#3362,.F.);
#1661=ORIENTED_EDGE('',*,*,#3363,.F.);
#1662=ORIENTED_EDGE('',*,*,#3341,.T.);
#1663=ORIENTED_EDGE('',*,*,#3364,.F.);
#1664=ORIENTED_EDGE('',*,*,#3365,.F.);
#1665=ORIENTED_EDGE('',*,*,#3366,.F.);
#1666=ORIENTED_EDGE('',*,*,#3344,.T.);
#1667=ORIENTED_EDGE('',*,*,#3367,.F.);
#1668=ORIENTED_EDGE('',*,*,#3368,.F.);
#1669=ORIENTED_EDGE('',*,*,#3369,.F.);
#1670=ORIENTED_EDGE('',*,*,#3370,.T.);
#1671=ORIENTED_EDGE('',*,*,#3347,.T.);
#1672=ORIENTED_EDGE('',*,*,#3371,.F.);
#1673=ORIENTED_EDGE('',*,*,#3349,.T.);
#1674=ORIENTED_EDGE('',*,*,#3372,.T.);
#1675=ORIENTED_EDGE('',*,*,#3373,.F.);
#1676=ORIENTED_EDGE('',*,*,#3374,.T.);
#1677=ORIENTED_EDGE('',*,*,#3375,.F.);
#1678=ORIENTED_EDGE('',*,*,#3376,.T.);
#1679=ORIENTED_EDGE('',*,*,#3353,.T.);
#1680=ORIENTED_EDGE('',*,*,#3377,.T.);
#1681=ORIENTED_EDGE('',*,*,#3378,.F.);
#1682=ORIENTED_EDGE('',*,*,#3379,.T.);
#1683=ORIENTED_EDGE('',*,*,#3356,.T.);
#1684=ORIENTED_EDGE('',*,*,#3380,.T.);
#1685=ORIENTED_EDGE('',*,*,#3381,.F.);
#1686=ORIENTED_EDGE('',*,*,#3382,.T.);
#1687=ORIENTED_EDGE('',*,*,#3359,.T.);
#1688=ORIENTED_EDGE('',*,*,#3383,.T.);
#1689=ORIENTED_EDGE('',*,*,#3384,.F.);
#1690=ORIENTED_EDGE('',*,*,#3385,.T.);
#1691=ORIENTED_EDGE('',*,*,#3362,.T.);
#1692=ORIENTED_EDGE('',*,*,#3386,.T.);
#1693=ORIENTED_EDGE('',*,*,#3387,.F.);
#1694=ORIENTED_EDGE('',*,*,#3388,.T.);
#1695=ORIENTED_EDGE('',*,*,#3365,.T.);
#1696=ORIENTED_EDGE('',*,*,#3389,.T.);
#1697=ORIENTED_EDGE('',*,*,#3390,.F.);
#1698=ORIENTED_EDGE('',*,*,#3391,.T.);
#1699=ORIENTED_EDGE('',*,*,#3368,.T.);
#1700=ORIENTED_EDGE('',*,*,#3392,.T.);
#1701=ORIENTED_EDGE('',*,*,#3393,.F.);
#1702=ORIENTED_EDGE('',*,*,#3369,.T.);
#1703=ORIENTED_EDGE('',*,*,#3394,.T.);
#1704=ORIENTED_EDGE('',*,*,#3395,.T.);
#1705=ORIENTED_EDGE('',*,*,#3396,.F.);
#1706=ORIENTED_EDGE('',*,*,#3397,.T.);
#1707=ORIENTED_EDGE('',*,*,#3398,.F.);
#1708=ORIENTED_EDGE('',*,*,#3373,.T.);
#1709=ORIENTED_EDGE('',*,*,#3399,.F.);
#1710=ORIENTED_EDGE('',*,*,#3375,.T.);
#1711=ORIENTED_EDGE('',*,*,#3400,.F.);
#1712=ORIENTED_EDGE('',*,*,#3401,.T.);
#1713=ORIENTED_EDGE('',*,*,#3402,.F.);
#1714=ORIENTED_EDGE('',*,*,#3378,.T.);
#1715=ORIENTED_EDGE('',*,*,#3403,.F.);
#1716=ORIENTED_EDGE('',*,*,#3404,.T.);
#1717=ORIENTED_EDGE('',*,*,#3405,.F.);
#1718=ORIENTED_EDGE('',*,*,#3381,.T.);
#1719=ORIENTED_EDGE('',*,*,#3406,.F.);
#1720=ORIENTED_EDGE('',*,*,#3407,.T.);
#1721=ORIENTED_EDGE('',*,*,#3408,.F.);
#1722=ORIENTED_EDGE('',*,*,#3384,.T.);
#1723=ORIENTED_EDGE('',*,*,#3409,.F.);
#1724=ORIENTED_EDGE('',*,*,#3410,.T.);
#1725=ORIENTED_EDGE('',*,*,#3411,.F.);
#1726=ORIENTED_EDGE('',*,*,#3387,.T.);
#1727=ORIENTED_EDGE('',*,*,#3412,.F.);
#1728=ORIENTED_EDGE('',*,*,#3413,.T.);
#1729=ORIENTED_EDGE('',*,*,#3414,.F.);
#1730=ORIENTED_EDGE('',*,*,#3390,.T.);
#1731=ORIENTED_EDGE('',*,*,#3415,.F.);
#1732=ORIENTED_EDGE('',*,*,#3416,.T.);
#1733=ORIENTED_EDGE('',*,*,#3417,.F.);
#1734=ORIENTED_EDGE('',*,*,#3418,.T.);
#1735=ORIENTED_EDGE('',*,*,#3419,.T.);
#1736=ORIENTED_EDGE('',*,*,#3266,.F.);
#1737=ORIENTED_EDGE('',*,*,#3420,.F.);
#1738=ORIENTED_EDGE('',*,*,#3272,.F.);
#1739=ORIENTED_EDGE('',*,*,#3421,.F.);
#1740=ORIENTED_EDGE('',*,*,#3422,.T.);
#1741=ORIENTED_EDGE('',*,*,#3423,.F.);
#1742=ORIENTED_EDGE('',*,*,#3424,.T.);
#1743=ORIENTED_EDGE('',*,*,#3425,.F.);
#1744=ORIENTED_EDGE('',*,*,#3274,.F.);
#1745=ORIENTED_EDGE('',*,*,#3426,.F.);
#1746=ORIENTED_EDGE('',*,*,#3427,.T.);
#1747=ORIENTED_EDGE('',*,*,#3428,.F.);
#1748=ORIENTED_EDGE('',*,*,#3278,.F.);
#1749=ORIENTED_EDGE('',*,*,#3429,.F.);
#1750=ORIENTED_EDGE('',*,*,#3430,.T.);
#1751=ORIENTED_EDGE('',*,*,#3431,.F.);
#1752=ORIENTED_EDGE('',*,*,#3282,.F.);
#1753=ORIENTED_EDGE('',*,*,#3432,.F.);
#1754=ORIENTED_EDGE('',*,*,#3433,.T.);
#1755=ORIENTED_EDGE('',*,*,#3434,.F.);
#1756=ORIENTED_EDGE('',*,*,#3286,.F.);
#1757=ORIENTED_EDGE('',*,*,#3435,.F.);
#1758=ORIENTED_EDGE('',*,*,#3436,.T.);
#1759=ORIENTED_EDGE('',*,*,#3437,.F.);
#1760=ORIENTED_EDGE('',*,*,#3290,.F.);
#1761=ORIENTED_EDGE('',*,*,#3438,.F.);
#1762=ORIENTED_EDGE('',*,*,#3439,.T.);
#1763=ORIENTED_EDGE('',*,*,#3440,.F.);
#1764=ORIENTED_EDGE('',*,*,#3294,.F.);
#1765=ORIENTED_EDGE('',*,*,#3418,.F.);
#1766=ORIENTED_EDGE('',*,*,#3441,.T.);
#1767=ORIENTED_EDGE('',*,*,#3395,.F.);
#1768=ORIENTED_EDGE('',*,*,#3442,.F.);
#1769=ORIENTED_EDGE('',*,*,#3242,.T.);
#1770=ORIENTED_EDGE('',*,*,#3443,.T.);
#1771=ORIENTED_EDGE('',*,*,#3219,.T.);
#1772=ORIENTED_EDGE('',*,*,#3444,.T.);
#1773=ORIENTED_EDGE('',*,*,#3422,.F.);
#1774=ORIENTED_EDGE('',*,*,#3445,.T.);
#1775=ORIENTED_EDGE('',*,*,#3397,.F.);
#1776=ORIENTED_EDGE('',*,*,#3446,.F.);
#1777=ORIENTED_EDGE('',*,*,#3246,.T.);
#1778=ORIENTED_EDGE('',*,*,#3447,.F.);
#1779=ORIENTED_EDGE('',*,*,#3221,.T.);
#1780=ORIENTED_EDGE('',*,*,#3448,.F.);
#1781=ORIENTED_EDGE('',*,*,#3424,.F.);
#1782=ORIENTED_EDGE('',*,*,#3449,.T.);
#1783=ORIENTED_EDGE('',*,*,#3401,.F.);
#1784=ORIENTED_EDGE('',*,*,#3450,.F.);
#1785=ORIENTED_EDGE('',*,*,#3248,.T.);
#1786=ORIENTED_EDGE('',*,*,#3451,.T.);
#1787=ORIENTED_EDGE('',*,*,#3225,.T.);
#1788=ORIENTED_EDGE('',*,*,#3452,.F.);
#1789=ORIENTED_EDGE('',*,*,#3427,.F.);
#1790=ORIENTED_EDGE('',*,*,#3453,.T.);
#1791=ORIENTED_EDGE('',*,*,#3404,.F.);
#1792=ORIENTED_EDGE('',*,*,#3454,.F.);
#1793=ORIENTED_EDGE('',*,*,#3251,.T.);
#1794=ORIENTED_EDGE('',*,*,#3455,.T.);
#1795=ORIENTED_EDGE('',*,*,#3228,.T.);
#1796=ORIENTED_EDGE('',*,*,#3456,.F.);
#1797=ORIENTED_EDGE('',*,*,#3430,.F.);
#1798=ORIENTED_EDGE('',*,*,#3457,.T.);
#1799=ORIENTED_EDGE('',*,*,#3407,.F.);
#1800=ORIENTED_EDGE('',*,*,#3458,.F.);
#1801=ORIENTED_EDGE('',*,*,#3254,.T.);
#1802=ORIENTED_EDGE('',*,*,#3459,.T.);
#1803=ORIENTED_EDGE('',*,*,#3231,.T.);
#1804=ORIENTED_EDGE('',*,*,#3460,.F.);
#1805=ORIENTED_EDGE('',*,*,#3433,.F.);
#1806=ORIENTED_EDGE('',*,*,#3461,.T.);
#1807=ORIENTED_EDGE('',*,*,#3410,.F.);
#1808=ORIENTED_EDGE('',*,*,#3462,.F.);
#1809=ORIENTED_EDGE('',*,*,#3257,.T.);
#1810=ORIENTED_EDGE('',*,*,#3463,.T.);
#1811=ORIENTED_EDGE('',*,*,#3234,.T.);
#1812=ORIENTED_EDGE('',*,*,#3464,.F.);
#1813=ORIENTED_EDGE('',*,*,#3436,.F.);
#1814=ORIENTED_EDGE('',*,*,#3465,.T.);
#1815=ORIENTED_EDGE('',*,*,#3413,.F.);
#1816=ORIENTED_EDGE('',*,*,#3466,.F.);
#1817=ORIENTED_EDGE('',*,*,#3260,.T.);
#1818=ORIENTED_EDGE('',*,*,#3467,.T.);
#1819=ORIENTED_EDGE('',*,*,#3237,.T.);
#1820=ORIENTED_EDGE('',*,*,#3468,.F.);
#1821=ORIENTED_EDGE('',*,*,#3439,.F.);
#1822=ORIENTED_EDGE('',*,*,#3469,.T.);
#1823=ORIENTED_EDGE('',*,*,#3416,.F.);
#1824=ORIENTED_EDGE('',*,*,#3470,.F.);
#1825=ORIENTED_EDGE('',*,*,#3263,.T.);
#1826=ORIENTED_EDGE('',*,*,#3471,.T.);
#1827=ORIENTED_EDGE('',*,*,#3240,.T.);
#1828=ORIENTED_EDGE('',*,*,#3472,.F.);
#1829=ORIENTED_EDGE('',*,*,#3088,.T.);
#1830=ORIENTED_EDGE('',*,*,#3083,.F.);
#1831=ORIENTED_EDGE('',*,*,#3086,.F.);
#1832=ORIENTED_EDGE('',*,*,#3079,.T.);
#1833=ORIENTED_EDGE('',*,*,#3444,.F.);
#1834=ORIENTED_EDGE('',*,*,#3218,.F.);
#1835=ORIENTED_EDGE('',*,*,#3195,.T.);
#1836=ORIENTED_EDGE('',*,*,#3170,.F.);
#1837=ORIENTED_EDGE('',*,*,#3146,.F.);
#1838=ORIENTED_EDGE('',*,*,#3122,.F.);
#1839=ORIENTED_EDGE('',*,*,#3091,.F.);
#1840=ORIENTED_EDGE('',*,*,#3243,.F.);
#1841=ORIENTED_EDGE('',*,*,#3222,.T.);
#1842=ORIENTED_EDGE('',*,*,#3447,.T.);
#1843=ORIENTED_EDGE('',*,*,#3245,.T.);
#1844=ORIENTED_EDGE('',*,*,#3095,.T.);
#1845=ORIENTED_EDGE('',*,*,#3126,.T.);
#1846=ORIENTED_EDGE('',*,*,#3150,.T.);
#1847=ORIENTED_EDGE('',*,*,#3174,.T.);
#1848=ORIENTED_EDGE('',*,*,#3198,.F.);
#1849=ORIENTED_EDGE('',*,*,#3445,.F.);
#1850=ORIENTED_EDGE('',*,*,#3421,.T.);
#1851=ORIENTED_EDGE('',*,*,#3271,.T.);
#1852=ORIENTED_EDGE('',*,*,#3302,.T.);
#1853=ORIENTED_EDGE('',*,*,#3326,.T.);
#1854=ORIENTED_EDGE('',*,*,#3350,.T.);
#1855=ORIENTED_EDGE('',*,*,#3374,.F.);
#1856=ORIENTED_EDGE('',*,*,#3398,.T.);
#1857=ORIENTED_EDGE('',*,*,#3419,.F.);
#1858=ORIENTED_EDGE('',*,*,#3442,.T.);
#1859=ORIENTED_EDGE('',*,*,#3394,.F.);
#1860=ORIENTED_EDGE('',*,*,#3371,.T.);
#1861=ORIENTED_EDGE('',*,*,#3346,.F.);
#1862=ORIENTED_EDGE('',*,*,#3322,.F.);
#1863=ORIENTED_EDGE('',*,*,#3298,.F.);
#1864=ORIENTED_EDGE('',*,*,#3267,.F.);
#1865=ORIENTED_EDGE('',*,*,#3415,.T.);
#1866=ORIENTED_EDGE('',*,*,#3392,.F.);
#1867=ORIENTED_EDGE('',*,*,#3367,.T.);
#1868=ORIENTED_EDGE('',*,*,#3343,.T.);
#1869=ORIENTED_EDGE('',*,*,#3319,.T.);
#1870=ORIENTED_EDGE('',*,*,#3295,.T.);
#1871=ORIENTED_EDGE('',*,*,#3440,.T.);
#1872=ORIENTED_EDGE('',*,*,#3470,.T.);
#1873=ORIENTED_EDGE('',*,*,#3393,.T.);
#1874=ORIENTED_EDGE('',*,*,#3441,.F.);
#1875=ORIENTED_EDGE('',*,*,#3417,.T.);
#1876=ORIENTED_EDGE('',*,*,#3265,.T.);
#1877=ORIENTED_EDGE('',*,*,#3297,.T.);
#1878=ORIENTED_EDGE('',*,*,#3321,.T.);
#1879=ORIENTED_EDGE('',*,*,#3345,.T.);
#1880=ORIENTED_EDGE('',*,*,#3370,.F.);
#1881=ORIENTED_EDGE('',*,*,#3414,.T.);
#1882=ORIENTED_EDGE('',*,*,#3469,.F.);
#1883=ORIENTED_EDGE('',*,*,#3438,.T.);
#1884=ORIENTED_EDGE('',*,*,#3293,.T.);
#1885=ORIENTED_EDGE('',*,*,#3318,.T.);
#1886=ORIENTED_EDGE('',*,*,#3342,.T.);
#1887=ORIENTED_EDGE('',*,*,#3366,.T.);
#1888=ORIENTED_EDGE('',*,*,#3391,.F.);
#1889=ORIENTED_EDGE('',*,*,#3412,.T.);
#1890=ORIENTED_EDGE('',*,*,#3389,.F.);
#1891=ORIENTED_EDGE('',*,*,#3364,.T.);
#1892=ORIENTED_EDGE('',*,*,#3340,.T.);
#1893=ORIENTED_EDGE('',*,*,#3316,.T.);
#1894=ORIENTED_EDGE('',*,*,#3291,.T.);
#1895=ORIENTED_EDGE('',*,*,#3437,.T.);
#1896=ORIENTED_EDGE('',*,*,#3466,.T.);
#1897=ORIENTED_EDGE('',*,*,#3411,.T.);
#1898=ORIENTED_EDGE('',*,*,#3465,.F.);
#1899=ORIENTED_EDGE('',*,*,#3435,.T.);
#1900=ORIENTED_EDGE('',*,*,#3289,.T.);
#1901=ORIENTED_EDGE('',*,*,#3315,.T.);
#1902=ORIENTED_EDGE('',*,*,#3339,.T.);
#1903=ORIENTED_EDGE('',*,*,#3363,.T.);
#1904=ORIENTED_EDGE('',*,*,#3388,.F.);
#1905=ORIENTED_EDGE('',*,*,#3409,.T.);
#1906=ORIENTED_EDGE('',*,*,#3386,.F.);
#1907=ORIENTED_EDGE('',*,*,#3361,.T.);
#1908=ORIENTED_EDGE('',*,*,#3337,.T.);
#1909=ORIENTED_EDGE('',*,*,#3313,.T.);
#1910=ORIENTED_EDGE('',*,*,#3287,.T.);
#1911=ORIENTED_EDGE('',*,*,#3434,.T.);
#1912=ORIENTED_EDGE('',*,*,#3462,.T.);
#1913=ORIENTED_EDGE('',*,*,#3408,.T.);
#1914=ORIENTED_EDGE('',*,*,#3461,.F.);
#1915=ORIENTED_EDGE('',*,*,#3432,.T.);
#1916=ORIENTED_EDGE('',*,*,#3285,.T.);
#1917=ORIENTED_EDGE('',*,*,#3312,.T.);
#1918=ORIENTED_EDGE('',*,*,#3336,.T.);
#1919=ORIENTED_EDGE('',*,*,#3360,.T.);
#1920=ORIENTED_EDGE('',*,*,#3385,.F.);
#1921=ORIENTED_EDGE('',*,*,#3406,.T.);
#1922=ORIENTED_EDGE('',*,*,#3383,.F.);
#1923=ORIENTED_EDGE('',*,*,#3358,.T.);
#1924=ORIENTED_EDGE('',*,*,#3334,.T.);
#1925=ORIENTED_EDGE('',*,*,#3310,.T.);
#1926=ORIENTED_EDGE('',*,*,#3283,.T.);
#1927=ORIENTED_EDGE('',*,*,#3431,.T.);
#1928=ORIENTED_EDGE('',*,*,#3458,.T.);
#1929=ORIENTED_EDGE('',*,*,#3405,.T.);
#1930=ORIENTED_EDGE('',*,*,#3457,.F.);
#1931=ORIENTED_EDGE('',*,*,#3429,.T.);
#1932=ORIENTED_EDGE('',*,*,#3281,.T.);
#1933=ORIENTED_EDGE('',*,*,#3309,.T.);
#1934=ORIENTED_EDGE('',*,*,#3333,.T.);
#1935=ORIENTED_EDGE('',*,*,#3357,.T.);
#1936=ORIENTED_EDGE('',*,*,#3382,.F.);
#1937=ORIENTED_EDGE('',*,*,#3403,.T.);
#1938=ORIENTED_EDGE('',*,*,#3380,.F.);
#1939=ORIENTED_EDGE('',*,*,#3355,.T.);
#1940=ORIENTED_EDGE('',*,*,#3331,.T.);
#1941=ORIENTED_EDGE('',*,*,#3307,.T.);
#1942=ORIENTED_EDGE('',*,*,#3279,.T.);
#1943=ORIENTED_EDGE('',*,*,#3428,.T.);
#1944=ORIENTED_EDGE('',*,*,#3454,.T.);
#1945=ORIENTED_EDGE('',*,*,#3402,.T.);
#1946=ORIENTED_EDGE('',*,*,#3453,.F.);
#1947=ORIENTED_EDGE('',*,*,#3426,.T.);
#1948=ORIENTED_EDGE('',*,*,#3277,.T.);
#1949=ORIENTED_EDGE('',*,*,#3306,.T.);
#1950=ORIENTED_EDGE('',*,*,#3330,.T.);
#1951=ORIENTED_EDGE('',*,*,#3354,.T.);
#1952=ORIENTED_EDGE('',*,*,#3379,.F.);
#1953=ORIENTED_EDGE('',*,*,#3400,.T.);
#1954=ORIENTED_EDGE('',*,*,#3377,.F.);
#1955=ORIENTED_EDGE('',*,*,#3352,.T.);
#1956=ORIENTED_EDGE('',*,*,#3328,.T.);
#1957=ORIENTED_EDGE('',*,*,#3304,.T.);
#1958=ORIENTED_EDGE('',*,*,#3275,.T.);
#1959=ORIENTED_EDGE('',*,*,#3425,.T.);
#1960=ORIENTED_EDGE('',*,*,#3450,.T.);
#1961=ORIENTED_EDGE('',*,*,#3399,.T.);
#1962=ORIENTED_EDGE('',*,*,#3449,.F.);
#1963=ORIENTED_EDGE('',*,*,#3423,.T.);
#1964=ORIENTED_EDGE('',*,*,#3273,.T.);
#1965=ORIENTED_EDGE('',*,*,#3303,.T.);
#1966=ORIENTED_EDGE('',*,*,#3327,.T.);
#1967=ORIENTED_EDGE('',*,*,#3351,.T.);
#1968=ORIENTED_EDGE('',*,*,#3376,.F.);
#1969=ORIENTED_EDGE('',*,*,#3396,.T.);
#1970=ORIENTED_EDGE('',*,*,#3372,.F.);
#1971=ORIENTED_EDGE('',*,*,#3348,.T.);
#1972=ORIENTED_EDGE('',*,*,#3324,.T.);
#1973=ORIENTED_EDGE('',*,*,#3300,.T.);
#1974=ORIENTED_EDGE('',*,*,#3269,.T.);
#1975=ORIENTED_EDGE('',*,*,#3420,.T.);
#1976=ORIENTED_EDGE('',*,*,#3446,.T.);
#1977=ORIENTED_EDGE('',*,*,#3239,.T.);
#1978=ORIENTED_EDGE('',*,*,#3216,.F.);
#1979=ORIENTED_EDGE('',*,*,#3191,.T.);
#1980=ORIENTED_EDGE('',*,*,#3167,.T.);
#1981=ORIENTED_EDGE('',*,*,#3143,.T.);
#1982=ORIENTED_EDGE('',*,*,#3119,.T.);
#1983=ORIENTED_EDGE('',*,*,#3264,.T.);
#1984=ORIENTED_EDGE('',*,*,#3472,.T.);
#1985=ORIENTED_EDGE('',*,*,#3217,.T.);
#1986=ORIENTED_EDGE('',*,*,#3443,.F.);
#1987=ORIENTED_EDGE('',*,*,#3241,.T.);
#1988=ORIENTED_EDGE('',*,*,#3089,.T.);
#1989=ORIENTED_EDGE('',*,*,#3121,.T.);
#1990=ORIENTED_EDGE('',*,*,#3145,.T.);
#1991=ORIENTED_EDGE('',*,*,#3169,.T.);
#1992=ORIENTED_EDGE('',*,*,#3194,.F.);
#1993=ORIENTED_EDGE('',*,*,#3238,.T.);
#1994=ORIENTED_EDGE('',*,*,#3471,.F.);
#1995=ORIENTED_EDGE('',*,*,#3262,.T.);
#1996=ORIENTED_EDGE('',*,*,#3117,.T.);
#1997=ORIENTED_EDGE('',*,*,#3142,.T.);
#1998=ORIENTED_EDGE('',*,*,#3166,.T.);
#1999=ORIENTED_EDGE('',*,*,#3190,.T.);
#2000=ORIENTED_EDGE('',*,*,#3215,.F.);
#2001=ORIENTED_EDGE('',*,*,#3236,.T.);
#2002=ORIENTED_EDGE('',*,*,#3213,.F.);
#2003=ORIENTED_EDGE('',*,*,#3188,.T.);
#2004=ORIENTED_EDGE('',*,*,#3164,.T.);
#2005=ORIENTED_EDGE('',*,*,#3140,.T.);
#2006=ORIENTED_EDGE('',*,*,#3115,.T.);
#2007=ORIENTED_EDGE('',*,*,#3261,.T.);
#2008=ORIENTED_EDGE('',*,*,#3468,.T.);
#2009=ORIENTED_EDGE('',*,*,#3235,.T.);
#2010=ORIENTED_EDGE('',*,*,#3467,.F.);
#2011=ORIENTED_EDGE('',*,*,#3259,.T.);
#2012=ORIENTED_EDGE('',*,*,#3113,.T.);
#2013=ORIENTED_EDGE('',*,*,#3139,.T.);
#2014=ORIENTED_EDGE('',*,*,#3163,.T.);
#2015=ORIENTED_EDGE('',*,*,#3187,.T.);
#2016=ORIENTED_EDGE('',*,*,#3212,.F.);
#2017=ORIENTED_EDGE('',*,*,#3233,.T.);
#2018=ORIENTED_EDGE('',*,*,#3210,.F.);
#2019=ORIENTED_EDGE('',*,*,#3185,.T.);
#2020=ORIENTED_EDGE('',*,*,#3161,.T.);
#2021=ORIENTED_EDGE('',*,*,#3137,.T.);
#2022=ORIENTED_EDGE('',*,*,#3111,.T.);
#2023=ORIENTED_EDGE('',*,*,#3258,.T.);
#2024=ORIENTED_EDGE('',*,*,#3464,.T.);
#2025=ORIENTED_EDGE('',*,*,#3232,.T.);
#2026=ORIENTED_EDGE('',*,*,#3463,.F.);
#2027=ORIENTED_EDGE('',*,*,#3256,.T.);
#2028=ORIENTED_EDGE('',*,*,#3109,.T.);
#2029=ORIENTED_EDGE('',*,*,#3136,.T.);
#2030=ORIENTED_EDGE('',*,*,#3160,.T.);
#2031=ORIENTED_EDGE('',*,*,#3184,.T.);
#2032=ORIENTED_EDGE('',*,*,#3209,.F.);
#2033=ORIENTED_EDGE('',*,*,#3230,.T.);
#2034=ORIENTED_EDGE('',*,*,#3207,.F.);
#2035=ORIENTED_EDGE('',*,*,#3182,.T.);
#2036=ORIENTED_EDGE('',*,*,#3158,.T.);
#2037=ORIENTED_EDGE('',*,*,#3134,.T.);
#2038=ORIENTED_EDGE('',*,*,#3107,.T.);
#2039=ORIENTED_EDGE('',*,*,#3255,.T.);
#2040=ORIENTED_EDGE('',*,*,#3460,.T.);
#2041=ORIENTED_EDGE('',*,*,#3229,.T.);
#2042=ORIENTED_EDGE('',*,*,#3459,.F.);
#2043=ORIENTED_EDGE('',*,*,#3253,.T.);
#2044=ORIENTED_EDGE('',*,*,#3105,.T.);
#2045=ORIENTED_EDGE('',*,*,#3133,.T.);
#2046=ORIENTED_EDGE('',*,*,#3157,.T.);
#2047=ORIENTED_EDGE('',*,*,#3181,.T.);
#2048=ORIENTED_EDGE('',*,*,#3206,.F.);
#2049=ORIENTED_EDGE('',*,*,#3227,.T.);
#2050=ORIENTED_EDGE('',*,*,#3204,.F.);
#2051=ORIENTED_EDGE('',*,*,#3179,.T.);
#2052=ORIENTED_EDGE('',*,*,#3155,.T.);
#2053=ORIENTED_EDGE('',*,*,#3131,.T.);
#2054=ORIENTED_EDGE('',*,*,#3103,.T.);
#2055=ORIENTED_EDGE('',*,*,#3252,.T.);
#2056=ORIENTED_EDGE('',*,*,#3456,.T.);
#2057=ORIENTED_EDGE('',*,*,#3226,.T.);
#2058=ORIENTED_EDGE('',*,*,#3455,.F.);
#2059=ORIENTED_EDGE('',*,*,#3250,.T.);
#2060=ORIENTED_EDGE('',*,*,#3101,.T.);
#2061=ORIENTED_EDGE('',*,*,#3130,.T.);
#2062=ORIENTED_EDGE('',*,*,#3154,.T.);
#2063=ORIENTED_EDGE('',*,*,#3178,.T.);
#2064=ORIENTED_EDGE('',*,*,#3203,.F.);
#2065=ORIENTED_EDGE('',*,*,#3224,.T.);
#2066=ORIENTED_EDGE('',*,*,#3201,.F.);
#2067=ORIENTED_EDGE('',*,*,#3176,.T.);
#2068=ORIENTED_EDGE('',*,*,#3152,.T.);
#2069=ORIENTED_EDGE('',*,*,#3128,.T.);
#2070=ORIENTED_EDGE('',*,*,#3099,.T.);
#2071=ORIENTED_EDGE('',*,*,#3249,.T.);
#2072=ORIENTED_EDGE('',*,*,#3452,.T.);
#2073=ORIENTED_EDGE('',*,*,#3220,.T.);
#2074=ORIENTED_EDGE('',*,*,#3196,.F.);
#2075=ORIENTED_EDGE('',*,*,#3172,.T.);
#2076=ORIENTED_EDGE('',*,*,#3148,.T.);
#2077=ORIENTED_EDGE('',*,*,#3124,.T.);
#2078=ORIENTED_EDGE('',*,*,#3093,.T.);
#2079=ORIENTED_EDGE('',*,*,#3244,.T.);
#2080=ORIENTED_EDGE('',*,*,#3448,.T.);
#2081=ORIENTED_EDGE('',*,*,#3223,.T.);
#2082=ORIENTED_EDGE('',*,*,#3451,.F.);
#2083=ORIENTED_EDGE('',*,*,#3247,.T.);
#2084=ORIENTED_EDGE('',*,*,#3097,.T.);
#2085=ORIENTED_EDGE('',*,*,#3127,.T.);
#2086=ORIENTED_EDGE('',*,*,#3151,.T.);
#2087=ORIENTED_EDGE('',*,*,#3175,.T.);
#2088=ORIENTED_EDGE('',*,*,#3200,.F.);
#2089=ORIENTED_EDGE('',*,*,#3081,.T.);
#2090=ORIENTED_EDGE('',*,*,#3087,.T.);
#2091=ORIENTED_EDGE('',*,*,#3077,.T.);
#2092=ORIENTED_EDGE('',*,*,#3085,.F.);
#2093=ORIENTED_EDGE('',*,*,#3473,.F.);
#2094=ORIENTED_EDGE('',*,*,#3474,.F.);
#2095=ORIENTED_EDGE('',*,*,#3475,.T.);
#2096=ORIENTED_EDGE('',*,*,#3476,.T.);
#2097=ORIENTED_EDGE('',*,*,#3477,.F.);
#2098=ORIENTED_EDGE('',*,*,#3478,.T.);
#2099=ORIENTED_EDGE('',*,*,#3479,.F.);
#2100=ORIENTED_EDGE('',*,*,#3480,.F.);
#2101=ORIENTED_EDGE('',*,*,#3474,.T.);
#2102=ORIENTED_EDGE('',*,*,#3481,.T.);
#2103=ORIENTED_EDGE('',*,*,#3480,.T.);
#2104=ORIENTED_EDGE('',*,*,#3482,.T.);
#2105=ORIENTED_EDGE('',*,*,#3483,.F.);
#2106=ORIENTED_EDGE('',*,*,#3476,.F.);
#2107=ORIENTED_EDGE('',*,*,#3484,.F.);
#2108=ORIENTED_EDGE('',*,*,#3478,.F.);
#2109=ORIENTED_EDGE('',*,*,#3485,.F.);
#2110=ORIENTED_EDGE('',*,*,#3486,.T.);
#2111=ORIENTED_EDGE('',*,*,#3487,.T.);
#2112=ORIENTED_EDGE('',*,*,#3488,.F.);
#2113=ORIENTED_EDGE('',*,*,#3489,.F.);
#2114=ORIENTED_EDGE('',*,*,#3490,.F.);
#2115=ORIENTED_EDGE('',*,*,#3491,.F.);
#2116=ORIENTED_EDGE('',*,*,#3492,.T.);
#2117=ORIENTED_EDGE('',*,*,#3493,.F.);
#2118=ORIENTED_EDGE('',*,*,#3494,.F.);
#2119=ORIENTED_EDGE('',*,*,#3495,.F.);
#2120=ORIENTED_EDGE('',*,*,#3496,.T.);
#2121=ORIENTED_EDGE('',*,*,#3497,.F.);
#2122=ORIENTED_EDGE('',*,*,#3498,.F.);
#2123=ORIENTED_EDGE('',*,*,#3499,.F.);
#2124=ORIENTED_EDGE('',*,*,#3500,.T.);
#2125=ORIENTED_EDGE('',*,*,#3501,.F.);
#2126=ORIENTED_EDGE('',*,*,#3502,.F.);
#2127=ORIENTED_EDGE('',*,*,#3503,.F.);
#2128=ORIENTED_EDGE('',*,*,#3504,.T.);
#2129=ORIENTED_EDGE('',*,*,#3505,.F.);
#2130=ORIENTED_EDGE('',*,*,#3506,.F.);
#2131=ORIENTED_EDGE('',*,*,#3507,.F.);
#2132=ORIENTED_EDGE('',*,*,#3508,.T.);
#2133=ORIENTED_EDGE('',*,*,#3509,.F.);
#2134=ORIENTED_EDGE('',*,*,#3510,.F.);
#2135=ORIENTED_EDGE('',*,*,#3511,.F.);
#2136=ORIENTED_EDGE('',*,*,#3512,.T.);
#2137=ORIENTED_EDGE('',*,*,#3513,.F.);
#2138=ORIENTED_EDGE('',*,*,#3514,.F.);
#2139=ORIENTED_EDGE('',*,*,#3515,.F.);
#2140=ORIENTED_EDGE('',*,*,#3516,.T.);
#2141=ORIENTED_EDGE('',*,*,#3517,.F.);
#2142=ORIENTED_EDGE('',*,*,#3518,.F.);
#2143=ORIENTED_EDGE('',*,*,#3519,.T.);
#2144=ORIENTED_EDGE('',*,*,#3520,.F.);
#2145=ORIENTED_EDGE('',*,*,#3521,.F.);
#2146=ORIENTED_EDGE('',*,*,#3522,.F.);
#2147=ORIENTED_EDGE('',*,*,#3523,.F.);
#2148=ORIENTED_EDGE('',*,*,#3524,.F.);
#2149=ORIENTED_EDGE('',*,*,#3525,.F.);
#2150=ORIENTED_EDGE('',*,*,#3526,.F.);
#2151=ORIENTED_EDGE('',*,*,#3527,.F.);
#2152=ORIENTED_EDGE('',*,*,#3528,.F.);
#2153=ORIENTED_EDGE('',*,*,#3529,.F.);
#2154=ORIENTED_EDGE('',*,*,#3530,.F.);
#2155=ORIENTED_EDGE('',*,*,#3531,.F.);
#2156=ORIENTED_EDGE('',*,*,#3532,.F.);
#2157=ORIENTED_EDGE('',*,*,#3533,.F.);
#2158=ORIENTED_EDGE('',*,*,#3534,.F.);
#2159=ORIENTED_EDGE('',*,*,#3535,.F.);
#2160=ORIENTED_EDGE('',*,*,#3536,.F.);
#2161=ORIENTED_EDGE('',*,*,#3537,.F.);
#2162=ORIENTED_EDGE('',*,*,#3538,.F.);
#2163=ORIENTED_EDGE('',*,*,#3539,.F.);
#2164=ORIENTED_EDGE('',*,*,#3540,.F.);
#2165=ORIENTED_EDGE('',*,*,#3541,.F.);
#2166=ORIENTED_EDGE('',*,*,#3542,.F.);
#2167=ORIENTED_EDGE('',*,*,#3543,.F.);
#2168=ORIENTED_EDGE('',*,*,#3544,.F.);
#2169=ORIENTED_EDGE('',*,*,#3545,.F.);
#2170=ORIENTED_EDGE('',*,*,#3546,.F.);
#2171=ORIENTED_EDGE('',*,*,#3547,.F.);
#2172=ORIENTED_EDGE('',*,*,#3548,.F.);
#2173=ORIENTED_EDGE('',*,*,#3549,.F.);
#2174=ORIENTED_EDGE('',*,*,#3520,.T.);
#2175=ORIENTED_EDGE('',*,*,#3550,.T.);
#2176=ORIENTED_EDGE('',*,*,#3486,.F.);
#2177=ORIENTED_EDGE('',*,*,#3551,.F.);
#2178=ORIENTED_EDGE('',*,*,#3492,.F.);
#2179=ORIENTED_EDGE('',*,*,#3552,.F.);
#2180=ORIENTED_EDGE('',*,*,#3522,.T.);
#2181=ORIENTED_EDGE('',*,*,#3553,.F.);
#2182=ORIENTED_EDGE('',*,*,#3496,.F.);
#2183=ORIENTED_EDGE('',*,*,#3554,.F.);
#2184=ORIENTED_EDGE('',*,*,#3526,.T.);
#2185=ORIENTED_EDGE('',*,*,#3555,.F.);
#2186=ORIENTED_EDGE('',*,*,#3500,.F.);
#2187=ORIENTED_EDGE('',*,*,#3556,.F.);
#2188=ORIENTED_EDGE('',*,*,#3530,.T.);
#2189=ORIENTED_EDGE('',*,*,#3557,.F.);
#2190=ORIENTED_EDGE('',*,*,#3504,.F.);
#2191=ORIENTED_EDGE('',*,*,#3558,.F.);
#2192=ORIENTED_EDGE('',*,*,#3534,.T.);
#2193=ORIENTED_EDGE('',*,*,#3559,.F.);
#2194=ORIENTED_EDGE('',*,*,#3508,.F.);
#2195=ORIENTED_EDGE('',*,*,#3560,.F.);
#2196=ORIENTED_EDGE('',*,*,#3538,.T.);
#2197=ORIENTED_EDGE('',*,*,#3561,.F.);
#2198=ORIENTED_EDGE('',*,*,#3512,.F.);
#2199=ORIENTED_EDGE('',*,*,#3562,.F.);
#2200=ORIENTED_EDGE('',*,*,#3542,.T.);
#2201=ORIENTED_EDGE('',*,*,#3563,.F.);
#2202=ORIENTED_EDGE('',*,*,#3516,.F.);
#2203=ORIENTED_EDGE('',*,*,#3564,.F.);
#2204=ORIENTED_EDGE('',*,*,#3546,.T.);
#2205=ORIENTED_EDGE('',*,*,#3565,.F.);
#2206=ORIENTED_EDGE('',*,*,#3566,.T.);
#2207=ORIENTED_EDGE('',*,*,#3567,.T.);
#2208=ORIENTED_EDGE('',*,*,#3568,.T.);
#2209=ORIENTED_EDGE('',*,*,#3569,.F.);
#2210=ORIENTED_EDGE('',*,*,#3570,.T.);
#2211=ORIENTED_EDGE('',*,*,#3571,.F.);
#2212=ORIENTED_EDGE('',*,*,#3572,.T.);
#2213=ORIENTED_EDGE('',*,*,#3573,.F.);
#2214=ORIENTED_EDGE('',*,*,#3574,.T.);
#2215=ORIENTED_EDGE('',*,*,#3575,.F.);
#2216=ORIENTED_EDGE('',*,*,#3576,.T.);
#2217=ORIENTED_EDGE('',*,*,#3577,.F.);
#2218=ORIENTED_EDGE('',*,*,#3578,.T.);
#2219=ORIENTED_EDGE('',*,*,#3579,.F.);
#2220=ORIENTED_EDGE('',*,*,#3580,.T.);
#2221=ORIENTED_EDGE('',*,*,#3581,.F.);
#2222=ORIENTED_EDGE('',*,*,#3582,.T.);
#2223=ORIENTED_EDGE('',*,*,#3583,.F.);
#2224=ORIENTED_EDGE('',*,*,#3584,.T.);
#2225=ORIENTED_EDGE('',*,*,#3585,.F.);
#2226=ORIENTED_EDGE('',*,*,#3586,.T.);
#2227=ORIENTED_EDGE('',*,*,#3587,.F.);
#2228=ORIENTED_EDGE('',*,*,#3588,.T.);
#2229=ORIENTED_EDGE('',*,*,#3589,.F.);
#2230=ORIENTED_EDGE('',*,*,#3590,.T.);
#2231=ORIENTED_EDGE('',*,*,#3591,.F.);
#2232=ORIENTED_EDGE('',*,*,#3592,.T.);
#2233=ORIENTED_EDGE('',*,*,#3593,.F.);
#2234=ORIENTED_EDGE('',*,*,#3594,.T.);
#2235=ORIENTED_EDGE('',*,*,#3595,.F.);
#2236=ORIENTED_EDGE('',*,*,#3596,.T.);
#2237=ORIENTED_EDGE('',*,*,#3597,.F.);
#2238=ORIENTED_EDGE('',*,*,#3598,.T.);
#2239=ORIENTED_EDGE('',*,*,#3599,.T.);
#2240=ORIENTED_EDGE('',*,*,#3600,.F.);
#2241=ORIENTED_EDGE('',*,*,#3601,.F.);
#2242=ORIENTED_EDGE('',*,*,#3602,.F.);
#2243=ORIENTED_EDGE('',*,*,#3603,.F.);
#2244=ORIENTED_EDGE('',*,*,#3604,.T.);
#2245=ORIENTED_EDGE('',*,*,#3605,.F.);
#2246=ORIENTED_EDGE('',*,*,#3606,.F.);
#2247=ORIENTED_EDGE('',*,*,#3607,.F.);
#2248=ORIENTED_EDGE('',*,*,#3608,.T.);
#2249=ORIENTED_EDGE('',*,*,#3609,.F.);
#2250=ORIENTED_EDGE('',*,*,#3610,.F.);
#2251=ORIENTED_EDGE('',*,*,#3611,.F.);
#2252=ORIENTED_EDGE('',*,*,#3612,.T.);
#2253=ORIENTED_EDGE('',*,*,#3613,.F.);
#2254=ORIENTED_EDGE('',*,*,#3614,.F.);
#2255=ORIENTED_EDGE('',*,*,#3615,.F.);
#2256=ORIENTED_EDGE('',*,*,#3616,.T.);
#2257=ORIENTED_EDGE('',*,*,#3617,.F.);
#2258=ORIENTED_EDGE('',*,*,#3618,.F.);
#2259=ORIENTED_EDGE('',*,*,#3619,.F.);
#2260=ORIENTED_EDGE('',*,*,#3620,.T.);
#2261=ORIENTED_EDGE('',*,*,#3621,.F.);
#2262=ORIENTED_EDGE('',*,*,#3622,.F.);
#2263=ORIENTED_EDGE('',*,*,#3623,.F.);
#2264=ORIENTED_EDGE('',*,*,#3624,.T.);
#2265=ORIENTED_EDGE('',*,*,#3625,.F.);
#2266=ORIENTED_EDGE('',*,*,#3626,.F.);
#2267=ORIENTED_EDGE('',*,*,#3627,.F.);
#2268=ORIENTED_EDGE('',*,*,#3628,.T.);
#2269=ORIENTED_EDGE('',*,*,#3629,.F.);
#2270=ORIENTED_EDGE('',*,*,#3600,.T.);
#2271=ORIENTED_EDGE('',*,*,#3630,.T.);
#2272=ORIENTED_EDGE('',*,*,#3566,.F.);
#2273=ORIENTED_EDGE('',*,*,#3631,.F.);
#2274=ORIENTED_EDGE('',*,*,#3572,.F.);
#2275=ORIENTED_EDGE('',*,*,#3632,.F.);
#2276=ORIENTED_EDGE('',*,*,#3602,.T.);
#2277=ORIENTED_EDGE('',*,*,#3633,.F.);
#2278=ORIENTED_EDGE('',*,*,#3576,.F.);
#2279=ORIENTED_EDGE('',*,*,#3634,.F.);
#2280=ORIENTED_EDGE('',*,*,#3606,.T.);
#2281=ORIENTED_EDGE('',*,*,#3635,.F.);
#2282=ORIENTED_EDGE('',*,*,#3580,.F.);
#2283=ORIENTED_EDGE('',*,*,#3636,.F.);
#2284=ORIENTED_EDGE('',*,*,#3610,.T.);
#2285=ORIENTED_EDGE('',*,*,#3637,.F.);
#2286=ORIENTED_EDGE('',*,*,#3584,.F.);
#2287=ORIENTED_EDGE('',*,*,#3638,.F.);
#2288=ORIENTED_EDGE('',*,*,#3614,.T.);
#2289=ORIENTED_EDGE('',*,*,#3639,.F.);
#2290=ORIENTED_EDGE('',*,*,#3588,.F.);
#2291=ORIENTED_EDGE('',*,*,#3640,.F.);
#2292=ORIENTED_EDGE('',*,*,#3618,.T.);
#2293=ORIENTED_EDGE('',*,*,#3641,.F.);
#2294=ORIENTED_EDGE('',*,*,#3592,.F.);
#2295=ORIENTED_EDGE('',*,*,#3642,.F.);
#2296=ORIENTED_EDGE('',*,*,#3622,.T.);
#2297=ORIENTED_EDGE('',*,*,#3643,.F.);
#2298=ORIENTED_EDGE('',*,*,#3596,.F.);
#2299=ORIENTED_EDGE('',*,*,#3644,.F.);
#2300=ORIENTED_EDGE('',*,*,#3626,.T.);
#2301=ORIENTED_EDGE('',*,*,#3515,.T.);
#2302=ORIENTED_EDGE('',*,*,#3645,.T.);
#2303=ORIENTED_EDGE('',*,*,#3547,.T.);
#2304=ORIENTED_EDGE('',*,*,#3564,.T.);
#2305=ORIENTED_EDGE('',*,*,#3646,.F.);
#2306=ORIENTED_EDGE('',*,*,#3487,.F.);
#2307=ORIENTED_EDGE('',*,*,#3550,.F.);
#2308=ORIENTED_EDGE('',*,*,#3519,.F.);
#2309=ORIENTED_EDGE('',*,*,#3490,.T.);
#2310=ORIENTED_EDGE('',*,*,#3647,.T.);
#2311=ORIENTED_EDGE('',*,*,#3524,.T.);
#2312=ORIENTED_EDGE('',*,*,#3648,.F.);
#2313=ORIENTED_EDGE('',*,*,#3494,.T.);
#2314=ORIENTED_EDGE('',*,*,#3649,.T.);
#2315=ORIENTED_EDGE('',*,*,#3528,.T.);
#2316=ORIENTED_EDGE('',*,*,#3650,.F.);
#2317=ORIENTED_EDGE('',*,*,#3498,.T.);
#2318=ORIENTED_EDGE('',*,*,#3651,.T.);
#2319=ORIENTED_EDGE('',*,*,#3532,.T.);
#2320=ORIENTED_EDGE('',*,*,#3652,.F.);
#2321=ORIENTED_EDGE('',*,*,#3502,.T.);
#2322=ORIENTED_EDGE('',*,*,#3653,.T.);
#2323=ORIENTED_EDGE('',*,*,#3536,.T.);
#2324=ORIENTED_EDGE('',*,*,#3654,.F.);
#2325=ORIENTED_EDGE('',*,*,#3506,.T.);
#2326=ORIENTED_EDGE('',*,*,#3655,.T.);
#2327=ORIENTED_EDGE('',*,*,#3540,.T.);
#2328=ORIENTED_EDGE('',*,*,#3656,.F.);
#2329=ORIENTED_EDGE('',*,*,#3510,.T.);
#2330=ORIENTED_EDGE('',*,*,#3657,.T.);
#2331=ORIENTED_EDGE('',*,*,#3544,.T.);
#2332=ORIENTED_EDGE('',*,*,#3658,.F.);
#2333=ORIENTED_EDGE('',*,*,#3514,.T.);
#2334=ORIENTED_EDGE('',*,*,#3659,.T.);
#2335=ORIENTED_EDGE('',*,*,#3548,.T.);
#2336=ORIENTED_EDGE('',*,*,#3645,.F.);
#2337=ORIENTED_EDGE('',*,*,#3518,.T.);
#2338=ORIENTED_EDGE('',*,*,#3660,.F.);
#2339=ORIENTED_EDGE('',*,*,#3488,.T.);
#2340=ORIENTED_EDGE('',*,*,#3646,.T.);
#2341=ORIENTED_EDGE('',*,*,#3598,.F.);
#2342=ORIENTED_EDGE('',*,*,#3661,.F.);
#2343=ORIENTED_EDGE('',*,*,#3568,.F.);
#2344=ORIENTED_EDGE('',*,*,#3662,.F.);
#2345=ORIENTED_EDGE('',*,*,#3570,.F.);
#2346=ORIENTED_EDGE('',*,*,#3663,.T.);
#2347=ORIENTED_EDGE('',*,*,#3604,.F.);
#2348=ORIENTED_EDGE('',*,*,#3664,.F.);
#2349=ORIENTED_EDGE('',*,*,#3574,.F.);
#2350=ORIENTED_EDGE('',*,*,#3665,.T.);
#2351=ORIENTED_EDGE('',*,*,#3608,.F.);
#2352=ORIENTED_EDGE('',*,*,#3666,.F.);
#2353=ORIENTED_EDGE('',*,*,#3578,.F.);
#2354=ORIENTED_EDGE('',*,*,#3667,.T.);
#2355=ORIENTED_EDGE('',*,*,#3612,.F.);
#2356=ORIENTED_EDGE('',*,*,#3668,.F.);
#2357=ORIENTED_EDGE('',*,*,#3582,.F.);
#2358=ORIENTED_EDGE('',*,*,#3669,.T.);
#2359=ORIENTED_EDGE('',*,*,#3616,.F.);
#2360=ORIENTED_EDGE('',*,*,#3670,.F.);
#2361=ORIENTED_EDGE('',*,*,#3586,.F.);
#2362=ORIENTED_EDGE('',*,*,#3671,.T.);
#2363=ORIENTED_EDGE('',*,*,#3620,.F.);
#2364=ORIENTED_EDGE('',*,*,#3672,.F.);
#2365=ORIENTED_EDGE('',*,*,#3590,.F.);
#2366=ORIENTED_EDGE('',*,*,#3673,.T.);
#2367=ORIENTED_EDGE('',*,*,#3624,.F.);
#2368=ORIENTED_EDGE('',*,*,#3674,.F.);
#2369=ORIENTED_EDGE('',*,*,#3594,.F.);
#2370=ORIENTED_EDGE('',*,*,#3675,.T.);
#2371=ORIENTED_EDGE('',*,*,#3628,.F.);
#2372=ORIENTED_EDGE('',*,*,#3676,.T.);
#2373=ORIENTED_EDGE('',*,*,#3484,.T.);
#2374=ORIENTED_EDGE('',*,*,#3475,.F.);
#2375=ORIENTED_EDGE('',*,*,#3482,.F.);
#2376=ORIENTED_EDGE('',*,*,#3479,.T.);
#2377=ORIENTED_EDGE('',*,*,#3676,.F.);
#2378=ORIENTED_EDGE('',*,*,#3627,.T.);
#2379=ORIENTED_EDGE('',*,*,#3644,.T.);
#2380=ORIENTED_EDGE('',*,*,#3595,.T.);
#2381=ORIENTED_EDGE('',*,*,#3599,.F.);
#2382=ORIENTED_EDGE('',*,*,#3662,.T.);
#2383=ORIENTED_EDGE('',*,*,#3567,.F.);
#2384=ORIENTED_EDGE('',*,*,#3630,.F.);
#2385=ORIENTED_EDGE('',*,*,#3593,.T.);
#2386=ORIENTED_EDGE('',*,*,#3643,.T.);
#2387=ORIENTED_EDGE('',*,*,#3625,.T.);
#2388=ORIENTED_EDGE('',*,*,#3675,.F.);
#2389=ORIENTED_EDGE('',*,*,#3591,.T.);
#2390=ORIENTED_EDGE('',*,*,#3674,.T.);
#2391=ORIENTED_EDGE('',*,*,#3623,.T.);
#2392=ORIENTED_EDGE('',*,*,#3642,.T.);
#2393=ORIENTED_EDGE('',*,*,#3589,.T.);
#2394=ORIENTED_EDGE('',*,*,#3641,.T.);
#2395=ORIENTED_EDGE('',*,*,#3621,.T.);
#2396=ORIENTED_EDGE('',*,*,#3673,.F.);
#2397=ORIENTED_EDGE('',*,*,#3587,.T.);
#2398=ORIENTED_EDGE('',*,*,#3672,.T.);
#2399=ORIENTED_EDGE('',*,*,#3619,.T.);
#2400=ORIENTED_EDGE('',*,*,#3640,.T.);
#2401=ORIENTED_EDGE('',*,*,#3585,.T.);
#2402=ORIENTED_EDGE('',*,*,#3639,.T.);
#2403=ORIENTED_EDGE('',*,*,#3617,.T.);
#2404=ORIENTED_EDGE('',*,*,#3671,.F.);
#2405=ORIENTED_EDGE('',*,*,#3583,.T.);
#2406=ORIENTED_EDGE('',*,*,#3670,.T.);
#2407=ORIENTED_EDGE('',*,*,#3615,.T.);
#2408=ORIENTED_EDGE('',*,*,#3638,.T.);
#2409=ORIENTED_EDGE('',*,*,#3581,.T.);
#2410=ORIENTED_EDGE('',*,*,#3637,.T.);
#2411=ORIENTED_EDGE('',*,*,#3613,.T.);
#2412=ORIENTED_EDGE('',*,*,#3669,.F.);
#2413=ORIENTED_EDGE('',*,*,#3579,.T.);
#2414=ORIENTED_EDGE('',*,*,#3668,.T.);
#2415=ORIENTED_EDGE('',*,*,#3611,.T.);
#2416=ORIENTED_EDGE('',*,*,#3636,.T.);
#2417=ORIENTED_EDGE('',*,*,#3577,.T.);
#2418=ORIENTED_EDGE('',*,*,#3635,.T.);
#2419=ORIENTED_EDGE('',*,*,#3609,.T.);
#2420=ORIENTED_EDGE('',*,*,#3667,.F.);
#2421=ORIENTED_EDGE('',*,*,#3575,.T.);
#2422=ORIENTED_EDGE('',*,*,#3666,.T.);
#2423=ORIENTED_EDGE('',*,*,#3607,.T.);
#2424=ORIENTED_EDGE('',*,*,#3634,.T.);
#2425=ORIENTED_EDGE('',*,*,#3573,.T.);
#2426=ORIENTED_EDGE('',*,*,#3633,.T.);
#2427=ORIENTED_EDGE('',*,*,#3605,.T.);
#2428=ORIENTED_EDGE('',*,*,#3665,.F.);
#2429=ORIENTED_EDGE('',*,*,#3571,.T.);
#2430=ORIENTED_EDGE('',*,*,#3664,.T.);
#2431=ORIENTED_EDGE('',*,*,#3603,.T.);
#2432=ORIENTED_EDGE('',*,*,#3632,.T.);
#2433=ORIENTED_EDGE('',*,*,#3569,.T.);
#2434=ORIENTED_EDGE('',*,*,#3631,.T.);
#2435=ORIENTED_EDGE('',*,*,#3601,.T.);
#2436=ORIENTED_EDGE('',*,*,#3663,.F.);
#2437=ORIENTED_EDGE('',*,*,#3565,.T.);
#2438=ORIENTED_EDGE('',*,*,#3661,.T.);
#2439=ORIENTED_EDGE('',*,*,#3597,.T.);
#2440=ORIENTED_EDGE('',*,*,#3629,.T.);
#2441=ORIENTED_EDGE('',*,*,#3513,.T.);
#2442=ORIENTED_EDGE('',*,*,#3563,.T.);
#2443=ORIENTED_EDGE('',*,*,#3545,.T.);
#2444=ORIENTED_EDGE('',*,*,#3659,.F.);
#2445=ORIENTED_EDGE('',*,*,#3511,.T.);
#2446=ORIENTED_EDGE('',*,*,#3658,.T.);
#2447=ORIENTED_EDGE('',*,*,#3543,.T.);
#2448=ORIENTED_EDGE('',*,*,#3562,.T.);
#2449=ORIENTED_EDGE('',*,*,#3509,.T.);
#2450=ORIENTED_EDGE('',*,*,#3561,.T.);
#2451=ORIENTED_EDGE('',*,*,#3541,.T.);
#2452=ORIENTED_EDGE('',*,*,#3657,.F.);
#2453=ORIENTED_EDGE('',*,*,#3507,.T.);
#2454=ORIENTED_EDGE('',*,*,#3656,.T.);
#2455=ORIENTED_EDGE('',*,*,#3539,.T.);
#2456=ORIENTED_EDGE('',*,*,#3560,.T.);
#2457=ORIENTED_EDGE('',*,*,#3505,.T.);
#2458=ORIENTED_EDGE('',*,*,#3559,.T.);
#2459=ORIENTED_EDGE('',*,*,#3537,.T.);
#2460=ORIENTED_EDGE('',*,*,#3655,.F.);
#2461=ORIENTED_EDGE('',*,*,#3503,.T.);
#2462=ORIENTED_EDGE('',*,*,#3654,.T.);
#2463=ORIENTED_EDGE('',*,*,#3535,.T.);
#2464=ORIENTED_EDGE('',*,*,#3558,.T.);
#2465=ORIENTED_EDGE('',*,*,#3501,.T.);
#2466=ORIENTED_EDGE('',*,*,#3557,.T.);
#2467=ORIENTED_EDGE('',*,*,#3533,.T.);
#2468=ORIENTED_EDGE('',*,*,#3653,.F.);
#2469=ORIENTED_EDGE('',*,*,#3499,.T.);
#2470=ORIENTED_EDGE('',*,*,#3652,.T.);
#2471=ORIENTED_EDGE('',*,*,#3531,.T.);
#2472=ORIENTED_EDGE('',*,*,#3556,.T.);
#2473=ORIENTED_EDGE('',*,*,#3497,.T.);
#2474=ORIENTED_EDGE('',*,*,#3555,.T.);
#2475=ORIENTED_EDGE('',*,*,#3529,.T.);
#2476=ORIENTED_EDGE('',*,*,#3651,.F.);
#2477=ORIENTED_EDGE('',*,*,#3495,.T.);
#2478=ORIENTED_EDGE('',*,*,#3650,.T.);
#2479=ORIENTED_EDGE('',*,*,#3527,.T.);
#2480=ORIENTED_EDGE('',*,*,#3554,.T.);
#2481=ORIENTED_EDGE('',*,*,#3493,.T.);
#2482=ORIENTED_EDGE('',*,*,#3553,.T.);
#2483=ORIENTED_EDGE('',*,*,#3525,.T.);
#2484=ORIENTED_EDGE('',*,*,#3649,.F.);
#2485=ORIENTED_EDGE('',*,*,#3491,.T.);
#2486=ORIENTED_EDGE('',*,*,#3648,.T.);
#2487=ORIENTED_EDGE('',*,*,#3523,.T.);
#2488=ORIENTED_EDGE('',*,*,#3552,.T.);
#2489=ORIENTED_EDGE('',*,*,#3485,.T.);
#2490=ORIENTED_EDGE('',*,*,#3660,.T.);
#2491=ORIENTED_EDGE('',*,*,#3517,.T.);
#2492=ORIENTED_EDGE('',*,*,#3549,.T.);
#2493=ORIENTED_EDGE('',*,*,#3489,.T.);
#2494=ORIENTED_EDGE('',*,*,#3551,.T.);
#2495=ORIENTED_EDGE('',*,*,#3521,.T.);
#2496=ORIENTED_EDGE('',*,*,#3647,.F.);
#2497=ORIENTED_EDGE('',*,*,#3473,.T.);
#2498=ORIENTED_EDGE('',*,*,#3483,.T.);
#2499=ORIENTED_EDGE('',*,*,#3477,.T.);
#2500=ORIENTED_EDGE('',*,*,#3481,.F.);
#2501=EDGE_CURVE('',#3677,#3678,#4462,.T.);
#2502=EDGE_CURVE('',#3677,#3679,#4463,.T.);
#2503=EDGE_CURVE('',#3680,#3679,#4464,.T.);
#2504=EDGE_CURVE('',#3680,#3681,#4465,.T.);
#2505=EDGE_CURVE('',#3681,#3682,#4466,.T.);
#2506=EDGE_CURVE('',#3683,#3682,#4467,.T.);
#2507=EDGE_CURVE('',#3683,#3684,#4468,.T.);
#2508=EDGE_CURVE('',#3678,#3684,#4469,.T.);
#2509=EDGE_CURVE('',#3685,#3686,#4470,.T.);
#2510=EDGE_CURVE('',#3687,#3685,#4471,.T.);
#2511=EDGE_CURVE('',#3688,#3687,#4472,.T.);
#2512=EDGE_CURVE('',#3689,#3688,#4473,.T.);
#2513=EDGE_CURVE('',#3689,#3690,#4474,.T.);
#2514=EDGE_CURVE('',#3690,#3691,#4475,.T.);
#2515=EDGE_CURVE('',#3692,#3691,#4476,.T.);
#2516=EDGE_CURVE('',#3692,#3686,#4477,.T.);
#2517=EDGE_CURVE('',#3686,#3677,#4478,.T.);
#2518=EDGE_CURVE('',#3679,#3692,#4479,.T.);
#2519=EDGE_CURVE('',#3693,#3694,#4480,.T.);
#2520=EDGE_CURVE('',#3693,#3695,#4481,.T.);
#2521=EDGE_CURVE('',#3696,#3695,#4482,.T.);
#2522=EDGE_CURVE('',#3696,#3697,#4483,.T.);
#2523=EDGE_CURVE('',#3697,#3698,#4484,.T.);
#2524=EDGE_CURVE('',#3699,#3698,#4485,.T.);
#2525=EDGE_CURVE('',#3699,#3700,#4486,.T.);
#2526=EDGE_CURVE('',#3694,#3700,#4487,.T.);
#2527=EDGE_CURVE('',#3701,#3702,#4488,.T.);
#2528=EDGE_CURVE('',#3703,#3701,#4489,.T.);
#2529=EDGE_CURVE('',#3704,#3703,#4490,.T.);
#2530=EDGE_CURVE('',#3705,#3704,#4491,.T.);
#2531=EDGE_CURVE('',#3705,#3706,#4492,.T.);
#2532=EDGE_CURVE('',#3706,#3707,#4493,.T.);
#2533=EDGE_CURVE('',#3708,#3707,#4494,.T.);
#2534=EDGE_CURVE('',#3708,#3702,#4495,.T.);
#2535=EDGE_CURVE('',#3702,#3693,#4496,.T.);
#2536=EDGE_CURVE('',#3695,#3708,#4497,.T.);
#2537=EDGE_CURVE('',#3709,#3710,#74,.T.);
#2538=EDGE_CURVE('',#3710,#3711,#4498,.T.);
#2539=EDGE_CURVE('',#3711,#3712,#75,.T.);
#2540=EDGE_CURVE('',#3712,#3713,#4499,.T.);
#2541=EDGE_CURVE('',#3713,#3714,#76,.T.);
#2542=EDGE_CURVE('',#3714,#3715,#4500,.T.);
#2543=EDGE_CURVE('',#3715,#3716,#77,.T.);
#2544=EDGE_CURVE('',#3716,#3709,#4501,.T.);
#2545=EDGE_CURVE('',#3717,#3718,#4502,.T.);
#2546=EDGE_CURVE('',#3719,#3717,#4503,.T.);
#2547=EDGE_CURVE('',#3720,#3719,#4504,.T.);
#2548=EDGE_CURVE('',#3718,#3720,#4505,.T.);
#2549=EDGE_CURVE('',#3721,#3722,#4506,.T.);
#2550=EDGE_CURVE('',#3723,#3722,#4507,.T.);
#2551=EDGE_CURVE('',#3724,#3723,#4508,.T.);
#2552=EDGE_CURVE('',#3724,#3721,#4509,.T.);
#2553=EDGE_CURVE('',#3725,#3726,#4510,.T.);
#2554=EDGE_CURVE('',#3725,#3727,#4511,.T.);
#2555=EDGE_CURVE('',#3728,#3727,#4512,.T.);
#2556=EDGE_CURVE('',#3723,#3728,#4513,.T.);
#2557=EDGE_CURVE('',#3726,#3722,#4514,.T.);
#2558=EDGE_CURVE('',#3729,#3717,#4515,.T.);
#2559=EDGE_CURVE('',#3730,#3729,#4516,.T.);
#2560=EDGE_CURVE('',#3731,#3730,#4517,.T.);
#2561=EDGE_CURVE('',#3732,#3731,#4518,.T.);
#2562=EDGE_CURVE('',#3732,#3719,#4519,.T.);
#2563=EDGE_CURVE('',#3730,#3733,#4520,.T.);
#2564=EDGE_CURVE('',#3734,#3733,#4521,.T.);
#2565=EDGE_CURVE('',#3731,#3734,#4522,.T.);
#2566=EDGE_CURVE('',#3735,#3736,#4523,.T.);
#2567=EDGE_CURVE('',#3735,#3737,#4524,.T.);
#2568=EDGE_CURVE('',#3737,#3738,#4525,.T.);
#2569=EDGE_CURVE('',#3738,#3736,#4526,.T.);
#2570=EDGE_CURVE('',#3739,#3739,#78,.T.);
#2571=EDGE_CURVE('',#3736,#3725,#4527,.T.);
#2572=EDGE_CURVE('',#3727,#3738,#4528,.T.);
#2573=EDGE_CURVE('',#3718,#3740,#4529,.T.);
#2574=EDGE_CURVE('',#3741,#3720,#4530,.T.);
#2575=EDGE_CURVE('',#3741,#3740,#4531,.T.);
#2576=EDGE_CURVE('',#3700,#3703,#4532,.T.);
#2577=EDGE_CURVE('',#3704,#3699,#4533,.T.);
#2578=EDGE_CURVE('',#3684,#3687,#4534,.T.);
#2579=EDGE_CURVE('',#3688,#3683,#4535,.T.);
#2580=EDGE_CURVE('',#3742,#3743,#4536,.T.);
#2581=EDGE_CURVE('',#3742,#3744,#4537,.T.);
#2582=EDGE_CURVE('',#3745,#3744,#4538,.T.);
#2583=EDGE_CURVE('',#3746,#3745,#4539,.T.);
#2584=EDGE_CURVE('',#3746,#3747,#4540,.T.);
#2585=EDGE_CURVE('',#3747,#3743,#4541,.T.);
#2586=EDGE_CURVE('',#3748,#3749,#4542,.T.);
#2587=EDGE_CURVE('',#3748,#3750,#4543,.T.);
#2588=EDGE_CURVE('',#3750,#3751,#4544,.T.);
#2589=EDGE_CURVE('',#3752,#3751,#4545,.T.);
#2590=EDGE_CURVE('',#3752,#3753,#4546,.T.);
#2591=EDGE_CURVE('',#3753,#3749,#4547,.T.);
#2592=EDGE_CURVE('',#3754,#3755,#4548,.T.);
#2593=EDGE_CURVE('',#3754,#3756,#4549,.T.);
#2594=EDGE_CURVE('',#3756,#3757,#4550,.T.);
#2595=EDGE_CURVE('',#3758,#3757,#4551,.T.);
#2596=EDGE_CURVE('',#3758,#3759,#4552,.T.);
#2597=EDGE_CURVE('',#3759,#3755,#4553,.T.);
#2598=EDGE_CURVE('',#3760,#3761,#4554,.T.);
#2599=EDGE_CURVE('',#3760,#3762,#4555,.T.);
#2600=EDGE_CURVE('',#3763,#3762,#4556,.T.);
#2601=EDGE_CURVE('',#3764,#3763,#4557,.T.);
#2602=EDGE_CURVE('',#3764,#3765,#4558,.T.);
#2603=EDGE_CURVE('',#3765,#3761,#4559,.T.);
#2604=EDGE_CURVE('',#3755,#3742,#4560,.T.);
#2605=EDGE_CURVE('',#3744,#3759,#4561,.T.);
#2606=EDGE_CURVE('',#3749,#3760,#4562,.T.);
#2607=EDGE_CURVE('',#3762,#3753,#4563,.T.);
#2608=EDGE_CURVE('',#3766,#3767,#4564,.T.);
#2609=EDGE_CURVE('',#3766,#3768,#4565,.T.);
#2610=EDGE_CURVE('',#3769,#3768,#4566,.T.);
#2611=EDGE_CURVE('',#3770,#3769,#4567,.T.);
#2612=EDGE_CURVE('',#3770,#3771,#4568,.T.);
#2613=EDGE_CURVE('',#3771,#3767,#4569,.T.);
#2614=EDGE_CURVE('',#3772,#3773,#4570,.T.);
#2615=EDGE_CURVE('',#3772,#3774,#4571,.T.);
#2616=EDGE_CURVE('',#3774,#3775,#4572,.T.);
#2617=EDGE_CURVE('',#3776,#3775,#4573,.T.);
#2618=EDGE_CURVE('',#3776,#3777,#4574,.T.);
#2619=EDGE_CURVE('',#3777,#3773,#4575,.T.);
#2620=EDGE_CURVE('',#3778,#3779,#4576,.T.);
#2621=EDGE_CURVE('',#3778,#3780,#4577,.T.);
#2622=EDGE_CURVE('',#3780,#3781,#4578,.T.);
#2623=EDGE_CURVE('',#3782,#3781,#4579,.T.);
#2624=EDGE_CURVE('',#3782,#3783,#4580,.T.);
#2625=EDGE_CURVE('',#3783,#3779,#4581,.T.);
#2626=EDGE_CURVE('',#3784,#3785,#4582,.T.);
#2627=EDGE_CURVE('',#3784,#3786,#4583,.T.);
#2628=EDGE_CURVE('',#3787,#3786,#4584,.T.);
#2629=EDGE_CURVE('',#3788,#3787,#4585,.T.);
#2630=EDGE_CURVE('',#3788,#3789,#4586,.T.);
#2631=EDGE_CURVE('',#3789,#3785,#4587,.T.);
#2632=EDGE_CURVE('',#3779,#3766,#4588,.T.);
#2633=EDGE_CURVE('',#3768,#3783,#4589,.T.);
#2634=EDGE_CURVE('',#3773,#3784,#4590,.T.);
#2635=EDGE_CURVE('',#3786,#3777,#4591,.T.);
#2636=EDGE_CURVE('',#3790,#3791,#4592,.T.);
#2637=EDGE_CURVE('',#3790,#3792,#4593,.T.);
#2638=EDGE_CURVE('',#3793,#3792,#4594,.T.);
#2639=EDGE_CURVE('',#3794,#3793,#4595,.T.);
#2640=EDGE_CURVE('',#3794,#3795,#4596,.T.);
#2641=EDGE_CURVE('',#3795,#3791,#4597,.T.);
#2642=EDGE_CURVE('',#3796,#3797,#4598,.T.);
#2643=EDGE_CURVE('',#3796,#3798,#4599,.T.);
#2644=EDGE_CURVE('',#3798,#3799,#4600,.T.);
#2645=EDGE_CURVE('',#3800,#3799,#4601,.T.);
#2646=EDGE_CURVE('',#3800,#3801,#4602,.T.);
#2647=EDGE_CURVE('',#3801,#3797,#4603,.T.);
#2648=EDGE_CURVE('',#3802,#3803,#4604,.T.);
#2649=EDGE_CURVE('',#3802,#3804,#4605,.T.);
#2650=EDGE_CURVE('',#3804,#3805,#4606,.T.);
#2651=EDGE_CURVE('',#3806,#3805,#4607,.T.);
#2652=EDGE_CURVE('',#3806,#3807,#4608,.T.);
#2653=EDGE_CURVE('',#3807,#3803,#4609,.T.);
#2654=EDGE_CURVE('',#3808,#3809,#4610,.T.);
#2655=EDGE_CURVE('',#3808,#3810,#4611,.T.);
#2656=EDGE_CURVE('',#3811,#3810,#4612,.T.);
#2657=EDGE_CURVE('',#3812,#3811,#4613,.T.);
#2658=EDGE_CURVE('',#3812,#3813,#4614,.T.);
#2659=EDGE_CURVE('',#3813,#3809,#4615,.T.);
#2660=EDGE_CURVE('',#3803,#3790,#4616,.T.);
#2661=EDGE_CURVE('',#3792,#3807,#4617,.T.);
#2662=EDGE_CURVE('',#3797,#3808,#4618,.T.);
#2663=EDGE_CURVE('',#3810,#3801,#4619,.T.);
#2664=EDGE_CURVE('',#3814,#3815,#4620,.T.);
#2665=EDGE_CURVE('',#3814,#3816,#4621,.T.);
#2666=EDGE_CURVE('',#3817,#3816,#4622,.T.);
#2667=EDGE_CURVE('',#3818,#3817,#4623,.T.);
#2668=EDGE_CURVE('',#3818,#3819,#4624,.T.);
#2669=EDGE_CURVE('',#3819,#3815,#4625,.T.);
#2670=EDGE_CURVE('',#3820,#3821,#4626,.T.);
#2671=EDGE_CURVE('',#3820,#3822,#4627,.T.);
#2672=EDGE_CURVE('',#3822,#3823,#4628,.T.);
#2673=EDGE_CURVE('',#3824,#3823,#4629,.T.);
#2674=EDGE_CURVE('',#3824,#3825,#4630,.T.);
#2675=EDGE_CURVE('',#3825,#3821,#4631,.T.);
#2676=EDGE_CURVE('',#3821,#3814,#4632,.T.);
#2677=EDGE_CURVE('',#3816,#3825,#4633,.T.);
#2678=EDGE_CURVE('',#3826,#3827,#4634,.T.);
#2679=EDGE_CURVE('',#3826,#3828,#4635,.T.);
#2680=EDGE_CURVE('',#3829,#3828,#4636,.T.);
#2681=EDGE_CURVE('',#3830,#3829,#4637,.T.);
#2682=EDGE_CURVE('',#3830,#3831,#4638,.T.);
#2683=EDGE_CURVE('',#3831,#3827,#4639,.T.);
#2684=EDGE_CURVE('',#3832,#3833,#4640,.T.);
#2685=EDGE_CURVE('',#3832,#3834,#4641,.T.);
#2686=EDGE_CURVE('',#3834,#3835,#4642,.T.);
#2687=EDGE_CURVE('',#3836,#3835,#4643,.T.);
#2688=EDGE_CURVE('',#3836,#3837,#4644,.T.);
#2689=EDGE_CURVE('',#3837,#3833,#4645,.T.);
#2690=EDGE_CURVE('',#3833,#3826,#4646,.T.);
#2691=EDGE_CURVE('',#3828,#3837,#4647,.T.);
#2692=EDGE_CURVE('',#3838,#3839,#4648,.T.);
#2693=EDGE_CURVE('',#3838,#3840,#4649,.T.);
#2694=EDGE_CURVE('',#3841,#3840,#4650,.T.);
#2695=EDGE_CURVE('',#3842,#3841,#4651,.T.);
#2696=EDGE_CURVE('',#3842,#3843,#4652,.T.);
#2697=EDGE_CURVE('',#3843,#3839,#4653,.T.);
#2698=EDGE_CURVE('',#3844,#3845,#4654,.T.);
#2699=EDGE_CURVE('',#3844,#3846,#4655,.T.);
#2700=EDGE_CURVE('',#3846,#3847,#4656,.T.);
#2701=EDGE_CURVE('',#3848,#3847,#4657,.T.);
#2702=EDGE_CURVE('',#3848,#3849,#4658,.T.);
#2703=EDGE_CURVE('',#3849,#3845,#4659,.T.);
#2704=EDGE_CURVE('',#3850,#3851,#4660,.T.);
#2705=EDGE_CURVE('',#3850,#3852,#4661,.T.);
#2706=EDGE_CURVE('',#3852,#3853,#4662,.T.);
#2707=EDGE_CURVE('',#3854,#3853,#4663,.T.);
#2708=EDGE_CURVE('',#3854,#3855,#4664,.T.);
#2709=EDGE_CURVE('',#3855,#3851,#4665,.T.);
#2710=EDGE_CURVE('',#3856,#3857,#4666,.T.);
#2711=EDGE_CURVE('',#3856,#3858,#4667,.T.);
#2712=EDGE_CURVE('',#3859,#3858,#4668,.T.);
#2713=EDGE_CURVE('',#3860,#3859,#4669,.T.);
#2714=EDGE_CURVE('',#3860,#3861,#4670,.T.);
#2715=EDGE_CURVE('',#3861,#3857,#4671,.T.);
#2716=EDGE_CURVE('',#3851,#3838,#4672,.T.);
#2717=EDGE_CURVE('',#3840,#3855,#4673,.T.);
#2718=EDGE_CURVE('',#3845,#3856,#4674,.T.);
#2719=EDGE_CURVE('',#3858,#3849,#4675,.T.);
#2720=EDGE_CURVE('',#3862,#3863,#4676,.T.);
#2721=EDGE_CURVE('',#3862,#3864,#4677,.T.);
#2722=EDGE_CURVE('',#3865,#3864,#4678,.T.);
#2723=EDGE_CURVE('',#3865,#3863,#4679,.T.);
#2724=EDGE_CURVE('',#3866,#3867,#4680,.T.);
#2725=EDGE_CURVE('',#3866,#3868,#4681,.T.);
#2726=EDGE_CURVE('',#3868,#3869,#4682,.T.);
#2727=EDGE_CURVE('',#3869,#3867,#4683,.T.);
#2728=EDGE_CURVE('',#3870,#3871,#4684,.T.);
#2729=EDGE_CURVE('',#3870,#3872,#4685,.T.);
#2730=EDGE_CURVE('',#3872,#3873,#4686,.T.);
#2731=EDGE_CURVE('',#3873,#3871,#4687,.T.);
#2732=EDGE_CURVE('',#3874,#3875,#4688,.T.);
#2733=EDGE_CURVE('',#3874,#3876,#4689,.T.);
#2734=EDGE_CURVE('',#3877,#3876,#4690,.T.);
#2735=EDGE_CURVE('',#3877,#3875,#4691,.T.);
#2736=EDGE_CURVE('',#3871,#3862,#4692,.T.);
#2737=EDGE_CURVE('',#3864,#3873,#4693,.T.);
#2738=EDGE_CURVE('',#3867,#3874,#4694,.T.);
#2739=EDGE_CURVE('',#3876,#3869,#4695,.T.);
#2740=EDGE_CURVE('',#3757,#3842,#4696,.T.);
#2741=EDGE_CURVE('',#3756,#3843,#4697,.T.);
#2742=EDGE_CURVE('',#3852,#3831,#4698,.T.);
#2743=EDGE_CURVE('',#3853,#3830,#4699,.T.);
#2744=EDGE_CURVE('',#3834,#3878,#4700,.T.);
#2745=EDGE_CURVE('',#3879,#3878,#4701,.T.);
#2746=EDGE_CURVE('',#3835,#3879,#4702,.T.);
#2747=EDGE_CURVE('',#3846,#3765,#4703,.T.);
#2748=EDGE_CURVE('',#3847,#3764,#4704,.T.);
#2749=EDGE_CURVE('',#3698,#3860,#4705,.T.);
#2750=EDGE_CURVE('',#3697,#3861,#4706,.T.);
#2751=EDGE_CURVE('',#3880,#3705,#4707,.T.);
#2752=EDGE_CURVE('',#3880,#3881,#4708,.T.);
#2753=EDGE_CURVE('',#3881,#3706,#4709,.T.);
#2754=EDGE_CURVE('',#3882,#3818,#4710,.T.);
#2755=EDGE_CURVE('',#3882,#3883,#4711,.T.);
#2756=EDGE_CURVE('',#3883,#3819,#4712,.T.);
#2757=EDGE_CURVE('',#3822,#3795,#4713,.T.);
#2758=EDGE_CURVE('',#3823,#3794,#4714,.T.);
#2759=EDGE_CURVE('',#3804,#3771,#4715,.T.);
#2760=EDGE_CURVE('',#3805,#3770,#4716,.T.);
#2761=EDGE_CURVE('',#3780,#3884,#4717,.T.);
#2762=EDGE_CURVE('',#3885,#3884,#4718,.T.);
#2763=EDGE_CURVE('',#3781,#3885,#4719,.T.);
#2764=EDGE_CURVE('',#3681,#3886,#4720,.T.);
#2765=EDGE_CURVE('',#3887,#3886,#4721,.T.);
#2766=EDGE_CURVE('',#3682,#3887,#4722,.T.);
#2767=EDGE_CURVE('',#3799,#3689,#4723,.T.);
#2768=EDGE_CURVE('',#3798,#3690,#4724,.T.);
#2769=EDGE_CURVE('',#3775,#3812,#4725,.T.);
#2770=EDGE_CURVE('',#3774,#3813,#4726,.T.);
#2771=EDGE_CURVE('',#3888,#3788,#4727,.T.);
#2772=EDGE_CURVE('',#3888,#3889,#4728,.T.);
#2773=EDGE_CURVE('',#3889,#3789,#4729,.T.);
#2774=EDGE_CURVE('',#3890,#3721,#4730,.T.);
#2775=EDGE_CURVE('',#3750,#3890,#4731,.T.);
#2776=EDGE_CURVE('',#3761,#3748,#4732,.T.);
#2777=EDGE_CURVE('',#3857,#3844,#4733,.T.);
#2778=EDGE_CURVE('',#3707,#3696,#4734,.T.);
#2779=EDGE_CURVE('',#3891,#3881,#4735,.T.);
#2780=EDGE_CURVE('',#3868,#3891,#4736,.T.);
#2781=EDGE_CURVE('',#3875,#3866,#4737,.T.);
#2782=EDGE_CURVE('',#3892,#3877,#4738,.T.);
#2783=EDGE_CURVE('',#3886,#3892,#4739,.T.);
#2784=EDGE_CURVE('',#3691,#3680,#4740,.T.);
#2785=EDGE_CURVE('',#3809,#3796,#4741,.T.);
#2786=EDGE_CURVE('',#3785,#3772,#4742,.T.);
#2787=EDGE_CURVE('',#3733,#3889,#4743,.T.);
#2788=EDGE_CURVE('',#3729,#3740,#4744,.T.);
#2789=EDGE_CURVE('',#3893,#3741,#4745,.T.);
#2790=EDGE_CURVE('',#3884,#3893,#4746,.T.);
#2791=EDGE_CURVE('',#3778,#3767,#4747,.T.);
#2792=EDGE_CURVE('',#3802,#3791,#4748,.T.);
#2793=EDGE_CURVE('',#3820,#3815,#4749,.T.);
#2794=EDGE_CURVE('',#3894,#3883,#4750,.T.);
#2795=EDGE_CURVE('',#3872,#3894,#4751,.T.);
#2796=EDGE_CURVE('',#3870,#3863,#4752,.T.);
#2797=EDGE_CURVE('',#3895,#3865,#4753,.T.);
#2798=EDGE_CURVE('',#3878,#3895,#4754,.T.);
#2799=EDGE_CURVE('',#3832,#3827,#4755,.T.);
#2800=EDGE_CURVE('',#3850,#3839,#4756,.T.);
#2801=EDGE_CURVE('',#3754,#3743,#4757,.T.);
#2802=EDGE_CURVE('',#3896,#3747,#4758,.T.);
#2803=EDGE_CURVE('',#3897,#3896,#4759,.T.);
#2804=EDGE_CURVE('',#3737,#3897,#4760,.T.);
#2805=EDGE_CURVE('',#3735,#3726,#4761,.T.);
#2806=EDGE_CURVE('',#3898,#3746,#4762,.T.);
#2807=EDGE_CURVE('',#3898,#3896,#4763,.T.);
#2808=EDGE_CURVE('',#3899,#3890,#4764,.T.);
#2809=EDGE_CURVE('',#3751,#3899,#4765,.T.);
#2810=EDGE_CURVE('',#3900,#3901,#4766,.T.);
#2811=EDGE_CURVE('',#3902,#3900,#4767,.T.);
#2812=EDGE_CURVE('',#3903,#3902,#4768,.T.);
#2813=EDGE_CURVE('',#3901,#3903,#4769,.T.);
#2814=EDGE_CURVE('',#3904,#3905,#4770,.T.);
#2815=EDGE_CURVE('',#3906,#3904,#4771,.T.);
#2816=EDGE_CURVE('',#3907,#3906,#4772,.T.);
#2817=EDGE_CURVE('',#3905,#3907,#4773,.T.);
#2818=EDGE_CURVE('',#3908,#3909,#4774,.T.);
#2819=EDGE_CURVE('',#3910,#3908,#4775,.T.);
#2820=EDGE_CURVE('',#3911,#3910,#4776,.T.);
#2821=EDGE_CURVE('',#3909,#3911,#4777,.T.);
#2822=EDGE_CURVE('',#3912,#3913,#4778,.T.);
#2823=EDGE_CURVE('',#3914,#3912,#4779,.T.);
#2824=EDGE_CURVE('',#3915,#3914,#4780,.T.);
#2825=EDGE_CURVE('',#3913,#3915,#4781,.T.);
#2826=EDGE_CURVE('',#3916,#3917,#4782,.T.);
#2827=EDGE_CURVE('',#3918,#3916,#4783,.T.);
#2828=EDGE_CURVE('',#3919,#3918,#4784,.T.);
#2829=EDGE_CURVE('',#3917,#3919,#4785,.T.);
#2830=EDGE_CURVE('',#3920,#3921,#4786,.T.);
#2831=EDGE_CURVE('',#3922,#3920,#4787,.T.);
#2832=EDGE_CURVE('',#3923,#3922,#4788,.T.);
#2833=EDGE_CURVE('',#3921,#3923,#4789,.T.);
#2834=EDGE_CURVE('',#3924,#3925,#4790,.T.);
#2835=EDGE_CURVE('',#3926,#3924,#4791,.T.);
#2836=EDGE_CURVE('',#3927,#3926,#4792,.T.);
#2837=EDGE_CURVE('',#3925,#3927,#4793,.T.);
#2838=EDGE_CURVE('',#3928,#3929,#4794,.T.);
#2839=EDGE_CURVE('',#3930,#3928,#4795,.T.);
#2840=EDGE_CURVE('',#3931,#3930,#4796,.T.);
#2841=EDGE_CURVE('',#3929,#3931,#4797,.T.);
#2842=EDGE_CURVE('',#3932,#3933,#4798,.T.);
#2843=EDGE_CURVE('',#3934,#3932,#4799,.T.);
#2844=EDGE_CURVE('',#3935,#3934,#4800,.T.);
#2845=EDGE_CURVE('',#3933,#3935,#4801,.T.);
#2846=EDGE_CURVE('',#3936,#3937,#4802,.T.);
#2847=EDGE_CURVE('',#3938,#3936,#4803,.T.);
#2848=EDGE_CURVE('',#3939,#3938,#4804,.T.);
#2849=EDGE_CURVE('',#3937,#3939,#4805,.T.);
#2850=EDGE_CURVE('',#3940,#3941,#4806,.T.);
#2851=EDGE_CURVE('',#3942,#3940,#4807,.T.);
#2852=EDGE_CURVE('',#3943,#3942,#4808,.T.);
#2853=EDGE_CURVE('',#3941,#3943,#4809,.T.);
#2854=EDGE_CURVE('',#3944,#3945,#4810,.T.);
#2855=EDGE_CURVE('',#3946,#3944,#4811,.T.);
#2856=EDGE_CURVE('',#3947,#3946,#4812,.T.);
#2857=EDGE_CURVE('',#3945,#3947,#4813,.T.);
#2858=EDGE_CURVE('',#3948,#3949,#4814,.T.);
#2859=EDGE_CURVE('',#3950,#3948,#4815,.T.);
#2860=EDGE_CURVE('',#3951,#3950,#4816,.T.);
#2861=EDGE_CURVE('',#3952,#3951,#4817,.T.);
#2862=EDGE_CURVE('',#3953,#3952,#4818,.T.);
#2863=EDGE_CURVE('',#3949,#3953,#4819,.T.);
#2864=EDGE_CURVE('',#3954,#3955,#4820,.T.);
#2865=EDGE_CURVE('',#3956,#3954,#4821,.T.);
#2866=EDGE_CURVE('',#3957,#3956,#4822,.T.);
#2867=EDGE_CURVE('',#3958,#3957,#4823,.T.);
#2868=EDGE_CURVE('',#3959,#3958,#4824,.T.);
#2869=EDGE_CURVE('',#3955,#3959,#4825,.T.);
#2870=EDGE_CURVE('',#3960,#3961,#4826,.T.);
#2871=EDGE_CURVE('',#3962,#3960,#4827,.T.);
#2872=EDGE_CURVE('',#3963,#3962,#4828,.T.);
#2873=EDGE_CURVE('',#3964,#3963,#4829,.T.);
#2874=EDGE_CURVE('',#3961,#3964,#4830,.T.);
#2875=EDGE_CURVE('',#3965,#3966,#4831,.T.);
#2876=EDGE_CURVE('',#3967,#3965,#4832,.T.);
#2877=EDGE_CURVE('',#3968,#3967,#4833,.T.);
#2878=EDGE_CURVE('',#3969,#3968,#4834,.T.);
#2879=EDGE_CURVE('',#3966,#3969,#4835,.T.);
#2880=EDGE_CURVE('',#3887,#3970,#4836,.T.);
#2881=EDGE_CURVE('',#3970,#3971,#4837,.T.);
#2882=EDGE_CURVE('',#3971,#3880,#4838,.T.);
#2883=EDGE_CURVE('',#3859,#3848,#4839,.T.);
#2884=EDGE_CURVE('',#3763,#3752,#4840,.T.);
#2885=EDGE_CURVE('',#3899,#3724,#4841,.T.);
#2886=EDGE_CURVE('',#3728,#3972,#4842,.T.);
#2887=EDGE_CURVE('',#3972,#3898,#4843,.T.);
#2888=EDGE_CURVE('',#3745,#3758,#4844,.T.);
#2889=EDGE_CURVE('',#3841,#3854,#4845,.T.);
#2890=EDGE_CURVE('',#3829,#3836,#4846,.T.);
#2891=EDGE_CURVE('',#3879,#3973,#4847,.T.);
#2892=EDGE_CURVE('',#3973,#3974,#4848,.T.);
#2893=EDGE_CURVE('',#3974,#3882,#4849,.T.);
#2894=EDGE_CURVE('',#3817,#3824,#4850,.T.);
#2895=EDGE_CURVE('',#3793,#3806,#4851,.T.);
#2896=EDGE_CURVE('',#3769,#3782,#4852,.T.);
#2897=EDGE_CURVE('',#3885,#3975,#4853,.T.);
#2898=EDGE_CURVE('',#3975,#3732,#4854,.T.);
#2899=EDGE_CURVE('',#3734,#3888,#4855,.T.);
#2900=EDGE_CURVE('',#3787,#3776,#4856,.T.);
#2901=EDGE_CURVE('',#3811,#3800,#4857,.T.);
#2902=EDGE_CURVE('',#3976,#3977,#4858,.T.);
#2903=EDGE_CURVE('',#3978,#3976,#79,.T.);
#2904=EDGE_CURVE('',#3979,#3978,#4859,.T.);
#2905=EDGE_CURVE('',#3980,#3979,#80,.T.);
#2906=EDGE_CURVE('',#3981,#3980,#4860,.T.);
#2907=EDGE_CURVE('',#3982,#3981,#81,.T.);
#2908=EDGE_CURVE('',#3983,#3982,#4861,.T.);
#2909=EDGE_CURVE('',#3977,#3983,#82,.T.);
#2910=EDGE_CURVE('',#3984,#3984,#83,.T.);
#2911=EDGE_CURVE('',#3985,#3894,#4862,.T.);
#2912=EDGE_CURVE('',#3986,#3985,#4863,.T.);
#2913=EDGE_CURVE('',#3986,#3895,#4864,.T.);
#2914=EDGE_CURVE('',#3972,#3897,#4865,.T.);
#2915=EDGE_CURVE('',#3987,#3986,#4866,.T.);
#2916=EDGE_CURVE('',#3988,#3987,#4867,.T.);
#2917=EDGE_CURVE('',#3973,#3988,#4868,.T.);
#2918=EDGE_CURVE('',#3974,#3989,#4869,.T.);
#2919=EDGE_CURVE('',#3989,#3990,#4870,.T.);
#2920=EDGE_CURVE('',#3990,#3985,#4871,.T.);
#2921=EDGE_CURVE('',#3975,#3893,#4872,.T.);
#2922=EDGE_CURVE('',#3970,#3892,#4873,.T.);
#2923=EDGE_CURVE('',#3971,#3891,#4874,.T.);
#2924=EDGE_CURVE('',#3990,#3987,#4875,.T.);
#2925=EDGE_CURVE('',#3989,#3988,#4876,.T.);
#2926=EDGE_CURVE('',#3991,#3991,#84,.T.);
#2927=EDGE_CURVE('',#3978,#3709,#4877,.T.);
#2928=EDGE_CURVE('',#3976,#3710,#4878,.T.);
#2929=EDGE_CURVE('',#3977,#3711,#4879,.T.);
#2930=EDGE_CURVE('',#3983,#3712,#4880,.T.);
#2931=EDGE_CURVE('',#3982,#3713,#4881,.T.);
#2932=EDGE_CURVE('',#3981,#3714,#4882,.T.);
#2933=EDGE_CURVE('',#3980,#3715,#4883,.T.);
#2934=EDGE_CURVE('',#3979,#3716,#4884,.T.);
#2935=EDGE_CURVE('',#3685,#3678,#4885,.T.);
#2936=EDGE_CURVE('',#3701,#3694,#4886,.T.);
#2937=EDGE_CURVE('',#3992,#3966,#4887,.T.);
#2938=EDGE_CURVE('',#3993,#3992,#4888,.T.);
#2939=EDGE_CURVE('',#3993,#3965,#4889,.T.);
#2940=EDGE_CURVE('',#3994,#3969,#4890,.T.);
#2941=EDGE_CURVE('',#3992,#3994,#4891,.T.);
#2942=EDGE_CURVE('',#3995,#3968,#4892,.T.);
#2943=EDGE_CURVE('',#3994,#3995,#4893,.T.);
#2944=EDGE_CURVE('',#3996,#3967,#4894,.T.);
#2945=EDGE_CURVE('',#3995,#3996,#4895,.T.);
#2946=EDGE_CURVE('',#3996,#3993,#4896,.T.);
#2947=EDGE_CURVE('',#3997,#3961,#4897,.T.);
#2948=EDGE_CURVE('',#3998,#3997,#4898,.T.);
#2949=EDGE_CURVE('',#3998,#3960,#4899,.T.);
#2950=EDGE_CURVE('',#3999,#3964,#4900,.T.);
#2951=EDGE_CURVE('',#3997,#3999,#4901,.T.);
#2952=EDGE_CURVE('',#4000,#3963,#4902,.T.);
#2953=EDGE_CURVE('',#3999,#4000,#4903,.T.);
#2954=EDGE_CURVE('',#4001,#3962,#4904,.T.);
#2955=EDGE_CURVE('',#4000,#4001,#4905,.T.);
#2956=EDGE_CURVE('',#4001,#3998,#4906,.T.);
#2957=EDGE_CURVE('',#4002,#3955,#4907,.T.);
#2958=EDGE_CURVE('',#4003,#4002,#4908,.T.);
#2959=EDGE_CURVE('',#4003,#3954,#4909,.T.);
#2960=EDGE_CURVE('',#4004,#3959,#4910,.T.);
#2961=EDGE_CURVE('',#4002,#4004,#4911,.T.);
#2962=EDGE_CURVE('',#4005,#3958,#4912,.T.);
#2963=EDGE_CURVE('',#4004,#4005,#4913,.T.);
#2964=EDGE_CURVE('',#4006,#3957,#4914,.T.);
#2965=EDGE_CURVE('',#4005,#4006,#4915,.T.);
#2966=EDGE_CURVE('',#4007,#3956,#4916,.T.);
#2967=EDGE_CURVE('',#4006,#4007,#4917,.T.);
#2968=EDGE_CURVE('',#4007,#4003,#4918,.T.);
#2969=EDGE_CURVE('',#4008,#3949,#4919,.T.);
#2970=EDGE_CURVE('',#4009,#4008,#4920,.T.);
#2971=EDGE_CURVE('',#4009,#3948,#4921,.T.);
#2972=EDGE_CURVE('',#4010,#3953,#4922,.T.);
#2973=EDGE_CURVE('',#4008,#4010,#4923,.T.);
#2974=EDGE_CURVE('',#4011,#3952,#4924,.T.);
#2975=EDGE_CURVE('',#4010,#4011,#4925,.T.);
#2976=EDGE_CURVE('',#4012,#3951,#4926,.T.);
#2977=EDGE_CURVE('',#4011,#4012,#4927,.T.);
#2978=EDGE_CURVE('',#4013,#3950,#4928,.T.);
#2979=EDGE_CURVE('',#4012,#4013,#4929,.T.);
#2980=EDGE_CURVE('',#4013,#4009,#4930,.T.);
#2981=EDGE_CURVE('',#4014,#3945,#4931,.T.);
#2982=EDGE_CURVE('',#4015,#4014,#4932,.T.);
#2983=EDGE_CURVE('',#4015,#3944,#4933,.T.);
#2984=EDGE_CURVE('',#4016,#3947,#4934,.T.);
#2985=EDGE_CURVE('',#4014,#4016,#4935,.T.);
#2986=EDGE_CURVE('',#4017,#3946,#4936,.T.);
#2987=EDGE_CURVE('',#4016,#4017,#4937,.T.);
#2988=EDGE_CURVE('',#4017,#4015,#4938,.T.);
#2989=EDGE_CURVE('',#4018,#3941,#4939,.T.);
#2990=EDGE_CURVE('',#4019,#4018,#4940,.T.);
#2991=EDGE_CURVE('',#4019,#3940,#4941,.T.);
#2992=EDGE_CURVE('',#4020,#3943,#4942,.T.);
#2993=EDGE_CURVE('',#4018,#4020,#4943,.T.);
#2994=EDGE_CURVE('',#4021,#3942,#4944,.T.);
#2995=EDGE_CURVE('',#4020,#4021,#4945,.T.);
#2996=EDGE_CURVE('',#4021,#4019,#4946,.T.);
#2997=EDGE_CURVE('',#4022,#3937,#4947,.T.);
#2998=EDGE_CURVE('',#4023,#4022,#4948,.T.);
#2999=EDGE_CURVE('',#4023,#3936,#4949,.T.);
#3000=EDGE_CURVE('',#4024,#3939,#4950,.T.);
#3001=EDGE_CURVE('',#4022,#4024,#4951,.T.);
#3002=EDGE_CURVE('',#4025,#3938,#4952,.T.);
#3003=EDGE_CURVE('',#4024,#4025,#4953,.T.);
#3004=EDGE_CURVE('',#4025,#4023,#4954,.T.);
#3005=EDGE_CURVE('',#4026,#3933,#4955,.T.);
#3006=EDGE_CURVE('',#4027,#4026,#4956,.T.);
#3007=EDGE_CURVE('',#4027,#3932,#4957,.T.);
#3008=EDGE_CURVE('',#4028,#3935,#4958,.T.);
#3009=EDGE_CURVE('',#4026,#4028,#4959,.T.);
#3010=EDGE_CURVE('',#4029,#3934,#4960,.T.);
#3011=EDGE_CURVE('',#4028,#4029,#4961,.T.);
#3012=EDGE_CURVE('',#4029,#4027,#4962,.T.);
#3013=EDGE_CURVE('',#4030,#3929,#4963,.T.);
#3014=EDGE_CURVE('',#4031,#4030,#4964,.T.);
#3015=EDGE_CURVE('',#4031,#3928,#4965,.T.);
#3016=EDGE_CURVE('',#4032,#3931,#4966,.T.);
#3017=EDGE_CURVE('',#4030,#4032,#4967,.T.);
#3018=EDGE_CURVE('',#4033,#3930,#4968,.T.);
#3019=EDGE_CURVE('',#4032,#4033,#4969,.T.);
#3020=EDGE_CURVE('',#4033,#4031,#4970,.T.);
#3021=EDGE_CURVE('',#4034,#3925,#4971,.T.);
#3022=EDGE_CURVE('',#4035,#4034,#4972,.T.);
#3023=EDGE_CURVE('',#4035,#3924,#4973,.T.);
#3024=EDGE_CURVE('',#4036,#3927,#4974,.T.);
#3025=EDGE_CURVE('',#4034,#4036,#4975,.T.);
#3026=EDGE_CURVE('',#4037,#3926,#4976,.T.);
#3027=EDGE_CURVE('',#4036,#4037,#4977,.T.);
#3028=EDGE_CURVE('',#4037,#4035,#4978,.T.);
#3029=EDGE_CURVE('',#4038,#3921,#4979,.T.);
#3030=EDGE_CURVE('',#4039,#4038,#4980,.T.);
#3031=EDGE_CURVE('',#4039,#3920,#4981,.T.);
#3032=EDGE_CURVE('',#4040,#3923,#4982,.T.);
#3033=EDGE_CURVE('',#4038,#4040,#4983,.T.);
#3034=EDGE_CURVE('',#4041,#3922,#4984,.T.);
#3035=EDGE_CURVE('',#4040,#4041,#4985,.T.);
#3036=EDGE_CURVE('',#4041,#4039,#4986,.T.);
#3037=EDGE_CURVE('',#4042,#3917,#4987,.T.);
#3038=EDGE_CURVE('',#4043,#4042,#4988,.T.);
#3039=EDGE_CURVE('',#4043,#3916,#4989,.T.);
#3040=EDGE_CURVE('',#4044,#3919,#4990,.T.);
#3041=EDGE_CURVE('',#4042,#4044,#4991,.T.);
#3042=EDGE_CURVE('',#4045,#3918,#4992,.T.);
#3043=EDGE_CURVE('',#4044,#4045,#4993,.T.);
#3044=EDGE_CURVE('',#4045,#4043,#4994,.T.);
#3045=EDGE_CURVE('',#4046,#3913,#4995,.T.);
#3046=EDGE_CURVE('',#4047,#4046,#4996,.T.);
#3047=EDGE_CURVE('',#4047,#3912,#4997,.T.);
#3048=EDGE_CURVE('',#4048,#3915,#4998,.T.);
#3049=EDGE_CURVE('',#4046,#4048,#4999,.T.);
#3050=EDGE_CURVE('',#4049,#3914,#5000,.T.);
#3051=EDGE_CURVE('',#4048,#4049,#5001,.T.);
#3052=EDGE_CURVE('',#4049,#4047,#5002,.T.);
#3053=EDGE_CURVE('',#4050,#3909,#5003,.T.);
#3054=EDGE_CURVE('',#4051,#4050,#5004,.T.);
#3055=EDGE_CURVE('',#4051,#3908,#5005,.T.);
#3056=EDGE_CURVE('',#4052,#3911,#5006,.T.);
#3057=EDGE_CURVE('',#4050,#4052,#5007,.T.);
#3058=EDGE_CURVE('',#4053,#3910,#5008,.T.);
#3059=EDGE_CURVE('',#4052,#4053,#5009,.T.);
#3060=EDGE_CURVE('',#4053,#4051,#5010,.T.);
#3061=EDGE_CURVE('',#4054,#3905,#5011,.T.);
#3062=EDGE_CURVE('',#4055,#4054,#5012,.T.);
#3063=EDGE_CURVE('',#4055,#3904,#5013,.T.);
#3064=EDGE_CURVE('',#4056,#3907,#5014,.T.);
#3065=EDGE_CURVE('',#4054,#4056,#5015,.T.);
#3066=EDGE_CURVE('',#4057,#3906,#5016,.T.);
#3067=EDGE_CURVE('',#4056,#4057,#5017,.T.);
#3068=EDGE_CURVE('',#4057,#4055,#5018,.T.);
#3069=EDGE_CURVE('',#4058,#3901,#5019,.T.);
#3070=EDGE_CURVE('',#4059,#4058,#5020,.T.);
#3071=EDGE_CURVE('',#4059,#3900,#5021,.T.);
#3072=EDGE_CURVE('',#4060,#3903,#5022,.T.);
#3073=EDGE_CURVE('',#4058,#4060,#5023,.T.);
#3074=EDGE_CURVE('',#4061,#3902,#5024,.T.);
#3075=EDGE_CURVE('',#4060,#4061,#5025,.T.);
#3076=EDGE_CURVE('',#4061,#4059,#5026,.T.);
#3077=EDGE_CURVE('',#4062,#4063,#5027,.T.);
#3078=EDGE_CURVE('',#4062,#4064,#5028,.T.);
#3079=EDGE_CURVE('',#4065,#4064,#5029,.T.);
#3080=EDGE_CURVE('',#4063,#4065,#5030,.T.);
#3081=EDGE_CURVE('',#4066,#4067,#5031,.T.);
#3082=EDGE_CURVE('',#4068,#4066,#5032,.T.);
#3083=EDGE_CURVE('',#4068,#4069,#5033,.T.);
#3084=EDGE_CURVE('',#4069,#4067,#5034,.T.);
#3085=EDGE_CURVE('',#4066,#4063,#5035,.T.);
#3086=EDGE_CURVE('',#4065,#4068,#5036,.T.);
#3087=EDGE_CURVE('',#4067,#4062,#5037,.T.);
#3088=EDGE_CURVE('',#4064,#4069,#5038,.T.);
#3089=EDGE_CURVE('',#4070,#4071,#85,.T.);
#3090=EDGE_CURVE('',#4070,#4072,#5039,.T.);
#3091=EDGE_CURVE('',#4072,#4073,#86,.T.);
#3092=EDGE_CURVE('',#4071,#4073,#5040,.T.);
#3093=EDGE_CURVE('',#4074,#4075,#87,.T.);
#3094=EDGE_CURVE('',#4076,#4074,#5041,.T.);
#3095=EDGE_CURVE('',#4077,#4076,#88,.T.);
#3096=EDGE_CURVE('',#4077,#4075,#5042,.T.);
#3097=EDGE_CURVE('',#4078,#4079,#89,.T.);
#3098=EDGE_CURVE('',#4078,#4080,#5043,.T.);
#3099=EDGE_CURVE('',#4081,#4080,#90,.T.);
#3100=EDGE_CURVE('',#4079,#4081,#5044,.T.);
#3101=EDGE_CURVE('',#4082,#4083,#91,.T.);
#3102=EDGE_CURVE('',#4082,#4084,#5045,.T.);
#3103=EDGE_CURVE('',#4085,#4084,#92,.T.);
#3104=EDGE_CURVE('',#4083,#4085,#5046,.T.);
#3105=EDGE_CURVE('',#4086,#4087,#93,.T.);
#3106=EDGE_CURVE('',#4086,#4088,#5047,.T.);
#3107=EDGE_CURVE('',#4089,#4088,#94,.T.);
#3108=EDGE_CURVE('',#4087,#4089,#5048,.T.);
#3109=EDGE_CURVE('',#4090,#4091,#95,.T.);
#3110=EDGE_CURVE('',#4090,#4092,#5049,.T.);
#3111=EDGE_CURVE('',#4093,#4092,#96,.T.);
#3112=EDGE_CURVE('',#4091,#4093,#5050,.T.);
#3113=EDGE_CURVE('',#4094,#4095,#97,.T.);
#3114=EDGE_CURVE('',#4094,#4096,#5051,.T.);
#3115=EDGE_CURVE('',#4097,#4096,#98,.T.);
#3116=EDGE_CURVE('',#4095,#4097,#5052,.T.);
#3117=EDGE_CURVE('',#4098,#4099,#99,.T.);
#3118=EDGE_CURVE('',#4098,#4100,#5053,.T.);
#3119=EDGE_CURVE('',#4101,#4100,#100,.T.);
#3120=EDGE_CURVE('',#4099,#4101,#5054,.T.);
#3121=EDGE_CURVE('',#4071,#4102,#5055,.T.);
#3122=EDGE_CURVE('',#4073,#4103,#5056,.T.);
#3123=EDGE_CURVE('',#4102,#4103,#5057,.T.);
#3124=EDGE_CURVE('',#4104,#4074,#5058,.T.);
#3125=EDGE_CURVE('',#4105,#4104,#5059,.T.);
#3126=EDGE_CURVE('',#4076,#4105,#5060,.T.);
#3127=EDGE_CURVE('',#4079,#4106,#5061,.T.);
#3128=EDGE_CURVE('',#4107,#4081,#5062,.T.);
#3129=EDGE_CURVE('',#4106,#4107,#5063,.T.);
#3130=EDGE_CURVE('',#4083,#4108,#5064,.T.);
#3131=EDGE_CURVE('',#4109,#4085,#5065,.T.);
#3132=EDGE_CURVE('',#4108,#4109,#5066,.T.);
#3133=EDGE_CURVE('',#4087,#4110,#5067,.T.);
#3134=EDGE_CURVE('',#4111,#4089,#5068,.T.);
#3135=EDGE_CURVE('',#4110,#4111,#5069,.T.);
#3136=EDGE_CURVE('',#4091,#4112,#5070,.T.);
#3137=EDGE_CURVE('',#4113,#4093,#5071,.T.);
#3138=EDGE_CURVE('',#4112,#4113,#5072,.T.);
#3139=EDGE_CURVE('',#4095,#4114,#5073,.T.);
#3140=EDGE_CURVE('',#4115,#4097,#5074,.T.);
#3141=EDGE_CURVE('',#4114,#4115,#5075,.T.);
#3142=EDGE_CURVE('',#4099,#4116,#5076,.T.);
#3143=EDGE_CURVE('',#4117,#4101,#5077,.T.);
#3144=EDGE_CURVE('',#4116,#4117,#5078,.T.);
#3145=EDGE_CURVE('',#4102,#4118,#5079,.T.);
#3146=EDGE_CURVE('',#4103,#4119,#5080,.T.);
#3147=EDGE_CURVE('',#4118,#4119,#5081,.T.);
#3148=EDGE_CURVE('',#4120,#4104,#5082,.T.);
#3149=EDGE_CURVE('',#4121,#4120,#5083,.T.);
#3150=EDGE_CURVE('',#4105,#4121,#5084,.T.);
#3151=EDGE_CURVE('',#4106,#4122,#5085,.T.);
#3152=EDGE_CURVE('',#4123,#4107,#5086,.T.);
#3153=EDGE_CURVE('',#4122,#4123,#5087,.T.);
#3154=EDGE_CURVE('',#4108,#4124,#5088,.T.);
#3155=EDGE_CURVE('',#4125,#4109,#5089,.T.);
#3156=EDGE_CURVE('',#4124,#4125,#5090,.T.);
#3157=EDGE_CURVE('',#4110,#4126,#5091,.T.);
#3158=EDGE_CURVE('',#4127,#4111,#5092,.T.);
#3159=EDGE_CURVE('',#4126,#4127,#5093,.T.);
#3160=EDGE_CURVE('',#4112,#4128,#5094,.T.);
#3161=EDGE_CURVE('',#4129,#4113,#5095,.T.);
#3162=EDGE_CURVE('',#4128,#4129,#5096,.T.);
#3163=EDGE_CURVE('',#4114,#4130,#5097,.T.);
#3164=EDGE_CURVE('',#4131,#4115,#5098,.T.);
#3165=EDGE_CURVE('',#4130,#4131,#5099,.T.);
#3166=EDGE_CURVE('',#4116,#4132,#5100,.T.);
#3167=EDGE_CURVE('',#4133,#4117,#5101,.T.);
#3168=EDGE_CURVE('',#4132,#4133,#5102,.T.);
#3169=EDGE_CURVE('',#4118,#4134,#5103,.T.);
#3170=EDGE_CURVE('',#4119,#4135,#5104,.T.);
#3171=EDGE_CURVE('',#4134,#4135,#5105,.T.);
#3172=EDGE_CURVE('',#4136,#4120,#5106,.T.);
#3173=EDGE_CURVE('',#4137,#4136,#5107,.T.);
#3174=EDGE_CURVE('',#4121,#4137,#5108,.T.);
#3175=EDGE_CURVE('',#4122,#4138,#5109,.T.);
#3176=EDGE_CURVE('',#4139,#4123,#5110,.T.);
#3177=EDGE_CURVE('',#4138,#4139,#5111,.T.);
#3178=EDGE_CURVE('',#4124,#4140,#5112,.T.);
#3179=EDGE_CURVE('',#4141,#4125,#5113,.T.);
#3180=EDGE_CURVE('',#4140,#4141,#5114,.T.);
#3181=EDGE_CURVE('',#4126,#4142,#5115,.T.);
#3182=EDGE_CURVE('',#4143,#4127,#5116,.T.);
#3183=EDGE_CURVE('',#4142,#4143,#5117,.T.);
#3184=EDGE_CURVE('',#4128,#4144,#5118,.T.);
#3185=EDGE_CURVE('',#4145,#4129,#5119,.T.);
#3186=EDGE_CURVE('',#4144,#4145,#5120,.T.);
#3187=EDGE_CURVE('',#4130,#4146,#5121,.T.);
#3188=EDGE_CURVE('',#4147,#4131,#5122,.T.);
#3189=EDGE_CURVE('',#4146,#4147,#5123,.T.);
#3190=EDGE_CURVE('',#4132,#4148,#5124,.T.);
#3191=EDGE_CURVE('',#4149,#4133,#5125,.T.);
#3192=EDGE_CURVE('',#4148,#4149,#5126,.T.);
#3193=EDGE_CURVE('',#4150,#4151,#5127,.T.);
#3194=EDGE_CURVE('',#4150,#4134,#101,.T.);
#3195=EDGE_CURVE('',#4151,#4135,#102,.T.);
#3196=EDGE_CURVE('',#4136,#4152,#103,.T.);
#3197=EDGE_CURVE('',#4153,#4152,#5128,.T.);
#3198=EDGE_CURVE('',#4153,#4137,#104,.T.);
#3199=EDGE_CURVE('',#4154,#4155,#5129,.T.);
#3200=EDGE_CURVE('',#4154,#4138,#105,.T.);
#3201=EDGE_CURVE('',#4139,#4155,#106,.T.);
#3202=EDGE_CURVE('',#4156,#4157,#5130,.T.);
#3203=EDGE_CURVE('',#4156,#4140,#107,.T.);
#3204=EDGE_CURVE('',#4141,#4157,#108,.T.);
#3205=EDGE_CURVE('',#4158,#4159,#5131,.T.);
#3206=EDGE_CURVE('',#4158,#4142,#109,.T.);
#3207=EDGE_CURVE('',#4143,#4159,#110,.T.);
#3208=EDGE_CURVE('',#4160,#4161,#5132,.T.);
#3209=EDGE_CURVE('',#4160,#4144,#111,.T.);
#3210=EDGE_CURVE('',#4145,#4161,#112,.T.);
#3211=EDGE_CURVE('',#4162,#4163,#5133,.T.);
#3212=EDGE_CURVE('',#4162,#4146,#113,.T.);
#3213=EDGE_CURVE('',#4147,#4163,#114,.T.);
#3214=EDGE_CURVE('',#4164,#4165,#5134,.T.);
#3215=EDGE_CURVE('',#4164,#4148,#115,.T.);
#3216=EDGE_CURVE('',#4149,#4165,#116,.T.);
#3217=EDGE_CURVE('',#4150,#4166,#5135,.T.);
#3218=EDGE_CURVE('',#4151,#4167,#5136,.T.);
#3219=EDGE_CURVE('',#4166,#4167,#5137,.T.);
#3220=EDGE_CURVE('',#4168,#4152,#5138,.T.);
#3221=EDGE_CURVE('',#4169,#4168,#5139,.T.);
#3222=EDGE_CURVE('',#4153,#4169,#5140,.T.);
#3223=EDGE_CURVE('',#4154,#4170,#5141,.T.);
#3224=EDGE_CURVE('',#4171,#4155,#5142,.T.);
#3225=EDGE_CURVE('',#4170,#4171,#5143,.T.);
#3226=EDGE_CURVE('',#4156,#4172,#5144,.T.);
#3227=EDGE_CURVE('',#4173,#4157,#5145,.T.);
#3228=EDGE_CURVE('',#4172,#4173,#5146,.T.);
#3229=EDGE_CURVE('',#4158,#4174,#5147,.T.);
#3230=EDGE_CURVE('',#4175,#4159,#5148,.T.);
#3231=EDGE_CURVE('',#4174,#4175,#5149,.T.);
#3232=EDGE_CURVE('',#4160,#4176,#5150,.T.);
#3233=EDGE_CURVE('',#4177,#4161,#5151,.T.);
#3234=EDGE_CURVE('',#4176,#4177,#5152,.T.);
#3235=EDGE_CURVE('',#4162,#4178,#5153,.T.);
#3236=EDGE_CURVE('',#4179,#4163,#5154,.T.);
#3237=EDGE_CURVE('',#4178,#4179,#5155,.T.);
#3238=EDGE_CURVE('',#4164,#4180,#5156,.T.);
#3239=EDGE_CURVE('',#4181,#4165,#5157,.T.);
#3240=EDGE_CURVE('',#4180,#4181,#5158,.T.);
#3241=EDGE_CURVE('',#4182,#4070,#5159,.T.);
#3242=EDGE_CURVE('',#4183,#4182,#5160,.T.);
#3243=EDGE_CURVE('',#4183,#4072,#5161,.T.);
#3244=EDGE_CURVE('',#4075,#4184,#5162,.T.);
#3245=EDGE_CURVE('',#4185,#4077,#5163,.T.);
#3246=EDGE_CURVE('',#4184,#4185,#5164,.T.);
#3247=EDGE_CURVE('',#4186,#4078,#5165,.T.);
#3248=EDGE_CURVE('',#4187,#4186,#5166,.T.);
#3249=EDGE_CURVE('',#4080,#4187,#5167,.T.);
#3250=EDGE_CURVE('',#4188,#4082,#5168,.T.);
#3251=EDGE_CURVE('',#4189,#4188,#5169,.T.);
#3252=EDGE_CURVE('',#4084,#4189,#5170,.T.);
#3253=EDGE_CURVE('',#4190,#4086,#5171,.T.);
#3254=EDGE_CURVE('',#4191,#4190,#5172,.T.);
#3255=EDGE_CURVE('',#4088,#4191,#5173,.T.);
#3256=EDGE_CURVE('',#4192,#4090,#5174,.T.);
#3257=EDGE_CURVE('',#4193,#4192,#5175,.T.);
#3258=EDGE_CURVE('',#4092,#4193,#5176,.T.);
#3259=EDGE_CURVE('',#4194,#4094,#5177,.T.);
#3260=EDGE_CURVE('',#4195,#4194,#5178,.T.);
#3261=EDGE_CURVE('',#4096,#4195,#5179,.T.);
#3262=EDGE_CURVE('',#4196,#4098,#5180,.T.);
#3263=EDGE_CURVE('',#4197,#4196,#5181,.T.);
#3264=EDGE_CURVE('',#4100,#4197,#5182,.T.);
#3265=EDGE_CURVE('',#4198,#4199,#117,.T.);
#3266=EDGE_CURVE('',#4198,#4200,#5183,.T.);
#3267=EDGE_CURVE('',#4200,#4201,#118,.T.);
#3268=EDGE_CURVE('',#4199,#4201,#5184,.T.);
#3269=EDGE_CURVE('',#4202,#4203,#119,.T.);
#3270=EDGE_CURVE('',#4204,#4202,#5185,.T.);
#3271=EDGE_CURVE('',#4205,#4204,#120,.T.);
#3272=EDGE_CURVE('',#4205,#4203,#5186,.T.);
#3273=EDGE_CURVE('',#4206,#4207,#121,.T.);
#3274=EDGE_CURVE('',#4206,#4208,#5187,.T.);
#3275=EDGE_CURVE('',#4209,#4208,#122,.T.);
#3276=EDGE_CURVE('',#4207,#4209,#5188,.T.);
#3277=EDGE_CURVE('',#4210,#4211,#123,.T.);
#3278=EDGE_CURVE('',#4210,#4212,#5189,.T.);
#3279=EDGE_CURVE('',#4213,#4212,#124,.T.);
#3280=EDGE_CURVE('',#4211,#4213,#5190,.T.);
#3281=EDGE_CURVE('',#4214,#4215,#125,.T.);
#3282=EDGE_CURVE('',#4214,#4216,#5191,.T.);
#3283=EDGE_CURVE('',#4217,#4216,#126,.T.);
#3284=EDGE_CURVE('',#4215,#4217,#5192,.T.);
#3285=EDGE_CURVE('',#4218,#4219,#127,.T.);
#3286=EDGE_CURVE('',#4218,#4220,#5193,.T.);
#3287=EDGE_CURVE('',#4221,#4220,#128,.T.);
#3288=EDGE_CURVE('',#4219,#4221,#5194,.T.);
#3289=EDGE_CURVE('',#4222,#4223,#129,.T.);
#3290=EDGE_CURVE('',#4222,#4224,#5195,.T.);
#3291=EDGE_CURVE('',#4225,#4224,#130,.T.);
#3292=EDGE_CURVE('',#4223,#4225,#5196,.T.);
#3293=EDGE_CURVE('',#4226,#4227,#131,.T.);
#3294=EDGE_CURVE('',#4226,#4228,#5197,.T.);
#3295=EDGE_CURVE('',#4229,#4228,#132,.T.);
#3296=EDGE_CURVE('',#4227,#4229,#5198,.T.);
#3297=EDGE_CURVE('',#4199,#4230,#5199,.T.);
#3298=EDGE_CURVE('',#4201,#4231,#5200,.T.);
#3299=EDGE_CURVE('',#4230,#4231,#5201,.T.);
#3300=EDGE_CURVE('',#4232,#4202,#5202,.T.);
#3301=EDGE_CURVE('',#4233,#4232,#5203,.T.);
#3302=EDGE_CURVE('',#4204,#4233,#5204,.T.);
#3303=EDGE_CURVE('',#4207,#4234,#5205,.T.);
#3304=EDGE_CURVE('',#4235,#4209,#5206,.T.);
#3305=EDGE_CURVE('',#4234,#4235,#5207,.T.);
#3306=EDGE_CURVE('',#4211,#4236,#5208,.T.);
#3307=EDGE_CURVE('',#4237,#4213,#5209,.T.);
#3308=EDGE_CURVE('',#4236,#4237,#5210,.T.);
#3309=EDGE_CURVE('',#4215,#4238,#5211,.T.);
#3310=EDGE_CURVE('',#4239,#4217,#5212,.T.);
#3311=EDGE_CURVE('',#4238,#4239,#5213,.T.);
#3312=EDGE_CURVE('',#4219,#4240,#5214,.T.);
#3313=EDGE_CURVE('',#4241,#4221,#5215,.T.);
#3314=EDGE_CURVE('',#4240,#4241,#5216,.T.);
#3315=EDGE_CURVE('',#4223,#4242,#5217,.T.);
#3316=EDGE_CURVE('',#4243,#4225,#5218,.T.);
#3317=EDGE_CURVE('',#4242,#4243,#5219,.T.);
#3318=EDGE_CURVE('',#4227,#4244,#5220,.T.);
#3319=EDGE_CURVE('',#4245,#4229,#5221,.T.);
#3320=EDGE_CURVE('',#4244,#4245,#5222,.T.);
#3321=EDGE_CURVE('',#4230,#4246,#5223,.T.);
#3322=EDGE_CURVE('',#4231,#4247,#5224,.T.);
#3323=EDGE_CURVE('',#4246,#4247,#5225,.T.);
#3324=EDGE_CURVE('',#4248,#4232,#5226,.T.);
#3325=EDGE_CURVE('',#4249,#4248,#5227,.T.);
#3326=EDGE_CURVE('',#4233,#4249,#5228,.T.);
#3327=EDGE_CURVE('',#4234,#4250,#5229,.T.);
#3328=EDGE_CURVE('',#4251,#4235,#5230,.T.);
#3329=EDGE_CURVE('',#4250,#4251,#5231,.T.);
#3330=EDGE_CURVE('',#4236,#4252,#5232,.T.);
#3331=EDGE_CURVE('',#4253,#4237,#5233,.T.);
#3332=EDGE_CURVE('',#4252,#4253,#5234,.T.);
#3333=EDGE_CURVE('',#4238,#4254,#5235,.T.);
#3334=EDGE_CURVE('',#4255,#4239,#5236,.T.);
#3335=EDGE_CURVE('',#4254,#4255,#5237,.T.);
#3336=EDGE_CURVE('',#4240,#4256,#5238,.T.);
#3337=EDGE_CURVE('',#4257,#4241,#5239,.T.);
#3338=EDGE_CURVE('',#4256,#4257,#5240,.T.);
#3339=EDGE_CURVE('',#4242,#4258,#5241,.T.);
#3340=EDGE_CURVE('',#4259,#4243,#5242,.T.);
#3341=EDGE_CURVE('',#4258,#4259,#5243,.T.);
#3342=EDGE_CURVE('',#4244,#4260,#5244,.T.);
#3343=EDGE_CURVE('',#4261,#4245,#5245,.T.);
#3344=EDGE_CURVE('',#4260,#4261,#5246,.T.);
#3345=EDGE_CURVE('',#4246,#4262,#5247,.T.);
#3346=EDGE_CURVE('',#4247,#4263,#5248,.T.);
#3347=EDGE_CURVE('',#4262,#4263,#5249,.T.);
#3348=EDGE_CURVE('',#4264,#4248,#5250,.T.);
#3349=EDGE_CURVE('',#4265,#4264,#5251,.T.);
#3350=EDGE_CURVE('',#4249,#4265,#5252,.T.);
#3351=EDGE_CURVE('',#4250,#4266,#5253,.T.);
#3352=EDGE_CURVE('',#4267,#4251,#5254,.T.);
#3353=EDGE_CURVE('',#4266,#4267,#5255,.T.);
#3354=EDGE_CURVE('',#4252,#4268,#5256,.T.);
#3355=EDGE_CURVE('',#4269,#4253,#5257,.T.);
#3356=EDGE_CURVE('',#4268,#4269,#5258,.T.);
#3357=EDGE_CURVE('',#4254,#4270,#5259,.T.);
#3358=EDGE_CURVE('',#4271,#4255,#5260,.T.);
#3359=EDGE_CURVE('',#4270,#4271,#5261,.T.);
#3360=EDGE_CURVE('',#4256,#4272,#5262,.T.);
#3361=EDGE_CURVE('',#4273,#4257,#5263,.T.);
#3362=EDGE_CURVE('',#4272,#4273,#5264,.T.);
#3363=EDGE_CURVE('',#4258,#4274,#5265,.T.);
#3364=EDGE_CURVE('',#4275,#4259,#5266,.T.);
#3365=EDGE_CURVE('',#4274,#4275,#5267,.T.);
#3366=EDGE_CURVE('',#4260,#4276,#5268,.T.);
#3367=EDGE_CURVE('',#4277,#4261,#5269,.T.);
#3368=EDGE_CURVE('',#4276,#4277,#5270,.T.);
#3369=EDGE_CURVE('',#4278,#4279,#5271,.T.);
#3370=EDGE_CURVE('',#4278,#4262,#133,.T.);
#3371=EDGE_CURVE('',#4279,#4263,#134,.T.);
#3372=EDGE_CURVE('',#4264,#4280,#135,.T.);
#3373=EDGE_CURVE('',#4281,#4280,#5272,.T.);
#3374=EDGE_CURVE('',#4281,#4265,#136,.T.);
#3375=EDGE_CURVE('',#4282,#4283,#5273,.T.);
#3376=EDGE_CURVE('',#4282,#4266,#137,.T.);
#3377=EDGE_CURVE('',#4267,#4283,#138,.T.);
#3378=EDGE_CURVE('',#4284,#4285,#5274,.T.);
#3379=EDGE_CURVE('',#4284,#4268,#139,.T.);
#3380=EDGE_CURVE('',#4269,#4285,#140,.T.);
#3381=EDGE_CURVE('',#4286,#4287,#5275,.T.);
#3382=EDGE_CURVE('',#4286,#4270,#141,.T.);
#3383=EDGE_CURVE('',#4271,#4287,#142,.T.);
#3384=EDGE_CURVE('',#4288,#4289,#5276,.T.);
#3385=EDGE_CURVE('',#4288,#4272,#143,.T.);
#3386=EDGE_CURVE('',#4273,#4289,#144,.T.);
#3387=EDGE_CURVE('',#4290,#4291,#5277,.T.);
#3388=EDGE_CURVE('',#4290,#4274,#145,.T.);
#3389=EDGE_CURVE('',#4275,#4291,#146,.T.);
#3390=EDGE_CURVE('',#4292,#4293,#5278,.T.);
#3391=EDGE_CURVE('',#4292,#4276,#147,.T.);
#3392=EDGE_CURVE('',#4277,#4293,#148,.T.);
#3393=EDGE_CURVE('',#4278,#4294,#5279,.T.);
#3394=EDGE_CURVE('',#4279,#4295,#5280,.T.);
#3395=EDGE_CURVE('',#4295,#4294,#5281,.T.);
#3396=EDGE_CURVE('',#4296,#4280,#5282,.T.);
#3397=EDGE_CURVE('',#4296,#4297,#5283,.T.);
#3398=EDGE_CURVE('',#4281,#4297,#5284,.T.);
#3399=EDGE_CURVE('',#4282,#4298,#5285,.T.);
#3400=EDGE_CURVE('',#4299,#4283,#5286,.T.);
#3401=EDGE_CURVE('',#4299,#4298,#5287,.T.);
#3402=EDGE_CURVE('',#4284,#4300,#5288,.T.);
#3403=EDGE_CURVE('',#4301,#4285,#5289,.T.);
#3404=EDGE_CURVE('',#4301,#4300,#5290,.T.);
#3405=EDGE_CURVE('',#4286,#4302,#5291,.T.);
#3406=EDGE_CURVE('',#4303,#4287,#5292,.T.);
#3407=EDGE_CURVE('',#4303,#4302,#5293,.T.);
#3408=EDGE_CURVE('',#4288,#4304,#5294,.T.);
#3409=EDGE_CURVE('',#4305,#4289,#5295,.T.);
#3410=EDGE_CURVE('',#4305,#4304,#5296,.T.);
#3411=EDGE_CURVE('',#4290,#4306,#5297,.T.);
#3412=EDGE_CURVE('',#4307,#4291,#5298,.T.);
#3413=EDGE_CURVE('',#4307,#4306,#5299,.T.);
#3414=EDGE_CURVE('',#4292,#4308,#5300,.T.);
#3415=EDGE_CURVE('',#4309,#4293,#5301,.T.);
#3416=EDGE_CURVE('',#4309,#4308,#5302,.T.);
#3417=EDGE_CURVE('',#4310,#4198,#5303,.T.);
#3418=EDGE_CURVE('',#4310,#4311,#5304,.T.);
#3419=EDGE_CURVE('',#4311,#4200,#5305,.T.);
#3420=EDGE_CURVE('',#4203,#4312,#5306,.T.);
#3421=EDGE_CURVE('',#4313,#4205,#5307,.T.);
#3422=EDGE_CURVE('',#4313,#4312,#5308,.T.);
#3423=EDGE_CURVE('',#4314,#4206,#5309,.T.);
#3424=EDGE_CURVE('',#4314,#4315,#5310,.T.);
#3425=EDGE_CURVE('',#4208,#4315,#5311,.T.);
#3426=EDGE_CURVE('',#4316,#4210,#5312,.T.);
#3427=EDGE_CURVE('',#4316,#4317,#5313,.T.);
#3428=EDGE_CURVE('',#4212,#4317,#5314,.T.);
#3429=EDGE_CURVE('',#4318,#4214,#5315,.T.);
#3430=EDGE_CURVE('',#4318,#4319,#5316,.T.);
#3431=EDGE_CURVE('',#4216,#4319,#5317,.T.);
#3432=EDGE_CURVE('',#4320,#4218,#5318,.T.);
#3433=EDGE_CURVE('',#4320,#4321,#5319,.T.);
#3434=EDGE_CURVE('',#4220,#4321,#5320,.T.);
#3435=EDGE_CURVE('',#4322,#4222,#5321,.T.);
#3436=EDGE_CURVE('',#4322,#4323,#5322,.T.);
#3437=EDGE_CURVE('',#4224,#4323,#5323,.T.);
#3438=EDGE_CURVE('',#4324,#4226,#5324,.T.);
#3439=EDGE_CURVE('',#4324,#4325,#5325,.T.);
#3440=EDGE_CURVE('',#4228,#4325,#5326,.T.);
#3441=EDGE_CURVE('',#4310,#4294,#5327,.T.);
#3442=EDGE_CURVE('',#4311,#4295,#5328,.T.);
#3443=EDGE_CURVE('',#4182,#4166,#5329,.T.);
#3444=EDGE_CURVE('',#4167,#4183,#5330,.T.);
#3445=EDGE_CURVE('',#4313,#4297,#5331,.T.);
#3446=EDGE_CURVE('',#4312,#4296,#5332,.T.);
#3447=EDGE_CURVE('',#4169,#4185,#5333,.T.);
#3448=EDGE_CURVE('',#4184,#4168,#5334,.T.);
#3449=EDGE_CURVE('',#4314,#4298,#5335,.T.);
#3450=EDGE_CURVE('',#4315,#4299,#5336,.T.);
#3451=EDGE_CURVE('',#4186,#4170,#5337,.T.);
#3452=EDGE_CURVE('',#4187,#4171,#5338,.T.);
#3453=EDGE_CURVE('',#4316,#4300,#5339,.T.);
#3454=EDGE_CURVE('',#4317,#4301,#5340,.T.);
#3455=EDGE_CURVE('',#4188,#4172,#5341,.T.);
#3456=EDGE_CURVE('',#4189,#4173,#5342,.T.);
#3457=EDGE_CURVE('',#4318,#4302,#5343,.T.);
#3458=EDGE_CURVE('',#4319,#4303,#5344,.T.);
#3459=EDGE_CURVE('',#4190,#4174,#5345,.T.);
#3460=EDGE_CURVE('',#4191,#4175,#5346,.T.);
#3461=EDGE_CURVE('',#4320,#4304,#5347,.T.);
#3462=EDGE_CURVE('',#4321,#4305,#5348,.T.);
#3463=EDGE_CURVE('',#4192,#4176,#5349,.T.);
#3464=EDGE_CURVE('',#4193,#4177,#5350,.T.);
#3465=EDGE_CURVE('',#4322,#4306,#5351,.T.);
#3466=EDGE_CURVE('',#4323,#4307,#5352,.T.);
#3467=EDGE_CURVE('',#4194,#4178,#5353,.T.);
#3468=EDGE_CURVE('',#4195,#4179,#5354,.T.);
#3469=EDGE_CURVE('',#4324,#4308,#5355,.T.);
#3470=EDGE_CURVE('',#4325,#4309,#5356,.T.);
#3471=EDGE_CURVE('',#4196,#4180,#5357,.T.);
#3472=EDGE_CURVE('',#4197,#4181,#5358,.T.);
#3473=EDGE_CURVE('',#4326,#4327,#5359,.T.);
#3474=EDGE_CURVE('',#4328,#4326,#5360,.T.);
#3475=EDGE_CURVE('',#4328,#4329,#5361,.T.);
#3476=EDGE_CURVE('',#4329,#4327,#5362,.T.);
#3477=EDGE_CURVE('',#4330,#4331,#5363,.T.);
#3478=EDGE_CURVE('',#4330,#4332,#5364,.T.);
#3479=EDGE_CURVE('',#4333,#4332,#5365,.T.);
#3480=EDGE_CURVE('',#4331,#4333,#5366,.T.);
#3481=EDGE_CURVE('',#4326,#4331,#5367,.T.);
#3482=EDGE_CURVE('',#4333,#4328,#5368,.T.);
#3483=EDGE_CURVE('',#4327,#4330,#5369,.T.);
#3484=EDGE_CURVE('',#4332,#4329,#5370,.T.);
#3485=EDGE_CURVE('',#4334,#4335,#5371,.T.);
#3486=EDGE_CURVE('',#4334,#4336,#5372,.T.);
#3487=EDGE_CURVE('',#4336,#4337,#5373,.T.);
#3488=EDGE_CURVE('',#4335,#4337,#5374,.T.);
#3489=EDGE_CURVE('',#4338,#4339,#5375,.T.);
#3490=EDGE_CURVE('',#4340,#4338,#5376,.T.);
#3491=EDGE_CURVE('',#4341,#4340,#5377,.T.);
#3492=EDGE_CURVE('',#4341,#4339,#5378,.T.);
#3493=EDGE_CURVE('',#4342,#4343,#5379,.T.);
#3494=EDGE_CURVE('',#4344,#4342,#5380,.T.);
#3495=EDGE_CURVE('',#4345,#4344,#5381,.T.);
#3496=EDGE_CURVE('',#4345,#4343,#5382,.T.);
#3497=EDGE_CURVE('',#4346,#4347,#5383,.T.);
#3498=EDGE_CURVE('',#4348,#4346,#5384,.T.);
#3499=EDGE_CURVE('',#4349,#4348,#5385,.T.);
#3500=EDGE_CURVE('',#4349,#4347,#5386,.T.);
#3501=EDGE_CURVE('',#4350,#4351,#5387,.T.);
#3502=EDGE_CURVE('',#4352,#4350,#5388,.T.);
#3503=EDGE_CURVE('',#4353,#4352,#5389,.T.);
#3504=EDGE_CURVE('',#4353,#4351,#5390,.T.);
#3505=EDGE_CURVE('',#4354,#4355,#5391,.T.);
#3506=EDGE_CURVE('',#4356,#4354,#5392,.T.);
#3507=EDGE_CURVE('',#4357,#4356,#5393,.T.);
#3508=EDGE_CURVE('',#4357,#4355,#5394,.T.);
#3509=EDGE_CURVE('',#4358,#4359,#5395,.T.);
#3510=EDGE_CURVE('',#4360,#4358,#5396,.T.);
#3511=EDGE_CURVE('',#4361,#4360,#5397,.T.);
#3512=EDGE_CURVE('',#4361,#4359,#5398,.T.);
#3513=EDGE_CURVE('',#4362,#4363,#5399,.T.);
#3514=EDGE_CURVE('',#4364,#4362,#5400,.T.);
#3515=EDGE_CURVE('',#4365,#4364,#5401,.T.);
#3516=EDGE_CURVE('',#4365,#4363,#5402,.T.);
#3517=EDGE_CURVE('',#4366,#4367,#5403,.T.);
#3518=EDGE_CURVE('',#4368,#4366,#5404,.T.);
#3519=EDGE_CURVE('',#4368,#4369,#5405,.T.);
#3520=EDGE_CURVE('',#4367,#4369,#5406,.T.);
#3521=EDGE_CURVE('',#4370,#4371,#5407,.T.);
#3522=EDGE_CURVE('',#4372,#4370,#5408,.T.);
#3523=EDGE_CURVE('',#4373,#4372,#5409,.T.);
#3524=EDGE_CURVE('',#4371,#4373,#5410,.T.);
#3525=EDGE_CURVE('',#4374,#4375,#5411,.T.);
#3526=EDGE_CURVE('',#4376,#4374,#5412,.T.);
#3527=EDGE_CURVE('',#4377,#4376,#5413,.T.);
#3528=EDGE_CURVE('',#4375,#4377,#5414,.T.);
#3529=EDGE_CURVE('',#4378,#4379,#5415,.T.);
#3530=EDGE_CURVE('',#4380,#4378,#5416,.T.);
#3531=EDGE_CURVE('',#4381,#4380,#5417,.T.);
#3532=EDGE_CURVE('',#4379,#4381,#5418,.T.);
#3533=EDGE_CURVE('',#4382,#4383,#5419,.T.);
#3534=EDGE_CURVE('',#4384,#4382,#5420,.T.);
#3535=EDGE_CURVE('',#4385,#4384,#5421,.T.);
#3536=EDGE_CURVE('',#4383,#4385,#5422,.T.);
#3537=EDGE_CURVE('',#4386,#4387,#5423,.T.);
#3538=EDGE_CURVE('',#4388,#4386,#5424,.T.);
#3539=EDGE_CURVE('',#4389,#4388,#5425,.T.);
#3540=EDGE_CURVE('',#4387,#4389,#5426,.T.);
#3541=EDGE_CURVE('',#4390,#4391,#5427,.T.);
#3542=EDGE_CURVE('',#4392,#4390,#5428,.T.);
#3543=EDGE_CURVE('',#4393,#4392,#5429,.T.);
#3544=EDGE_CURVE('',#4391,#4393,#5430,.T.);
#3545=EDGE_CURVE('',#4394,#4395,#5431,.T.);
#3546=EDGE_CURVE('',#4396,#4394,#5432,.T.);
#3547=EDGE_CURVE('',#4397,#4396,#5433,.T.);
#3548=EDGE_CURVE('',#4395,#4397,#5434,.T.);
#3549=EDGE_CURVE('',#4367,#4334,#5435,.T.);
#3550=EDGE_CURVE('',#4369,#4336,#5436,.T.);
#3551=EDGE_CURVE('',#4339,#4370,#5437,.T.);
#3552=EDGE_CURVE('',#4372,#4341,#5438,.T.);
#3553=EDGE_CURVE('',#4343,#4374,#5439,.T.);
#3554=EDGE_CURVE('',#4376,#4345,#5440,.T.);
#3555=EDGE_CURVE('',#4347,#4378,#5441,.T.);
#3556=EDGE_CURVE('',#4380,#4349,#5442,.T.);
#3557=EDGE_CURVE('',#4351,#4382,#5443,.T.);
#3558=EDGE_CURVE('',#4384,#4353,#5444,.T.);
#3559=EDGE_CURVE('',#4355,#4386,#5445,.T.);
#3560=EDGE_CURVE('',#4388,#4357,#5446,.T.);
#3561=EDGE_CURVE('',#4359,#4390,#5447,.T.);
#3562=EDGE_CURVE('',#4392,#4361,#5448,.T.);
#3563=EDGE_CURVE('',#4363,#4394,#5449,.T.);
#3564=EDGE_CURVE('',#4396,#4365,#5450,.T.);
#3565=EDGE_CURVE('',#4398,#4399,#5451,.T.);
#3566=EDGE_CURVE('',#4398,#4400,#5452,.T.);
#3567=EDGE_CURVE('',#4400,#4401,#5453,.T.);
#3568=EDGE_CURVE('',#4401,#4399,#5454,.T.);
#3569=EDGE_CURVE('',#4402,#4403,#5455,.T.);
#3570=EDGE_CURVE('',#4402,#4404,#5456,.T.);
#3571=EDGE_CURVE('',#4405,#4404,#5457,.T.);
#3572=EDGE_CURVE('',#4405,#4403,#5458,.T.);
#3573=EDGE_CURVE('',#4406,#4407,#5459,.T.);
#3574=EDGE_CURVE('',#4406,#4408,#5460,.T.);
#3575=EDGE_CURVE('',#4409,#4408,#5461,.T.);
#3576=EDGE_CURVE('',#4409,#4407,#5462,.T.);
#3577=EDGE_CURVE('',#4410,#4411,#5463,.T.);
#3578=EDGE_CURVE('',#4410,#4412,#5464,.T.);
#3579=EDGE_CURVE('',#4413,#4412,#5465,.T.);
#3580=EDGE_CURVE('',#4413,#4411,#5466,.T.);
#3581=EDGE_CURVE('',#4414,#4415,#5467,.T.);
#3582=EDGE_CURVE('',#4414,#4416,#5468,.T.);
#3583=EDGE_CURVE('',#4417,#4416,#5469,.T.);
#3584=EDGE_CURVE('',#4417,#4415,#5470,.T.);
#3585=EDGE_CURVE('',#4418,#4419,#5471,.T.);
#3586=EDGE_CURVE('',#4418,#4420,#5472,.T.);
#3587=EDGE_CURVE('',#4421,#4420,#5473,.T.);
#3588=EDGE_CURVE('',#4421,#4419,#5474,.T.);
#3589=EDGE_CURVE('',#4422,#4423,#5475,.T.);
#3590=EDGE_CURVE('',#4422,#4424,#5476,.T.);
#3591=EDGE_CURVE('',#4425,#4424,#5477,.T.);
#3592=EDGE_CURVE('',#4425,#4423,#5478,.T.);
#3593=EDGE_CURVE('',#4426,#4427,#5479,.T.);
#3594=EDGE_CURVE('',#4426,#4428,#5480,.T.);
#3595=EDGE_CURVE('',#4429,#4428,#5481,.T.);
#3596=EDGE_CURVE('',#4429,#4427,#5482,.T.);
#3597=EDGE_CURVE('',#4430,#4431,#5483,.T.);
#3598=EDGE_CURVE('',#4430,#4432,#5484,.T.);
#3599=EDGE_CURVE('',#4432,#4433,#5485,.T.);
#3600=EDGE_CURVE('',#4431,#4433,#5486,.T.);
#3601=EDGE_CURVE('',#4434,#4435,#5487,.T.);
#3602=EDGE_CURVE('',#4436,#4434,#5488,.T.);
#3603=EDGE_CURVE('',#4437,#4436,#5489,.T.);
#3604=EDGE_CURVE('',#4437,#4435,#5490,.T.);
#3605=EDGE_CURVE('',#4438,#4439,#5491,.T.);
#3606=EDGE_CURVE('',#4440,#4438,#5492,.T.);
#3607=EDGE_CURVE('',#4441,#4440,#5493,.T.);
#3608=EDGE_CURVE('',#4441,#4439,#5494,.T.);
#3609=EDGE_CURVE('',#4442,#4443,#5495,.T.);
#3610=EDGE_CURVE('',#4444,#4442,#5496,.T.);
#3611=EDGE_CURVE('',#4445,#4444,#5497,.T.);
#3612=EDGE_CURVE('',#4445,#4443,#5498,.T.);
#3613=EDGE_CURVE('',#4446,#4447,#5499,.T.);
#3614=EDGE_CURVE('',#4448,#4446,#5500,.T.);
#3615=EDGE_CURVE('',#4449,#4448,#5501,.T.);
#3616=EDGE_CURVE('',#4449,#4447,#5502,.T.);
#3617=EDGE_CURVE('',#4450,#4451,#5503,.T.);
#3618=EDGE_CURVE('',#4452,#4450,#5504,.T.);
#3619=EDGE_CURVE('',#4453,#4452,#5505,.T.);
#3620=EDGE_CURVE('',#4453,#4451,#5506,.T.);
#3621=EDGE_CURVE('',#4454,#4455,#5507,.T.);
#3622=EDGE_CURVE('',#4456,#4454,#5508,.T.);
#3623=EDGE_CURVE('',#4457,#4456,#5509,.T.);
#3624=EDGE_CURVE('',#4457,#4455,#5510,.T.);
#3625=EDGE_CURVE('',#4458,#4459,#5511,.T.);
#3626=EDGE_CURVE('',#4460,#4458,#5512,.T.);
#3627=EDGE_CURVE('',#4461,#4460,#5513,.T.);
#3628=EDGE_CURVE('',#4461,#4459,#5514,.T.);
#3629=EDGE_CURVE('',#4431,#4398,#5515,.T.);
#3630=EDGE_CURVE('',#4433,#4400,#5516,.T.);
#3631=EDGE_CURVE('',#4403,#4434,#5517,.T.);
#3632=EDGE_CURVE('',#4436,#4405,#5518,.T.);
#3633=EDGE_CURVE('',#4407,#4438,#5519,.T.);
#3634=EDGE_CURVE('',#4440,#4409,#5520,.T.);
#3635=EDGE_CURVE('',#4411,#4442,#5521,.T.);
#3636=EDGE_CURVE('',#4444,#4413,#5522,.T.);
#3637=EDGE_CURVE('',#4415,#4446,#5523,.T.);
#3638=EDGE_CURVE('',#4448,#4417,#5524,.T.);
#3639=EDGE_CURVE('',#4419,#4450,#5525,.T.);
#3640=EDGE_CURVE('',#4452,#4421,#5526,.T.);
#3641=EDGE_CURVE('',#4423,#4454,#5527,.T.);
#3642=EDGE_CURVE('',#4456,#4425,#5528,.T.);
#3643=EDGE_CURVE('',#4427,#4458,#5529,.T.);
#3644=EDGE_CURVE('',#4460,#4429,#5530,.T.);
#3645=EDGE_CURVE('',#4364,#4397,#5531,.T.);
#3646=EDGE_CURVE('',#4337,#4368,#5532,.T.);
#3647=EDGE_CURVE('',#4338,#4371,#5533,.T.);
#3648=EDGE_CURVE('',#4340,#4373,#5534,.T.);
#3649=EDGE_CURVE('',#4342,#4375,#5535,.T.);
#3650=EDGE_CURVE('',#4344,#4377,#5536,.T.);
#3651=EDGE_CURVE('',#4346,#4379,#5537,.T.);
#3652=EDGE_CURVE('',#4348,#4381,#5538,.T.);
#3653=EDGE_CURVE('',#4350,#4383,#5539,.T.);
#3654=EDGE_CURVE('',#4352,#4385,#5540,.T.);
#3655=EDGE_CURVE('',#4354,#4387,#5541,.T.);
#3656=EDGE_CURVE('',#4356,#4389,#5542,.T.);
#3657=EDGE_CURVE('',#4358,#4391,#5543,.T.);
#3658=EDGE_CURVE('',#4360,#4393,#5544,.T.);
#3659=EDGE_CURVE('',#4362,#4395,#5545,.T.);
#3660=EDGE_CURVE('',#4335,#4366,#5546,.T.);
#3661=EDGE_CURVE('',#4399,#4430,#5547,.T.);
#3662=EDGE_CURVE('',#4432,#4401,#5548,.T.);
#3663=EDGE_CURVE('',#4402,#4435,#5549,.T.);
#3664=EDGE_CURVE('',#4404,#4437,#5550,.T.);
#3665=EDGE_CURVE('',#4406,#4439,#5551,.T.);
#3666=EDGE_CURVE('',#4408,#4441,#5552,.T.);
#3667=EDGE_CURVE('',#4410,#4443,#5553,.T.);
#3668=EDGE_CURVE('',#4412,#4445,#5554,.T.);
#3669=EDGE_CURVE('',#4414,#4447,#5555,.T.);
#3670=EDGE_CURVE('',#4416,#4449,#5556,.T.);
#3671=EDGE_CURVE('',#4418,#4451,#5557,.T.);
#3672=EDGE_CURVE('',#4420,#4453,#5558,.T.);
#3673=EDGE_CURVE('',#4422,#4455,#5559,.T.);
#3674=EDGE_CURVE('',#4424,#4457,#5560,.T.);
#3675=EDGE_CURVE('',#4426,#4459,#5561,.T.);
#3676=EDGE_CURVE('',#4461,#4428,#5562,.T.);
#3677=VERTEX_POINT('',#11241);
#3678=VERTEX_POINT('',#11242);
#3679=VERTEX_POINT('',#11244);
#3680=VERTEX_POINT('',#11246);
#3681=VERTEX_POINT('',#11248);
#3682=VERTEX_POINT('',#11250);
#3683=VERTEX_POINT('',#11252);
#3684=VERTEX_POINT('',#11254);
#3685=VERTEX_POINT('',#11258);
#3686=VERTEX_POINT('',#11259);
#3687=VERTEX_POINT('',#11261);
#3688=VERTEX_POINT('',#11263);
#3689=VERTEX_POINT('',#11265);
#3690=VERTEX_POINT('',#11267);
#3691=VERTEX_POINT('',#11269);
#3692=VERTEX_POINT('',#11271);
#3693=VERTEX_POINT('',#11278);
#3694=VERTEX_POINT('',#11279);
#3695=VERTEX_POINT('',#11281);
#3696=VERTEX_POINT('',#11283);
#3697=VERTEX_POINT('',#11285);
#3698=VERTEX_POINT('',#11287);
#3699=VERTEX_POINT('',#11289);
#3700=VERTEX_POINT('',#11291);
#3701=VERTEX_POINT('',#11295);
#3702=VERTEX_POINT('',#11296);
#3703=VERTEX_POINT('',#11298);
#3704=VERTEX_POINT('',#11300);
#3705=VERTEX_POINT('',#11302);
#3706=VERTEX_POINT('',#11304);
#3707=VERTEX_POINT('',#11306);
#3708=VERTEX_POINT('',#11308);
#3709=VERTEX_POINT('',#11315);
#3710=VERTEX_POINT('',#11316);
#3711=VERTEX_POINT('',#11318);
#3712=VERTEX_POINT('',#11320);
#3713=VERTEX_POINT('',#11322);
#3714=VERTEX_POINT('',#11324);
#3715=VERTEX_POINT('',#11326);
#3716=VERTEX_POINT('',#11328);
#3717=VERTEX_POINT('',#11331);
#3718=VERTEX_POINT('',#11332);
#3719=VERTEX_POINT('',#11334);
#3720=VERTEX_POINT('',#11336);
#3721=VERTEX_POINT('',#11340);
#3722=VERTEX_POINT('',#11341);
#3723=VERTEX_POINT('',#11343);
#3724=VERTEX_POINT('',#11345);
#3725=VERTEX_POINT('',#11349);
#3726=VERTEX_POINT('',#11350);
#3727=VERTEX_POINT('',#11352);
#3728=VERTEX_POINT('',#11354);
#3729=VERTEX_POINT('',#11359);
#3730=VERTEX_POINT('',#11361);
#3731=VERTEX_POINT('',#11363);
#3732=VERTEX_POINT('',#11365);
#3733=VERTEX_POINT('',#11369);
#3734=VERTEX_POINT('',#11371);
#3735=VERTEX_POINT('',#11375);
#3736=VERTEX_POINT('',#11376);
#3737=VERTEX_POINT('',#11378);
#3738=VERTEX_POINT('',#11380);
#3739=VERTEX_POINT('',#11384);
#3740=VERTEX_POINT('',#11389);
#3741=VERTEX_POINT('',#11391);
#3742=VERTEX_POINT('',#11401);
#3743=VERTEX_POINT('',#11402);
#3744=VERTEX_POINT('',#11404);
#3745=VERTEX_POINT('',#11406);
#3746=VERTEX_POINT('',#11408);
#3747=VERTEX_POINT('',#11410);
#3748=VERTEX_POINT('',#11414);
#3749=VERTEX_POINT('',#11415);
#3750=VERTEX_POINT('',#11417);
#3751=VERTEX_POINT('',#11419);
#3752=VERTEX_POINT('',#11421);
#3753=VERTEX_POINT('',#11423);
#3754=VERTEX_POINT('',#11427);
#3755=VERTEX_POINT('',#11428);
#3756=VERTEX_POINT('',#11430);
#3757=VERTEX_POINT('',#11432);
#3758=VERTEX_POINT('',#11434);
#3759=VERTEX_POINT('',#11436);
#3760=VERTEX_POINT('',#11440);
#3761=VERTEX_POINT('',#11441);
#3762=VERTEX_POINT('',#11443);
#3763=VERTEX_POINT('',#11445);
#3764=VERTEX_POINT('',#11447);
#3765=VERTEX_POINT('',#11449);
#3766=VERTEX_POINT('',#11459);
#3767=VERTEX_POINT('',#11460);
#3768=VERTEX_POINT('',#11462);
#3769=VERTEX_POINT('',#11464);
#3770=VERTEX_POINT('',#11466);
#3771=VERTEX_POINT('',#11468);
#3772=VERTEX_POINT('',#11472);
#3773=VERTEX_POINT('',#11473);
#3774=VERTEX_POINT('',#11475);
#3775=VERTEX_POINT('',#11477);
#3776=VERTEX_POINT('',#11479);
#3777=VERTEX_POINT('',#11481);
#3778=VERTEX_POINT('',#11485);
#3779=VERTEX_POINT('',#11486);
#3780=VERTEX_POINT('',#11488);
#3781=VERTEX_POINT('',#11490);
#3782=VERTEX_POINT('',#11492);
#3783=VERTEX_POINT('',#11494);
#3784=VERTEX_POINT('',#11498);
#3785=VERTEX_POINT('',#11499);
#3786=VERTEX_POINT('',#11501);
#3787=VERTEX_POINT('',#11503);
#3788=VERTEX_POINT('',#11505);
#3789=VERTEX_POINT('',#11507);
#3790=VERTEX_POINT('',#11517);
#3791=VERTEX_POINT('',#11518);
#3792=VERTEX_POINT('',#11520);
#3793=VERTEX_POINT('',#11522);
#3794=VERTEX_POINT('',#11524);
#3795=VERTEX_POINT('',#11526);
#3796=VERTEX_POINT('',#11530);
#3797=VERTEX_POINT('',#11531);
#3798=VERTEX_POINT('',#11533);
#3799=VERTEX_POINT('',#11535);
#3800=VERTEX_POINT('',#11537);
#3801=VERTEX_POINT('',#11539);
#3802=VERTEX_POINT('',#11543);
#3803=VERTEX_POINT('',#11544);
#3804=VERTEX_POINT('',#11546);
#3805=VERTEX_POINT('',#11548);
#3806=VERTEX_POINT('',#11550);
#3807=VERTEX_POINT('',#11552);
#3808=VERTEX_POINT('',#11556);
#3809=VERTEX_POINT('',#11557);
#3810=VERTEX_POINT('',#11559);
#3811=VERTEX_POINT('',#11561);
#3812=VERTEX_POINT('',#11563);
#3813=VERTEX_POINT('',#11565);
#3814=VERTEX_POINT('',#11575);
#3815=VERTEX_POINT('',#11576);
#3816=VERTEX_POINT('',#11578);
#3817=VERTEX_POINT('',#11580);
#3818=VERTEX_POINT('',#11582);
#3819=VERTEX_POINT('',#11584);
#3820=VERTEX_POINT('',#11588);
#3821=VERTEX_POINT('',#11589);
#3822=VERTEX_POINT('',#11591);
#3823=VERTEX_POINT('',#11593);
#3824=VERTEX_POINT('',#11595);
#3825=VERTEX_POINT('',#11597);
#3826=VERTEX_POINT('',#11604);
#3827=VERTEX_POINT('',#11605);
#3828=VERTEX_POINT('',#11607);
#3829=VERTEX_POINT('',#11609);
#3830=VERTEX_POINT('',#11611);
#3831=VERTEX_POINT('',#11613);
#3832=VERTEX_POINT('',#11617);
#3833=VERTEX_POINT('',#11618);
#3834=VERTEX_POINT('',#11620);
#3835=VERTEX_POINT('',#11622);
#3836=VERTEX_POINT('',#11624);
#3837=VERTEX_POINT('',#11626);
#3838=VERTEX_POINT('',#11633);
#3839=VERTEX_POINT('',#11634);
#3840=VERTEX_POINT('',#11636);
#3841=VERTEX_POINT('',#11638);
#3842=VERTEX_POINT('',#11640);
#3843=VERTEX_POINT('',#11642);
#3844=VERTEX_POINT('',#11646);
#3845=VERTEX_POINT('',#11647);
#3846=VERTEX_POINT('',#11649);
#3847=VERTEX_POINT('',#11651);
#3848=VERTEX_POINT('',#11653);
#3849=VERTEX_POINT('',#11655);
#3850=VERTEX_POINT('',#11659);
#3851=VERTEX_POINT('',#11660);
#3852=VERTEX_POINT('',#11662);
#3853=VERTEX_POINT('',#11664);
#3854=VERTEX_POINT('',#11666);
#3855=VERTEX_POINT('',#11668);
#3856=VERTEX_POINT('',#11672);
#3857=VERTEX_POINT('',#11673);
#3858=VERTEX_POINT('',#11675);
#3859=VERTEX_POINT('',#11677);
#3860=VERTEX_POINT('',#11679);
#3861=VERTEX_POINT('',#11681);
#3862=VERTEX_POINT('',#11691);
#3863=VERTEX_POINT('',#11692);
#3864=VERTEX_POINT('',#11694);
#3865=VERTEX_POINT('',#11696);
#3866=VERTEX_POINT('',#11700);
#3867=VERTEX_POINT('',#11701);
#3868=VERTEX_POINT('',#11703);
#3869=VERTEX_POINT('',#11705);
#3870=VERTEX_POINT('',#11709);
#3871=VERTEX_POINT('',#11710);
#3872=VERTEX_POINT('',#11712);
#3873=VERTEX_POINT('',#11714);
#3874=VERTEX_POINT('',#11718);
#3875=VERTEX_POINT('',#11719);
#3876=VERTEX_POINT('',#11721);
#3877=VERTEX_POINT('',#11723);
#3878=VERTEX_POINT('',#11739);
#3879=VERTEX_POINT('',#11741);
#3880=VERTEX_POINT('',#11751);
#3881=VERTEX_POINT('',#11753);
#3882=VERTEX_POINT('',#11757);
#3883=VERTEX_POINT('',#11759);
#3884=VERTEX_POINT('',#11769);
#3885=VERTEX_POINT('',#11771);
#3886=VERTEX_POINT('',#11775);
#3887=VERTEX_POINT('',#11777);
#3888=VERTEX_POINT('',#11787);
#3889=VERTEX_POINT('',#11789);
#3890=VERTEX_POINT('',#11793);
#3891=VERTEX_POINT('',#11799);
#3892=VERTEX_POINT('',#11803);
#3893=VERTEX_POINT('',#11811);
#3894=VERTEX_POINT('',#11817);
#3895=VERTEX_POINT('',#11821);
#3896=VERTEX_POINT('',#11827);
#3897=VERTEX_POINT('',#11829);
#3898=VERTEX_POINT('',#11834);
#3899=VERTEX_POINT('',#11838);
#3900=VERTEX_POINT('',#11842);
#3901=VERTEX_POINT('',#11843);
#3902=VERTEX_POINT('',#11845);
#3903=VERTEX_POINT('',#11847);
#3904=VERTEX_POINT('',#11850);
#3905=VERTEX_POINT('',#11851);
#3906=VERTEX_POINT('',#11853);
#3907=VERTEX_POINT('',#11855);
#3908=VERTEX_POINT('',#11858);
#3909=VERTEX_POINT('',#11859);
#3910=VERTEX_POINT('',#11861);
#3911=VERTEX_POINT('',#11863);
#3912=VERTEX_POINT('',#11866);
#3913=VERTEX_POINT('',#11867);
#3914=VERTEX_POINT('',#11869);
#3915=VERTEX_POINT('',#11871);
#3916=VERTEX_POINT('',#11874);
#3917=VERTEX_POINT('',#11875);
#3918=VERTEX_POINT('',#11877);
#3919=VERTEX_POINT('',#11879);
#3920=VERTEX_POINT('',#11882);
#3921=VERTEX_POINT('',#11883);
#3922=VERTEX_POINT('',#11885);
#3923=VERTEX_POINT('',#11887);
#3924=VERTEX_POINT('',#11890);
#3925=VERTEX_POINT('',#11891);
#3926=VERTEX_POINT('',#11893);
#3927=VERTEX_POINT('',#11895);
#3928=VERTEX_POINT('',#11898);
#3929=VERTEX_POINT('',#11899);
#3930=VERTEX_POINT('',#11901);
#3931=VERTEX_POINT('',#11903);
#3932=VERTEX_POINT('',#11906);
#3933=VERTEX_POINT('',#11907);
#3934=VERTEX_POINT('',#11909);
#3935=VERTEX_POINT('',#11911);
#3936=VERTEX_POINT('',#11914);
#3937=VERTEX_POINT('',#11915);
#3938=VERTEX_POINT('',#11917);
#3939=VERTEX_POINT('',#11919);
#3940=VERTEX_POINT('',#11922);
#3941=VERTEX_POINT('',#11923);
#3942=VERTEX_POINT('',#11925);
#3943=VERTEX_POINT('',#11927);
#3944=VERTEX_POINT('',#11930);
#3945=VERTEX_POINT('',#11931);
#3946=VERTEX_POINT('',#11933);
#3947=VERTEX_POINT('',#11935);
#3948=VERTEX_POINT('',#11938);
#3949=VERTEX_POINT('',#11939);
#3950=VERTEX_POINT('',#11941);
#3951=VERTEX_POINT('',#11943);
#3952=VERTEX_POINT('',#11945);
#3953=VERTEX_POINT('',#11947);
#3954=VERTEX_POINT('',#11950);
#3955=VERTEX_POINT('',#11951);
#3956=VERTEX_POINT('',#11953);
#3957=VERTEX_POINT('',#11955);
#3958=VERTEX_POINT('',#11957);
#3959=VERTEX_POINT('',#11959);
#3960=VERTEX_POINT('',#11962);
#3961=VERTEX_POINT('',#11963);
#3962=VERTEX_POINT('',#11965);
#3963=VERTEX_POINT('',#11967);
#3964=VERTEX_POINT('',#11969);
#3965=VERTEX_POINT('',#11972);
#3966=VERTEX_POINT('',#11973);
#3967=VERTEX_POINT('',#11975);
#3968=VERTEX_POINT('',#11977);
#3969=VERTEX_POINT('',#11979);
#3970=VERTEX_POINT('',#11982);
#3971=VERTEX_POINT('',#11984);
#3972=VERTEX_POINT('',#11990);
#3973=VERTEX_POINT('',#11996);
#3974=VERTEX_POINT('',#11998);
#3975=VERTEX_POINT('',#12004);
#3976=VERTEX_POINT('',#12010);
#3977=VERTEX_POINT('',#12011);
#3978=VERTEX_POINT('',#12013);
#3979=VERTEX_POINT('',#12015);
#3980=VERTEX_POINT('',#12017);
#3981=VERTEX_POINT('',#12019);
#3982=VERTEX_POINT('',#12021);
#3983=VERTEX_POINT('',#12023);
#3984=VERTEX_POINT('',#12026);
#3985=VERTEX_POINT('',#12029);
#3986=VERTEX_POINT('',#12031);
#3987=VERTEX_POINT('',#12038);
#3988=VERTEX_POINT('',#12040);
#3989=VERTEX_POINT('',#12044);
#3990=VERTEX_POINT('',#12046);
#3991=VERTEX_POINT('',#12065);
#3992=VERTEX_POINT('',#12117);
#3993=VERTEX_POINT('',#12119);
#3994=VERTEX_POINT('',#12123);
#3995=VERTEX_POINT('',#12127);
#3996=VERTEX_POINT('',#12131);
#3997=VERTEX_POINT('',#12138);
#3998=VERTEX_POINT('',#12140);
#3999=VERTEX_POINT('',#12144);
#4000=VERTEX_POINT('',#12148);
#4001=VERTEX_POINT('',#12152);
#4002=VERTEX_POINT('',#12159);
#4003=VERTEX_POINT('',#12161);
#4004=VERTEX_POINT('',#12165);
#4005=VERTEX_POINT('',#12169);
#4006=VERTEX_POINT('',#12173);
#4007=VERTEX_POINT('',#12177);
#4008=VERTEX_POINT('',#12184);
#4009=VERTEX_POINT('',#12186);
#4010=VERTEX_POINT('',#12190);
#4011=VERTEX_POINT('',#12194);
#4012=VERTEX_POINT('',#12198);
#4013=VERTEX_POINT('',#12202);
#4014=VERTEX_POINT('',#12209);
#4015=VERTEX_POINT('',#12211);
#4016=VERTEX_POINT('',#12215);
#4017=VERTEX_POINT('',#12219);
#4018=VERTEX_POINT('',#12226);
#4019=VERTEX_POINT('',#12228);
#4020=VERTEX_POINT('',#12232);
#4021=VERTEX_POINT('',#12236);
#4022=VERTEX_POINT('',#12243);
#4023=VERTEX_POINT('',#12245);
#4024=VERTEX_POINT('',#12249);
#4025=VERTEX_POINT('',#12253);
#4026=VERTEX_POINT('',#12260);
#4027=VERTEX_POINT('',#12262);
#4028=VERTEX_POINT('',#12266);
#4029=VERTEX_POINT('',#12270);
#4030=VERTEX_POINT('',#12277);
#4031=VERTEX_POINT('',#12279);
#4032=VERTEX_POINT('',#12283);
#4033=VERTEX_POINT('',#12287);
#4034=VERTEX_POINT('',#12294);
#4035=VERTEX_POINT('',#12296);
#4036=VERTEX_POINT('',#12300);
#4037=VERTEX_POINT('',#12304);
#4038=VERTEX_POINT('',#12311);
#4039=VERTEX_POINT('',#12313);
#4040=VERTEX_POINT('',#12317);
#4041=VERTEX_POINT('',#12321);
#4042=VERTEX_POINT('',#12328);
#4043=VERTEX_POINT('',#12330);
#4044=VERTEX_POINT('',#12334);
#4045=VERTEX_POINT('',#12338);
#4046=VERTEX_POINT('',#12345);
#4047=VERTEX_POINT('',#12347);
#4048=VERTEX_POINT('',#12351);
#4049=VERTEX_POINT('',#12355);
#4050=VERTEX_POINT('',#12362);
#4051=VERTEX_POINT('',#12364);
#4052=VERTEX_POINT('',#12368);
#4053=VERTEX_POINT('',#12372);
#4054=VERTEX_POINT('',#12379);
#4055=VERTEX_POINT('',#12381);
#4056=VERTEX_POINT('',#12385);
#4057=VERTEX_POINT('',#12389);
#4058=VERTEX_POINT('',#12396);
#4059=VERTEX_POINT('',#12398);
#4060=VERTEX_POINT('',#12402);
#4061=VERTEX_POINT('',#12406);
#4062=VERTEX_POINT('',#12414);
#4063=VERTEX_POINT('',#12415);
#4064=VERTEX_POINT('',#12417);
#4065=VERTEX_POINT('',#12419);
#4066=VERTEX_POINT('',#12423);
#4067=VERTEX_POINT('',#12424);
#4068=VERTEX_POINT('',#12426);
#4069=VERTEX_POINT('',#12428);
#4070=VERTEX_POINT('',#12438);
#4071=VERTEX_POINT('',#12439);
#4072=VERTEX_POINT('',#12441);
#4073=VERTEX_POINT('',#12443);
#4074=VERTEX_POINT('',#12447);
#4075=VERTEX_POINT('',#12448);
#4076=VERTEX_POINT('',#12450);
#4077=VERTEX_POINT('',#12452);
#4078=VERTEX_POINT('',#12456);
#4079=VERTEX_POINT('',#12457);
#4080=VERTEX_POINT('',#12459);
#4081=VERTEX_POINT('',#12461);
#4082=VERTEX_POINT('',#12465);
#4083=VERTEX_POINT('',#12466);
#4084=VERTEX_POINT('',#12468);
#4085=VERTEX_POINT('',#12470);
#4086=VERTEX_POINT('',#12474);
#4087=VERTEX_POINT('',#12475);
#4088=VERTEX_POINT('',#12477);
#4089=VERTEX_POINT('',#12479);
#4090=VERTEX_POINT('',#12483);
#4091=VERTEX_POINT('',#12484);
#4092=VERTEX_POINT('',#12486);
#4093=VERTEX_POINT('',#12488);
#4094=VERTEX_POINT('',#12492);
#4095=VERTEX_POINT('',#12493);
#4096=VERTEX_POINT('',#12495);
#4097=VERTEX_POINT('',#12497);
#4098=VERTEX_POINT('',#12501);
#4099=VERTEX_POINT('',#12502);
#4100=VERTEX_POINT('',#12504);
#4101=VERTEX_POINT('',#12506);
#4102=VERTEX_POINT('',#12510);
#4103=VERTEX_POINT('',#12512);
#4104=VERTEX_POINT('',#12516);
#4105=VERTEX_POINT('',#12518);
#4106=VERTEX_POINT('',#12522);
#4107=VERTEX_POINT('',#12524);
#4108=VERTEX_POINT('',#12528);
#4109=VERTEX_POINT('',#12530);
#4110=VERTEX_POINT('',#12534);
#4111=VERTEX_POINT('',#12536);
#4112=VERTEX_POINT('',#12540);
#4113=VERTEX_POINT('',#12542);
#4114=VERTEX_POINT('',#12546);
#4115=VERTEX_POINT('',#12548);
#4116=VERTEX_POINT('',#12552);
#4117=VERTEX_POINT('',#12554);
#4118=VERTEX_POINT('',#12558);
#4119=VERTEX_POINT('',#12560);
#4120=VERTEX_POINT('',#12564);
#4121=VERTEX_POINT('',#12566);
#4122=VERTEX_POINT('',#12570);
#4123=VERTEX_POINT('',#12572);
#4124=VERTEX_POINT('',#12576);
#4125=VERTEX_POINT('',#12578);
#4126=VERTEX_POINT('',#12582);
#4127=VERTEX_POINT('',#12584);
#4128=VERTEX_POINT('',#12588);
#4129=VERTEX_POINT('',#12590);
#4130=VERTEX_POINT('',#12594);
#4131=VERTEX_POINT('',#12596);
#4132=VERTEX_POINT('',#12600);
#4133=VERTEX_POINT('',#12602);
#4134=VERTEX_POINT('',#12606);
#4135=VERTEX_POINT('',#12608);
#4136=VERTEX_POINT('',#12612);
#4137=VERTEX_POINT('',#12614);
#4138=VERTEX_POINT('',#12618);
#4139=VERTEX_POINT('',#12620);
#4140=VERTEX_POINT('',#12624);
#4141=VERTEX_POINT('',#12626);
#4142=VERTEX_POINT('',#12630);
#4143=VERTEX_POINT('',#12632);
#4144=VERTEX_POINT('',#12636);
#4145=VERTEX_POINT('',#12638);
#4146=VERTEX_POINT('',#12642);
#4147=VERTEX_POINT('',#12644);
#4148=VERTEX_POINT('',#12648);
#4149=VERTEX_POINT('',#12650);
#4150=VERTEX_POINT('',#12654);
#4151=VERTEX_POINT('',#12655);
#4152=VERTEX_POINT('',#12660);
#4153=VERTEX_POINT('',#12662);
#4154=VERTEX_POINT('',#12666);
#4155=VERTEX_POINT('',#12667);
#4156=VERTEX_POINT('',#12672);
#4157=VERTEX_POINT('',#12673);
#4158=VERTEX_POINT('',#12678);
#4159=VERTEX_POINT('',#12679);
#4160=VERTEX_POINT('',#12684);
#4161=VERTEX_POINT('',#12685);
#4162=VERTEX_POINT('',#12690);
#4163=VERTEX_POINT('',#12691);
#4164=VERTEX_POINT('',#12696);
#4165=VERTEX_POINT('',#12697);
#4166=VERTEX_POINT('',#12702);
#4167=VERTEX_POINT('',#12704);
#4168=VERTEX_POINT('',#12708);
#4169=VERTEX_POINT('',#12710);
#4170=VERTEX_POINT('',#12714);
#4171=VERTEX_POINT('',#12716);
#4172=VERTEX_POINT('',#12720);
#4173=VERTEX_POINT('',#12722);
#4174=VERTEX_POINT('',#12726);
#4175=VERTEX_POINT('',#12728);
#4176=VERTEX_POINT('',#12732);
#4177=VERTEX_POINT('',#12734);
#4178=VERTEX_POINT('',#12738);
#4179=VERTEX_POINT('',#12740);
#4180=VERTEX_POINT('',#12744);
#4181=VERTEX_POINT('',#12746);
#4182=VERTEX_POINT('',#12750);
#4183=VERTEX_POINT('',#12752);
#4184=VERTEX_POINT('',#12756);
#4185=VERTEX_POINT('',#12758);
#4186=VERTEX_POINT('',#12762);
#4187=VERTEX_POINT('',#12764);
#4188=VERTEX_POINT('',#12768);
#4189=VERTEX_POINT('',#12770);
#4190=VERTEX_POINT('',#12774);
#4191=VERTEX_POINT('',#12776);
#4192=VERTEX_POINT('',#12780);
#4193=VERTEX_POINT('',#12782);
#4194=VERTEX_POINT('',#12786);
#4195=VERTEX_POINT('',#12788);
#4196=VERTEX_POINT('',#12792);
#4197=VERTEX_POINT('',#12794);
#4198=VERTEX_POINT('',#12798);
#4199=VERTEX_POINT('',#12799);
#4200=VERTEX_POINT('',#12801);
#4201=VERTEX_POINT('',#12803);
#4202=VERTEX_POINT('',#12807);
#4203=VERTEX_POINT('',#12808);
#4204=VERTEX_POINT('',#12810);
#4205=VERTEX_POINT('',#12812);
#4206=VERTEX_POINT('',#12816);
#4207=VERTEX_POINT('',#12817);
#4208=VERTEX_POINT('',#12819);
#4209=VERTEX_POINT('',#12821);
#4210=VERTEX_POINT('',#12825);
#4211=VERTEX_POINT('',#12826);
#4212=VERTEX_POINT('',#12828);
#4213=VERTEX_POINT('',#12830);
#4214=VERTEX_POINT('',#12834);
#4215=VERTEX_POINT('',#12835);
#4216=VERTEX_POINT('',#12837);
#4217=VERTEX_POINT('',#12839);
#4218=VERTEX_POINT('',#12843);
#4219=VERTEX_POINT('',#12844);
#4220=VERTEX_POINT('',#12846);
#4221=VERTEX_POINT('',#12848);
#4222=VERTEX_POINT('',#12852);
#4223=VERTEX_POINT('',#12853);
#4224=VERTEX_POINT('',#12855);
#4225=VERTEX_POINT('',#12857);
#4226=VERTEX_POINT('',#12861);
#4227=VERTEX_POINT('',#12862);
#4228=VERTEX_POINT('',#12864);
#4229=VERTEX_POINT('',#12866);
#4230=VERTEX_POINT('',#12870);
#4231=VERTEX_POINT('',#12872);
#4232=VERTEX_POINT('',#12876);
#4233=VERTEX_POINT('',#12878);
#4234=VERTEX_POINT('',#12882);
#4235=VERTEX_POINT('',#12884);
#4236=VERTEX_POINT('',#12888);
#4237=VERTEX_POINT('',#12890);
#4238=VERTEX_POINT('',#12894);
#4239=VERTEX_POINT('',#12896);
#4240=VERTEX_POINT('',#12900);
#4241=VERTEX_POINT('',#12902);
#4242=VERTEX_POINT('',#12906);
#4243=VERTEX_POINT('',#12908);
#4244=VERTEX_POINT('',#12912);
#4245=VERTEX_POINT('',#12914);
#4246=VERTEX_POINT('',#12918);
#4247=VERTEX_POINT('',#12920);
#4248=VERTEX_POINT('',#12924);
#4249=VERTEX_POINT('',#12926);
#4250=VERTEX_POINT('',#12930);
#4251=VERTEX_POINT('',#12932);
#4252=VERTEX_POINT('',#12936);
#4253=VERTEX_POINT('',#12938);
#4254=VERTEX_POINT('',#12942);
#4255=VERTEX_POINT('',#12944);
#4256=VERTEX_POINT('',#12948);
#4257=VERTEX_POINT('',#12950);
#4258=VERTEX_POINT('',#12954);
#4259=VERTEX_POINT('',#12956);
#4260=VERTEX_POINT('',#12960);
#4261=VERTEX_POINT('',#12962);
#4262=VERTEX_POINT('',#12966);
#4263=VERTEX_POINT('',#12968);
#4264=VERTEX_POINT('',#12972);
#4265=VERTEX_POINT('',#12974);
#4266=VERTEX_POINT('',#12978);
#4267=VERTEX_POINT('',#12980);
#4268=VERTEX_POINT('',#12984);
#4269=VERTEX_POINT('',#12986);
#4270=VERTEX_POINT('',#12990);
#4271=VERTEX_POINT('',#12992);
#4272=VERTEX_POINT('',#12996);
#4273=VERTEX_POINT('',#12998);
#4274=VERTEX_POINT('',#13002);
#4275=VERTEX_POINT('',#13004);
#4276=VERTEX_POINT('',#13008);
#4277=VERTEX_POINT('',#13010);
#4278=VERTEX_POINT('',#13014);
#4279=VERTEX_POINT('',#13015);
#4280=VERTEX_POINT('',#13020);
#4281=VERTEX_POINT('',#13022);
#4282=VERTEX_POINT('',#13026);
#4283=VERTEX_POINT('',#13027);
#4284=VERTEX_POINT('',#13032);
#4285=VERTEX_POINT('',#13033);
#4286=VERTEX_POINT('',#13038);
#4287=VERTEX_POINT('',#13039);
#4288=VERTEX_POINT('',#13044);
#4289=VERTEX_POINT('',#13045);
#4290=VERTEX_POINT('',#13050);
#4291=VERTEX_POINT('',#13051);
#4292=VERTEX_POINT('',#13056);
#4293=VERTEX_POINT('',#13057);
#4294=VERTEX_POINT('',#13062);
#4295=VERTEX_POINT('',#13064);
#4296=VERTEX_POINT('',#13068);
#4297=VERTEX_POINT('',#13070);
#4298=VERTEX_POINT('',#13074);
#4299=VERTEX_POINT('',#13076);
#4300=VERTEX_POINT('',#13080);
#4301=VERTEX_POINT('',#13082);
#4302=VERTEX_POINT('',#13086);
#4303=VERTEX_POINT('',#13088);
#4304=VERTEX_POINT('',#13092);
#4305=VERTEX_POINT('',#13094);
#4306=VERTEX_POINT('',#13098);
#4307=VERTEX_POINT('',#13100);
#4308=VERTEX_POINT('',#13104);
#4309=VERTEX_POINT('',#13106);
#4310=VERTEX_POINT('',#13110);
#4311=VERTEX_POINT('',#13112);
#4312=VERTEX_POINT('',#13116);
#4313=VERTEX_POINT('',#13118);
#4314=VERTEX_POINT('',#13122);
#4315=VERTEX_POINT('',#13124);
#4316=VERTEX_POINT('',#13128);
#4317=VERTEX_POINT('',#13130);
#4318=VERTEX_POINT('',#13134);
#4319=VERTEX_POINT('',#13136);
#4320=VERTEX_POINT('',#13140);
#4321=VERTEX_POINT('',#13142);
#4322=VERTEX_POINT('',#13146);
#4323=VERTEX_POINT('',#13148);
#4324=VERTEX_POINT('',#13152);
#4325=VERTEX_POINT('',#13154);
#4326=VERTEX_POINT('',#13225);
#4327=VERTEX_POINT('',#13226);
#4328=VERTEX_POINT('',#13228);
#4329=VERTEX_POINT('',#13230);
#4330=VERTEX_POINT('',#13234);
#4331=VERTEX_POINT('',#13235);
#4332=VERTEX_POINT('',#13237);
#4333=VERTEX_POINT('',#13239);
#4334=VERTEX_POINT('',#13249);
#4335=VERTEX_POINT('',#13250);
#4336=VERTEX_POINT('',#13252);
#4337=VERTEX_POINT('',#13254);
#4338=VERTEX_POINT('',#13258);
#4339=VERTEX_POINT('',#13259);
#4340=VERTEX_POINT('',#13261);
#4341=VERTEX_POINT('',#13263);
#4342=VERTEX_POINT('',#13267);
#4343=VERTEX_POINT('',#13268);
#4344=VERTEX_POINT('',#13270);
#4345=VERTEX_POINT('',#13272);
#4346=VERTEX_POINT('',#13276);
#4347=VERTEX_POINT('',#13277);
#4348=VERTEX_POINT('',#13279);
#4349=VERTEX_POINT('',#13281);
#4350=VERTEX_POINT('',#13285);
#4351=VERTEX_POINT('',#13286);
#4352=VERTEX_POINT('',#13288);
#4353=VERTEX_POINT('',#13290);
#4354=VERTEX_POINT('',#13294);
#4355=VERTEX_POINT('',#13295);
#4356=VERTEX_POINT('',#13297);
#4357=VERTEX_POINT('',#13299);
#4358=VERTEX_POINT('',#13303);
#4359=VERTEX_POINT('',#13304);
#4360=VERTEX_POINT('',#13306);
#4361=VERTEX_POINT('',#13308);
#4362=VERTEX_POINT('',#13312);
#4363=VERTEX_POINT('',#13313);
#4364=VERTEX_POINT('',#13315);
#4365=VERTEX_POINT('',#13317);
#4366=VERTEX_POINT('',#13321);
#4367=VERTEX_POINT('',#13322);
#4368=VERTEX_POINT('',#13324);
#4369=VERTEX_POINT('',#13326);
#4370=VERTEX_POINT('',#13330);
#4371=VERTEX_POINT('',#13331);
#4372=VERTEX_POINT('',#13333);
#4373=VERTEX_POINT('',#13335);
#4374=VERTEX_POINT('',#13339);
#4375=VERTEX_POINT('',#13340);
#4376=VERTEX_POINT('',#13342);
#4377=VERTEX_POINT('',#13344);
#4378=VERTEX_POINT('',#13348);
#4379=VERTEX_POINT('',#13349);
#4380=VERTEX_POINT('',#13351);
#4381=VERTEX_POINT('',#13353);
#4382=VERTEX_POINT('',#13357);
#4383=VERTEX_POINT('',#13358);
#4384=VERTEX_POINT('',#13360);
#4385=VERTEX_POINT('',#13362);
#4386=VERTEX_POINT('',#13366);
#4387=VERTEX_POINT('',#13367);
#4388=VERTEX_POINT('',#13369);
#4389=VERTEX_POINT('',#13371);
#4390=VERTEX_POINT('',#13375);
#4391=VERTEX_POINT('',#13376);
#4392=VERTEX_POINT('',#13378);
#4393=VERTEX_POINT('',#13380);
#4394=VERTEX_POINT('',#13384);
#4395=VERTEX_POINT('',#13385);
#4396=VERTEX_POINT('',#13387);
#4397=VERTEX_POINT('',#13389);
#4398=VERTEX_POINT('',#13417);
#4399=VERTEX_POINT('',#13418);
#4400=VERTEX_POINT('',#13420);
#4401=VERTEX_POINT('',#13422);
#4402=VERTEX_POINT('',#13426);
#4403=VERTEX_POINT('',#13427);
#4404=VERTEX_POINT('',#13429);
#4405=VERTEX_POINT('',#13431);
#4406=VERTEX_POINT('',#13435);
#4407=VERTEX_POINT('',#13436);
#4408=VERTEX_POINT('',#13438);
#4409=VERTEX_POINT('',#13440);
#4410=VERTEX_POINT('',#13444);
#4411=VERTEX_POINT('',#13445);
#4412=VERTEX_POINT('',#13447);
#4413=VERTEX_POINT('',#13449);
#4414=VERTEX_POINT('',#13453);
#4415=VERTEX_POINT('',#13454);
#4416=VERTEX_POINT('',#13456);
#4417=VERTEX_POINT('',#13458);
#4418=VERTEX_POINT('',#13462);
#4419=VERTEX_POINT('',#13463);
#4420=VERTEX_POINT('',#13465);
#4421=VERTEX_POINT('',#13467);
#4422=VERTEX_POINT('',#13471);
#4423=VERTEX_POINT('',#13472);
#4424=VERTEX_POINT('',#13474);
#4425=VERTEX_POINT('',#13476);
#4426=VERTEX_POINT('',#13480);
#4427=VERTEX_POINT('',#13481);
#4428=VERTEX_POINT('',#13483);
#4429=VERTEX_POINT('',#13485);
#4430=VERTEX_POINT('',#13489);
#4431=VERTEX_POINT('',#13490);
#4432=VERTEX_POINT('',#13492);
#4433=VERTEX_POINT('',#13494);
#4434=VERTEX_POINT('',#13498);
#4435=VERTEX_POINT('',#13499);
#4436=VERTEX_POINT('',#13501);
#4437=VERTEX_POINT('',#13503);
#4438=VERTEX_POINT('',#13507);
#4439=VERTEX_POINT('',#13508);
#4440=VERTEX_POINT('',#13510);
#4441=VERTEX_POINT('',#13512);
#4442=VERTEX_POINT('',#13516);
#4443=VERTEX_POINT('',#13517);
#4444=VERTEX_POINT('',#13519);
#4445=VERTEX_POINT('',#13521);
#4446=VERTEX_POINT('',#13525);
#4447=VERTEX_POINT('',#13526);
#4448=VERTEX_POINT('',#13528);
#4449=VERTEX_POINT('',#13530);
#4450=VERTEX_POINT('',#13534);
#4451=VERTEX_POINT('',#13535);
#4452=VERTEX_POINT('',#13537);
#4453=VERTEX_POINT('',#13539);
#4454=VERTEX_POINT('',#13543);
#4455=VERTEX_POINT('',#13544);
#4456=VERTEX_POINT('',#13546);
#4457=VERTEX_POINT('',#13548);
#4458=VERTEX_POINT('',#13552);
#4459=VERTEX_POINT('',#13553);
#4460=VERTEX_POINT('',#13555);
#4461=VERTEX_POINT('',#13557);
#4462=LINE('',#11240,#5563);
#4463=LINE('',#11243,#5564);
#4464=LINE('',#11245,#5565);
#4465=LINE('',#11247,#5566);
#4466=LINE('',#11249,#5567);
#4467=LINE('',#11251,#5568);
#4468=LINE('',#11253,#5569);
#4469=LINE('',#11255,#5570);
#4470=LINE('',#11257,#5571);
#4471=LINE('',#11260,#5572);
#4472=LINE('',#11262,#5573);
#4473=LINE('',#11264,#5574);
#4474=LINE('',#11266,#5575);
#4475=LINE('',#11268,#5576);
#4476=LINE('',#11270,#5577);
#4477=LINE('',#11272,#5578);
#4478=LINE('',#11274,#5579);
#4479=LINE('',#11275,#5580);
#4480=LINE('',#11277,#5581);
#4481=LINE('',#11280,#5582);
#4482=LINE('',#11282,#5583);
#4483=LINE('',#11284,#5584);
#4484=LINE('',#11286,#5585);
#4485=LINE('',#11288,#5586);
#4486=LINE('',#11290,#5587);
#4487=LINE('',#11292,#5588);
#4488=LINE('',#11294,#5589);
#4489=LINE('',#11297,#5590);
#4490=LINE('',#11299,#5591);
#4491=LINE('',#11301,#5592);
#4492=LINE('',#11303,#5593);
#4493=LINE('',#11305,#5594);
#4494=LINE('',#11307,#5595);
#4495=LINE('',#11309,#5596);
#4496=LINE('',#11311,#5597);
#4497=LINE('',#11312,#5598);
#4498=LINE('',#11317,#5599);
#4499=LINE('',#11321,#5600);
#4500=LINE('',#11325,#5601);
#4501=LINE('',#11329,#5602);
#4502=LINE('',#11330,#5603);
#4503=LINE('',#11333,#5604);
#4504=LINE('',#11335,#5605);
#4505=LINE('',#11337,#5606);
#4506=LINE('',#11339,#5607);
#4507=LINE('',#11342,#5608);
#4508=LINE('',#11344,#5609);
#4509=LINE('',#11346,#5610);
#4510=LINE('',#11348,#5611);
#4511=LINE('',#11351,#5612);
#4512=LINE('',#11353,#5613);
#4513=LINE('',#11355,#5614);
#4514=LINE('',#11356,#5615);
#4515=LINE('',#11358,#5616);
#4516=LINE('',#11360,#5617);
#4517=LINE('',#11362,#5618);
#4518=LINE('',#11364,#5619);
#4519=LINE('',#11366,#5620);
#4520=LINE('',#11368,#5621);
#4521=LINE('',#11370,#5622);
#4522=LINE('',#11372,#5623);
#4523=LINE('',#11374,#5624);
#4524=LINE('',#11377,#5625);
#4525=LINE('',#11379,#5626);
#4526=LINE('',#11381,#5627);
#4527=LINE('',#11385,#5628);
#4528=LINE('',#11386,#5629);
#4529=LINE('',#11388,#5630);
#4530=LINE('',#11390,#5631);
#4531=LINE('',#11392,#5632);
#4532=LINE('',#11394,#5633);
#4533=LINE('',#11395,#5634);
#4534=LINE('',#11397,#5635);
#4535=LINE('',#11398,#5636);
#4536=LINE('',#11400,#5637);
#4537=LINE('',#11403,#5638);
#4538=LINE('',#11405,#5639);
#4539=LINE('',#11407,#5640);
#4540=LINE('',#11409,#5641);
#4541=LINE('',#11411,#5642);
#4542=LINE('',#11413,#5643);
#4543=LINE('',#11416,#5644);
#4544=LINE('',#11418,#5645);
#4545=LINE('',#11420,#5646);
#4546=LINE('',#11422,#5647);
#4547=LINE('',#11424,#5648);
#4548=LINE('',#11426,#5649);
#4549=LINE('',#11429,#5650);
#4550=LINE('',#11431,#5651);
#4551=LINE('',#11433,#5652);
#4552=LINE('',#11435,#5653);
#4553=LINE('',#11437,#5654);
#4554=LINE('',#11439,#5655);
#4555=LINE('',#11442,#5656);
#4556=LINE('',#11444,#5657);
#4557=LINE('',#11446,#5658);
#4558=LINE('',#11448,#5659);
#4559=LINE('',#11450,#5660);
#4560=LINE('',#11452,#5661);
#4561=LINE('',#11453,#5662);
#4562=LINE('',#11455,#5663);
#4563=LINE('',#11456,#5664);
#4564=LINE('',#11458,#5665);
#4565=LINE('',#11461,#5666);
#4566=LINE('',#11463,#5667);
#4567=LINE('',#11465,#5668);
#4568=LINE('',#11467,#5669);
#4569=LINE('',#11469,#5670);
#4570=LINE('',#11471,#5671);
#4571=LINE('',#11474,#5672);
#4572=LINE('',#11476,#5673);
#4573=LINE('',#11478,#5674);
#4574=LINE('',#11480,#5675);
#4575=LINE('',#11482,#5676);
#4576=LINE('',#11484,#5677);
#4577=LINE('',#11487,#5678);
#4578=LINE('',#11489,#5679);
#4579=LINE('',#11491,#5680);
#4580=LINE('',#11493,#5681);
#4581=LINE('',#11495,#5682);
#4582=LINE('',#11497,#5683);
#4583=LINE('',#11500,#5684);
#4584=LINE('',#11502,#5685);
#4585=LINE('',#11504,#5686);
#4586=LINE('',#11506,#5687);
#4587=LINE('',#11508,#5688);
#4588=LINE('',#11510,#5689);
#4589=LINE('',#11511,#5690);
#4590=LINE('',#11513,#5691);
#4591=LINE('',#11514,#5692);
#4592=LINE('',#11516,#5693);
#4593=LINE('',#11519,#5694);
#4594=LINE('',#11521,#5695);
#4595=LINE('',#11523,#5696);
#4596=LINE('',#11525,#5697);
#4597=LINE('',#11527,#5698);
#4598=LINE('',#11529,#5699);
#4599=LINE('',#11532,#5700);
#4600=LINE('',#11534,#5701);
#4601=LINE('',#11536,#5702);
#4602=LINE('',#11538,#5703);
#4603=LINE('',#11540,#5704);
#4604=LINE('',#11542,#5705);
#4605=LINE('',#11545,#5706);
#4606=LINE('',#11547,#5707);
#4607=LINE('',#11549,#5708);
#4608=LINE('',#11551,#5709);
#4609=LINE('',#11553,#5710);
#4610=LINE('',#11555,#5711);
#4611=LINE('',#11558,#5712);
#4612=LINE('',#11560,#5713);
#4613=LINE('',#11562,#5714);
#4614=LINE('',#11564,#5715);
#4615=LINE('',#11566,#5716);
#4616=LINE('',#11568,#5717);
#4617=LINE('',#11569,#5718);
#4618=LINE('',#11571,#5719);
#4619=LINE('',#11572,#5720);
#4620=LINE('',#11574,#5721);
#4621=LINE('',#11577,#5722);
#4622=LINE('',#11579,#5723);
#4623=LINE('',#11581,#5724);
#4624=LINE('',#11583,#5725);
#4625=LINE('',#11585,#5726);
#4626=LINE('',#11587,#5727);
#4627=LINE('',#11590,#5728);
#4628=LINE('',#11592,#5729);
#4629=LINE('',#11594,#5730);
#4630=LINE('',#11596,#5731);
#4631=LINE('',#11598,#5732);
#4632=LINE('',#11600,#5733);
#4633=LINE('',#11601,#5734);
#4634=LINE('',#11603,#5735);
#4635=LINE('',#11606,#5736);
#4636=LINE('',#11608,#5737);
#4637=LINE('',#11610,#5738);
#4638=LINE('',#11612,#5739);
#4639=LINE('',#11614,#5740);
#4640=LINE('',#11616,#5741);
#4641=LINE('',#11619,#5742);
#4642=LINE('',#11621,#5743);
#4643=LINE('',#11623,#5744);
#4644=LINE('',#11625,#5745);
#4645=LINE('',#11627,#5746);
#4646=LINE('',#11629,#5747);
#4647=LINE('',#11630,#5748);
#4648=LINE('',#11632,#5749);
#4649=LINE('',#11635,#5750);
#4650=LINE('',#11637,#5751);
#4651=LINE('',#11639,#5752);
#4652=LINE('',#11641,#5753);
#4653=LINE('',#11643,#5754);
#4654=LINE('',#11645,#5755);
#4655=LINE('',#11648,#5756);
#4656=LINE('',#11650,#5757);
#4657=LINE('',#11652,#5758);
#4658=LINE('',#11654,#5759);
#4659=LINE('',#11656,#5760);
#4660=LINE('',#11658,#5761);
#4661=LINE('',#11661,#5762);
#4662=LINE('',#11663,#5763);
#4663=LINE('',#11665,#5764);
#4664=LINE('',#11667,#5765);
#4665=LINE('',#11669,#5766);
#4666=LINE('',#11671,#5767);
#4667=LINE('',#11674,#5768);
#4668=LINE('',#11676,#5769);
#4669=LINE('',#11678,#5770);
#4670=LINE('',#11680,#5771);
#4671=LINE('',#11682,#5772);
#4672=LINE('',#11684,#5773);
#4673=LINE('',#11685,#5774);
#4674=LINE('',#11687,#5775);
#4675=LINE('',#11688,#5776);
#4676=LINE('',#11690,#5777);
#4677=LINE('',#11693,#5778);
#4678=LINE('',#11695,#5779);
#4679=LINE('',#11697,#5780);
#4680=LINE('',#11699,#5781);
#4681=LINE('',#11702,#5782);
#4682=LINE('',#11704,#5783);
#4683=LINE('',#11706,#5784);
#4684=LINE('',#11708,#5785);
#4685=LINE('',#11711,#5786);
#4686=LINE('',#11713,#5787);
#4687=LINE('',#11715,#5788);
#4688=LINE('',#11717,#5789);
#4689=LINE('',#11720,#5790);
#4690=LINE('',#11722,#5791);
#4691=LINE('',#11724,#5792);
#4692=LINE('',#11726,#5793);
#4693=LINE('',#11727,#5794);
#4694=LINE('',#11729,#5795);
#4695=LINE('',#11730,#5796);
#4696=LINE('',#11732,#5797);
#4697=LINE('',#11733,#5798);
#4698=LINE('',#11735,#5799);
#4699=LINE('',#11736,#5800);
#4700=LINE('',#11738,#5801);
#4701=LINE('',#11740,#5802);
#4702=LINE('',#11742,#5803);
#4703=LINE('',#11744,#5804);
#4704=LINE('',#11745,#5805);
#4705=LINE('',#11747,#5806);
#4706=LINE('',#11748,#5807);
#4707=LINE('',#11750,#5808);
#4708=LINE('',#11752,#5809);
#4709=LINE('',#11754,#5810);
#4710=LINE('',#11756,#5811);
#4711=LINE('',#11758,#5812);
#4712=LINE('',#11760,#5813);
#4713=LINE('',#11762,#5814);
#4714=LINE('',#11763,#5815);
#4715=LINE('',#11765,#5816);
#4716=LINE('',#11766,#5817);
#4717=LINE('',#11768,#5818);
#4718=LINE('',#11770,#5819);
#4719=LINE('',#11772,#5820);
#4720=LINE('',#11774,#5821);
#4721=LINE('',#11776,#5822);
#4722=LINE('',#11778,#5823);
#4723=LINE('',#11780,#5824);
#4724=LINE('',#11781,#5825);
#4725=LINE('',#11783,#5826);
#4726=LINE('',#11784,#5827);
#4727=LINE('',#11786,#5828);
#4728=LINE('',#11788,#5829);
#4729=LINE('',#11790,#5830);
#4730=LINE('',#11792,#5831);
#4731=LINE('',#11794,#5832);
#4732=LINE('',#11795,#5833);
#4733=LINE('',#11796,#5834);
#4734=LINE('',#11797,#5835);
#4735=LINE('',#11798,#5836);
#4736=LINE('',#11800,#5837);
#4737=LINE('',#11801,#5838);
#4738=LINE('',#11802,#5839);
#4739=LINE('',#11804,#5840);
#4740=LINE('',#11805,#5841);
#4741=LINE('',#11806,#5842);
#4742=LINE('',#11807,#5843);
#4743=LINE('',#11808,#5844);
#4744=LINE('',#11809,#5845);
#4745=LINE('',#11810,#5846);
#4746=LINE('',#11812,#5847);
#4747=LINE('',#11813,#5848);
#4748=LINE('',#11814,#5849);
#4749=LINE('',#11815,#5850);
#4750=LINE('',#11816,#5851);
#4751=LINE('',#11818,#5852);
#4752=LINE('',#11819,#5853);
#4753=LINE('',#11820,#5854);
#4754=LINE('',#11822,#5855);
#4755=LINE('',#11823,#5856);
#4756=LINE('',#11824,#5857);
#4757=LINE('',#11825,#5858);
#4758=LINE('',#11826,#5859);
#4759=LINE('',#11828,#5860);
#4760=LINE('',#11830,#5861);
#4761=LINE('',#11831,#5862);
#4762=LINE('',#11833,#5863);
#4763=LINE('',#11835,#5864);
#4764=LINE('',#11837,#5865);
#4765=LINE('',#11839,#5866);
#4766=LINE('',#11841,#5867);
#4767=LINE('',#11844,#5868);
#4768=LINE('',#11846,#5869);
#4769=LINE('',#11848,#5870);
#4770=LINE('',#11849,#5871);
#4771=LINE('',#11852,#5872);
#4772=LINE('',#11854,#5873);
#4773=LINE('',#11856,#5874);
#4774=LINE('',#11857,#5875);
#4775=LINE('',#11860,#5876);
#4776=LINE('',#11862,#5877);
#4777=LINE('',#11864,#5878);
#4778=LINE('',#11865,#5879);
#4779=LINE('',#11868,#5880);
#4780=LINE('',#11870,#5881);
#4781=LINE('',#11872,#5882);
#4782=LINE('',#11873,#5883);
#4783=LINE('',#11876,#5884);
#4784=LINE('',#11878,#5885);
#4785=LINE('',#11880,#5886);
#4786=LINE('',#11881,#5887);
#4787=LINE('',#11884,#5888);
#4788=LINE('',#11886,#5889);
#4789=LINE('',#11888,#5890);
#4790=LINE('',#11889,#5891);
#4791=LINE('',#11892,#5892);
#4792=LINE('',#11894,#5893);
#4793=LINE('',#11896,#5894);
#4794=LINE('',#11897,#5895);
#4795=LINE('',#11900,#5896);
#4796=LINE('',#11902,#5897);
#4797=LINE('',#11904,#5898);
#4798=LINE('',#11905,#5899);
#4799=LINE('',#11908,#5900);
#4800=LINE('',#11910,#5901);
#4801=LINE('',#11912,#5902);
#4802=LINE('',#11913,#5903);
#4803=LINE('',#11916,#5904);
#4804=LINE('',#11918,#5905);
#4805=LINE('',#11920,#5906);
#4806=LINE('',#11921,#5907);
#4807=LINE('',#11924,#5908);
#4808=LINE('',#11926,#5909);
#4809=LINE('',#11928,#5910);
#4810=LINE('',#11929,#5911);
#4811=LINE('',#11932,#5912);
#4812=LINE('',#11934,#5913);
#4813=LINE('',#11936,#5914);
#4814=LINE('',#11937,#5915);
#4815=LINE('',#11940,#5916);
#4816=LINE('',#11942,#5917);
#4817=LINE('',#11944,#5918);
#4818=LINE('',#11946,#5919);
#4819=LINE('',#11948,#5920);
#4820=LINE('',#11949,#5921);
#4821=LINE('',#11952,#5922);
#4822=LINE('',#11954,#5923);
#4823=LINE('',#11956,#5924);
#4824=LINE('',#11958,#5925);
#4825=LINE('',#11960,#5926);
#4826=LINE('',#11961,#5927);
#4827=LINE('',#11964,#5928);
#4828=LINE('',#11966,#5929);
#4829=LINE('',#11968,#5930);
#4830=LINE('',#11970,#5931);
#4831=LINE('',#11971,#5932);
#4832=LINE('',#11974,#5933);
#4833=LINE('',#11976,#5934);
#4834=LINE('',#11978,#5935);
#4835=LINE('',#11980,#5936);
#4836=LINE('',#11981,#5937);
#4837=LINE('',#11983,#5938);
#4838=LINE('',#11985,#5939);
#4839=LINE('',#11986,#5940);
#4840=LINE('',#11987,#5941);
#4841=LINE('',#11988,#5942);
#4842=LINE('',#11989,#5943);
#4843=LINE('',#11991,#5944);
#4844=LINE('',#11992,#5945);
#4845=LINE('',#11993,#5946);
#4846=LINE('',#11994,#5947);
#4847=LINE('',#11995,#5948);
#4848=LINE('',#11997,#5949);
#4849=LINE('',#11999,#5950);
#4850=LINE('',#12000,#5951);
#4851=LINE('',#12001,#5952);
#4852=LINE('',#12002,#5953);
#4853=LINE('',#12003,#5954);
#4854=LINE('',#12005,#5955);
#4855=LINE('',#12006,#5956);
#4856=LINE('',#12007,#5957);
#4857=LINE('',#12008,#5958);
#4858=LINE('',#12009,#5959);
#4859=LINE('',#12014,#5960);
#4860=LINE('',#12018,#5961);
#4861=LINE('',#12022,#5962);
#4862=LINE('',#12028,#5963);
#4863=LINE('',#12030,#5964);
#4864=LINE('',#12032,#5965);
#4865=LINE('',#12034,#5966);
#4866=LINE('',#12037,#5967);
#4867=LINE('',#12039,#5968);
#4868=LINE('',#12041,#5969);
#4869=LINE('',#12043,#5970);
#4870=LINE('',#12045,#5971);
#4871=LINE('',#12047,#5972);
#4872=LINE('',#12049,#5973);
#4873=LINE('',#12053,#5974);
#4874=LINE('',#12055,#5975);
#4875=LINE('',#12059,#5976);
#4876=LINE('',#12061,#5977);
#4877=LINE('',#12068,#5978);
#4878=LINE('',#12069,#5979);
#4879=LINE('',#12071,#5980);
#4880=LINE('',#12073,#5981);
#4881=LINE('',#12075,#5982);
#4882=LINE('',#12077,#5983);
#4883=LINE('',#12079,#5984);
#4884=LINE('',#12081,#5985);
#4885=LINE('',#12108,#5986);
#4886=LINE('',#12111,#5987);
#4887=LINE('',#12116,#5988);
#4888=LINE('',#12118,#5989);
#4889=LINE('',#12120,#5990);
#4890=LINE('',#12122,#5991);
#4891=LINE('',#12124,#5992);
#4892=LINE('',#12126,#5993);
#4893=LINE('',#12128,#5994);
#4894=LINE('',#12130,#5995);
#4895=LINE('',#12132,#5996);
#4896=LINE('',#12134,#5997);
#4897=LINE('',#12137,#5998);
#4898=LINE('',#12139,#5999);
#4899=LINE('',#12141,#6000);
#4900=LINE('',#12143,#6001);
#4901=LINE('',#12145,#6002);
#4902=LINE('',#12147,#6003);
#4903=LINE('',#12149,#6004);
#4904=LINE('',#12151,#6005);
#4905=LINE('',#12153,#6006);
#4906=LINE('',#12155,#6007);
#4907=LINE('',#12158,#6008);
#4908=LINE('',#12160,#6009);
#4909=LINE('',#12162,#6010);
#4910=LINE('',#12164,#6011);
#4911=LINE('',#12166,#6012);
#4912=LINE('',#12168,#6013);
#4913=LINE('',#12170,#6014);
#4914=LINE('',#12172,#6015);
#4915=LINE('',#12174,#6016);
#4916=LINE('',#12176,#6017);
#4917=LINE('',#12178,#6018);
#4918=LINE('',#12180,#6019);
#4919=LINE('',#12183,#6020);
#4920=LINE('',#12185,#6021);
#4921=LINE('',#12187,#6022);
#4922=LINE('',#12189,#6023);
#4923=LINE('',#12191,#6024);
#4924=LINE('',#12193,#6025);
#4925=LINE('',#12195,#6026);
#4926=LINE('',#12197,#6027);
#4927=LINE('',#12199,#6028);
#4928=LINE('',#12201,#6029);
#4929=LINE('',#12203,#6030);
#4930=LINE('',#12205,#6031);
#4931=LINE('',#12208,#6032);
#4932=LINE('',#12210,#6033);
#4933=LINE('',#12212,#6034);
#4934=LINE('',#12214,#6035);
#4935=LINE('',#12216,#6036);
#4936=LINE('',#12218,#6037);
#4937=LINE('',#12220,#6038);
#4938=LINE('',#12222,#6039);
#4939=LINE('',#12225,#6040);
#4940=LINE('',#12227,#6041);
#4941=LINE('',#12229,#6042);
#4942=LINE('',#12231,#6043);
#4943=LINE('',#12233,#6044);
#4944=LINE('',#12235,#6045);
#4945=LINE('',#12237,#6046);
#4946=LINE('',#12239,#6047);
#4947=LINE('',#12242,#6048);
#4948=LINE('',#12244,#6049);
#4949=LINE('',#12246,#6050);
#4950=LINE('',#12248,#6051);
#4951=LINE('',#12250,#6052);
#4952=LINE('',#12252,#6053);
#4953=LINE('',#12254,#6054);
#4954=LINE('',#12256,#6055);
#4955=LINE('',#12259,#6056);
#4956=LINE('',#12261,#6057);
#4957=LINE('',#12263,#6058);
#4958=LINE('',#12265,#6059);
#4959=LINE('',#12267,#6060);
#4960=LINE('',#12269,#6061);
#4961=LINE('',#12271,#6062);
#4962=LINE('',#12273,#6063);
#4963=LINE('',#12276,#6064);
#4964=LINE('',#12278,#6065);
#4965=LINE('',#12280,#6066);
#4966=LINE('',#12282,#6067);
#4967=LINE('',#12284,#6068);
#4968=LINE('',#12286,#6069);
#4969=LINE('',#12288,#6070);
#4970=LINE('',#12290,#6071);
#4971=LINE('',#12293,#6072);
#4972=LINE('',#12295,#6073);
#4973=LINE('',#12297,#6074);
#4974=LINE('',#12299,#6075);
#4975=LINE('',#12301,#6076);
#4976=LINE('',#12303,#6077);
#4977=LINE('',#12305,#6078);
#4978=LINE('',#12307,#6079);
#4979=LINE('',#12310,#6080);
#4980=LINE('',#12312,#6081);
#4981=LINE('',#12314,#6082);
#4982=LINE('',#12316,#6083);
#4983=LINE('',#12318,#6084);
#4984=LINE('',#12320,#6085);
#4985=LINE('',#12322,#6086);
#4986=LINE('',#12324,#6087);
#4987=LINE('',#12327,#6088);
#4988=LINE('',#12329,#6089);
#4989=LINE('',#12331,#6090);
#4990=LINE('',#12333,#6091);
#4991=LINE('',#12335,#6092);
#4992=LINE('',#12337,#6093);
#4993=LINE('',#12339,#6094);
#4994=LINE('',#12341,#6095);
#4995=LINE('',#12344,#6096);
#4996=LINE('',#12346,#6097);
#4997=LINE('',#12348,#6098);
#4998=LINE('',#12350,#6099);
#4999=LINE('',#12352,#6100);
#5000=LINE('',#12354,#6101);
#5001=LINE('',#12356,#6102);
#5002=LINE('',#12358,#6103);
#5003=LINE('',#12361,#6104);
#5004=LINE('',#12363,#6105);
#5005=LINE('',#12365,#6106);
#5006=LINE('',#12367,#6107);
#5007=LINE('',#12369,#6108);
#5008=LINE('',#12371,#6109);
#5009=LINE('',#12373,#6110);
#5010=LINE('',#12375,#6111);
#5011=LINE('',#12378,#6112);
#5012=LINE('',#12380,#6113);
#5013=LINE('',#12382,#6114);
#5014=LINE('',#12384,#6115);
#5015=LINE('',#12386,#6116);
#5016=LINE('',#12388,#6117);
#5017=LINE('',#12390,#6118);
#5018=LINE('',#12392,#6119);
#5019=LINE('',#12395,#6120);
#5020=LINE('',#12397,#6121);
#5021=LINE('',#12399,#6122);
#5022=LINE('',#12401,#6123);
#5023=LINE('',#12403,#6124);
#5024=LINE('',#12405,#6125);
#5025=LINE('',#12407,#6126);
#5026=LINE('',#12409,#6127);
#5027=LINE('',#12413,#6128);
#5028=LINE('',#12416,#6129);
#5029=LINE('',#12418,#6130);
#5030=LINE('',#12420,#6131);
#5031=LINE('',#12422,#6132);
#5032=LINE('',#12425,#6133);
#5033=LINE('',#12427,#6134);
#5034=LINE('',#12429,#6135);
#5035=LINE('',#12431,#6136);
#5036=LINE('',#12432,#6137);
#5037=LINE('',#12434,#6138);
#5038=LINE('',#12435,#6139);
#5039=LINE('',#12440,#6140);
#5040=LINE('',#12444,#6141);
#5041=LINE('',#12449,#6142);
#5042=LINE('',#12453,#6143);
#5043=LINE('',#12458,#6144);
#5044=LINE('',#12462,#6145);
#5045=LINE('',#12467,#6146);
#5046=LINE('',#12471,#6147);
#5047=LINE('',#12476,#6148);
#5048=LINE('',#12480,#6149);
#5049=LINE('',#12485,#6150);
#5050=LINE('',#12489,#6151);
#5051=LINE('',#12494,#6152);
#5052=LINE('',#12498,#6153);
#5053=LINE('',#12503,#6154);
#5054=LINE('',#12507,#6155);
#5055=LINE('',#12509,#6156);
#5056=LINE('',#12511,#6157);
#5057=LINE('',#12513,#6158);
#5058=LINE('',#12515,#6159);
#5059=LINE('',#12517,#6160);
#5060=LINE('',#12519,#6161);
#5061=LINE('',#12521,#6162);
#5062=LINE('',#12523,#6163);
#5063=LINE('',#12525,#6164);
#5064=LINE('',#12527,#6165);
#5065=LINE('',#12529,#6166);
#5066=LINE('',#12531,#6167);
#5067=LINE('',#12533,#6168);
#5068=LINE('',#12535,#6169);
#5069=LINE('',#12537,#6170);
#5070=LINE('',#12539,#6171);
#5071=LINE('',#12541,#6172);
#5072=LINE('',#12543,#6173);
#5073=LINE('',#12545,#6174);
#5074=LINE('',#12547,#6175);
#5075=LINE('',#12549,#6176);
#5076=LINE('',#12551,#6177);
#5077=LINE('',#12553,#6178);
#5078=LINE('',#12555,#6179);
#5079=LINE('',#12557,#6180);
#5080=LINE('',#12559,#6181);
#5081=LINE('',#12561,#6182);
#5082=LINE('',#12563,#6183);
#5083=LINE('',#12565,#6184);
#5084=LINE('',#12567,#6185);
#5085=LINE('',#12569,#6186);
#5086=LINE('',#12571,#6187);
#5087=LINE('',#12573,#6188);
#5088=LINE('',#12575,#6189);
#5089=LINE('',#12577,#6190);
#5090=LINE('',#12579,#6191);
#5091=LINE('',#12581,#6192);
#5092=LINE('',#12583,#6193);
#5093=LINE('',#12585,#6194);
#5094=LINE('',#12587,#6195);
#5095=LINE('',#12589,#6196);
#5096=LINE('',#12591,#6197);
#5097=LINE('',#12593,#6198);
#5098=LINE('',#12595,#6199);
#5099=LINE('',#12597,#6200);
#5100=LINE('',#12599,#6201);
#5101=LINE('',#12601,#6202);
#5102=LINE('',#12603,#6203);
#5103=LINE('',#12605,#6204);
#5104=LINE('',#12607,#6205);
#5105=LINE('',#12609,#6206);
#5106=LINE('',#12611,#6207);
#5107=LINE('',#12613,#6208);
#5108=LINE('',#12615,#6209);
#5109=LINE('',#12617,#6210);
#5110=LINE('',#12619,#6211);
#5111=LINE('',#12621,#6212);
#5112=LINE('',#12623,#6213);
#5113=LINE('',#12625,#6214);
#5114=LINE('',#12627,#6215);
#5115=LINE('',#12629,#6216);
#5116=LINE('',#12631,#6217);
#5117=LINE('',#12633,#6218);
#5118=LINE('',#12635,#6219);
#5119=LINE('',#12637,#6220);
#5120=LINE('',#12639,#6221);
#5121=LINE('',#12641,#6222);
#5122=LINE('',#12643,#6223);
#5123=LINE('',#12645,#6224);
#5124=LINE('',#12647,#6225);
#5125=LINE('',#12649,#6226);
#5126=LINE('',#12651,#6227);
#5127=LINE('',#12653,#6228);
#5128=LINE('',#12661,#6229);
#5129=LINE('',#12665,#6230);
#5130=LINE('',#12671,#6231);
#5131=LINE('',#12677,#6232);
#5132=LINE('',#12683,#6233);
#5133=LINE('',#12689,#6234);
#5134=LINE('',#12695,#6235);
#5135=LINE('',#12701,#6236);
#5136=LINE('',#12703,#6237);
#5137=LINE('',#12705,#6238);
#5138=LINE('',#12707,#6239);
#5139=LINE('',#12709,#6240);
#5140=LINE('',#12711,#6241);
#5141=LINE('',#12713,#6242);
#5142=LINE('',#12715,#6243);
#5143=LINE('',#12717,#6244);
#5144=LINE('',#12719,#6245);
#5145=LINE('',#12721,#6246);
#5146=LINE('',#12723,#6247);
#5147=LINE('',#12725,#6248);
#5148=LINE('',#12727,#6249);
#5149=LINE('',#12729,#6250);
#5150=LINE('',#12731,#6251);
#5151=LINE('',#12733,#6252);
#5152=LINE('',#12735,#6253);
#5153=LINE('',#12737,#6254);
#5154=LINE('',#12739,#6255);
#5155=LINE('',#12741,#6256);
#5156=LINE('',#12743,#6257);
#5157=LINE('',#12745,#6258);
#5158=LINE('',#12747,#6259);
#5159=LINE('',#12749,#6260);
#5160=LINE('',#12751,#6261);
#5161=LINE('',#12753,#6262);
#5162=LINE('',#12755,#6263);
#5163=LINE('',#12757,#6264);
#5164=LINE('',#12759,#6265);
#5165=LINE('',#12761,#6266);
#5166=LINE('',#12763,#6267);
#5167=LINE('',#12765,#6268);
#5168=LINE('',#12767,#6269);
#5169=LINE('',#12769,#6270);
#5170=LINE('',#12771,#6271);
#5171=LINE('',#12773,#6272);
#5172=LINE('',#12775,#6273);
#5173=LINE('',#12777,#6274);
#5174=LINE('',#12779,#6275);
#5175=LINE('',#12781,#6276);
#5176=LINE('',#12783,#6277);
#5177=LINE('',#12785,#6278);
#5178=LINE('',#12787,#6279);
#5179=LINE('',#12789,#6280);
#5180=LINE('',#12791,#6281);
#5181=LINE('',#12793,#6282);
#5182=LINE('',#12795,#6283);
#5183=LINE('',#12800,#6284);
#5184=LINE('',#12804,#6285);
#5185=LINE('',#12809,#6286);
#5186=LINE('',#12813,#6287);
#5187=LINE('',#12818,#6288);
#5188=LINE('',#12822,#6289);
#5189=LINE('',#12827,#6290);
#5190=LINE('',#12831,#6291);
#5191=LINE('',#12836,#6292);
#5192=LINE('',#12840,#6293);
#5193=LINE('',#12845,#6294);
#5194=LINE('',#12849,#6295);
#5195=LINE('',#12854,#6296);
#5196=LINE('',#12858,#6297);
#5197=LINE('',#12863,#6298);
#5198=LINE('',#12867,#6299);
#5199=LINE('',#12869,#6300);
#5200=LINE('',#12871,#6301);
#5201=LINE('',#12873,#6302);
#5202=LINE('',#12875,#6303);
#5203=LINE('',#12877,#6304);
#5204=LINE('',#12879,#6305);
#5205=LINE('',#12881,#6306);
#5206=LINE('',#12883,#6307);
#5207=LINE('',#12885,#6308);
#5208=LINE('',#12887,#6309);
#5209=LINE('',#12889,#6310);
#5210=LINE('',#12891,#6311);
#5211=LINE('',#12893,#6312);
#5212=LINE('',#12895,#6313);
#5213=LINE('',#12897,#6314);
#5214=LINE('',#12899,#6315);
#5215=LINE('',#12901,#6316);
#5216=LINE('',#12903,#6317);
#5217=LINE('',#12905,#6318);
#5218=LINE('',#12907,#6319);
#5219=LINE('',#12909,#6320);
#5220=LINE('',#12911,#6321);
#5221=LINE('',#12913,#6322);
#5222=LINE('',#12915,#6323);
#5223=LINE('',#12917,#6324);
#5224=LINE('',#12919,#6325);
#5225=LINE('',#12921,#6326);
#5226=LINE('',#12923,#6327);
#5227=LINE('',#12925,#6328);
#5228=LINE('',#12927,#6329);
#5229=LINE('',#12929,#6330);
#5230=LINE('',#12931,#6331);
#5231=LINE('',#12933,#6332);
#5232=LINE('',#12935,#6333);
#5233=LINE('',#12937,#6334);
#5234=LINE('',#12939,#6335);
#5235=LINE('',#12941,#6336);
#5236=LINE('',#12943,#6337);
#5237=LINE('',#12945,#6338);
#5238=LINE('',#12947,#6339);
#5239=LINE('',#12949,#6340);
#5240=LINE('',#12951,#6341);
#5241=LINE('',#12953,#6342);
#5242=LINE('',#12955,#6343);
#5243=LINE('',#12957,#6344);
#5244=LINE('',#12959,#6345);
#5245=LINE('',#12961,#6346);
#5246=LINE('',#12963,#6347);
#5247=LINE('',#12965,#6348);
#5248=LINE('',#12967,#6349);
#5249=LINE('',#12969,#6350);
#5250=LINE('',#12971,#6351);
#5251=LINE('',#12973,#6352);
#5252=LINE('',#12975,#6353);
#5253=LINE('',#12977,#6354);
#5254=LINE('',#12979,#6355);
#5255=LINE('',#12981,#6356);
#5256=LINE('',#12983,#6357);
#5257=LINE('',#12985,#6358);
#5258=LINE('',#12987,#6359);
#5259=LINE('',#12989,#6360);
#5260=LINE('',#12991,#6361);
#5261=LINE('',#12993,#6362);
#5262=LINE('',#12995,#6363);
#5263=LINE('',#12997,#6364);
#5264=LINE('',#12999,#6365);
#5265=LINE('',#13001,#6366);
#5266=LINE('',#13003,#6367);
#5267=LINE('',#13005,#6368);
#5268=LINE('',#13007,#6369);
#5269=LINE('',#13009,#6370);
#5270=LINE('',#13011,#6371);
#5271=LINE('',#13013,#6372);
#5272=LINE('',#13021,#6373);
#5273=LINE('',#13025,#6374);
#5274=LINE('',#13031,#6375);
#5275=LINE('',#13037,#6376);
#5276=LINE('',#13043,#6377);
#5277=LINE('',#13049,#6378);
#5278=LINE('',#13055,#6379);
#5279=LINE('',#13061,#6380);
#5280=LINE('',#13063,#6381);
#5281=LINE('',#13065,#6382);
#5282=LINE('',#13067,#6383);
#5283=LINE('',#13069,#6384);
#5284=LINE('',#13071,#6385);
#5285=LINE('',#13073,#6386);
#5286=LINE('',#13075,#6387);
#5287=LINE('',#13077,#6388);
#5288=LINE('',#13079,#6389);
#5289=LINE('',#13081,#6390);
#5290=LINE('',#13083,#6391);
#5291=LINE('',#13085,#6392);
#5292=LINE('',#13087,#6393);
#5293=LINE('',#13089,#6394);
#5294=LINE('',#13091,#6395);
#5295=LINE('',#13093,#6396);
#5296=LINE('',#13095,#6397);
#5297=LINE('',#13097,#6398);
#5298=LINE('',#13099,#6399);
#5299=LINE('',#13101,#6400);
#5300=LINE('',#13103,#6401);
#5301=LINE('',#13105,#6402);
#5302=LINE('',#13107,#6403);
#5303=LINE('',#13109,#6404);
#5304=LINE('',#13111,#6405);
#5305=LINE('',#13113,#6406);
#5306=LINE('',#13115,#6407);
#5307=LINE('',#13117,#6408);
#5308=LINE('',#13119,#6409);
#5309=LINE('',#13121,#6410);
#5310=LINE('',#13123,#6411);
#5311=LINE('',#13125,#6412);
#5312=LINE('',#13127,#6413);
#5313=LINE('',#13129,#6414);
#5314=LINE('',#13131,#6415);
#5315=LINE('',#13133,#6416);
#5316=LINE('',#13135,#6417);
#5317=LINE('',#13137,#6418);
#5318=LINE('',#13139,#6419);
#5319=LINE('',#13141,#6420);
#5320=LINE('',#13143,#6421);
#5321=LINE('',#13145,#6422);
#5322=LINE('',#13147,#6423);
#5323=LINE('',#13149,#6424);
#5324=LINE('',#13151,#6425);
#5325=LINE('',#13153,#6426);
#5326=LINE('',#13155,#6427);
#5327=LINE('',#13157,#6428);
#5328=LINE('',#13158,#6429);
#5329=LINE('',#13159,#6430);
#5330=LINE('',#13160,#6431);
#5331=LINE('',#13161,#6432);
#5332=LINE('',#13162,#6433);
#5333=LINE('',#13163,#6434);
#5334=LINE('',#13164,#6435);
#5335=LINE('',#13165,#6436);
#5336=LINE('',#13166,#6437);
#5337=LINE('',#13167,#6438);
#5338=LINE('',#13168,#6439);
#5339=LINE('',#13169,#6440);
#5340=LINE('',#13170,#6441);
#5341=LINE('',#13171,#6442);
#5342=LINE('',#13172,#6443);
#5343=LINE('',#13173,#6444);
#5344=LINE('',#13174,#6445);
#5345=LINE('',#13175,#6446);
#5346=LINE('',#13176,#6447);
#5347=LINE('',#13177,#6448);
#5348=LINE('',#13178,#6449);
#5349=LINE('',#13179,#6450);
#5350=LINE('',#13180,#6451);
#5351=LINE('',#13181,#6452);
#5352=LINE('',#13182,#6453);
#5353=LINE('',#13183,#6454);
#5354=LINE('',#13184,#6455);
#5355=LINE('',#13185,#6456);
#5356=LINE('',#13186,#6457);
#5357=LINE('',#13187,#6458);
#5358=LINE('',#13188,#6459);
#5359=LINE('',#13224,#6460);
#5360=LINE('',#13227,#6461);
#5361=LINE('',#13229,#6462);
#5362=LINE('',#13231,#6463);
#5363=LINE('',#13233,#6464);
#5364=LINE('',#13236,#6465);
#5365=LINE('',#13238,#6466);
#5366=LINE('',#13240,#6467);
#5367=LINE('',#13242,#6468);
#5368=LINE('',#13243,#6469);
#5369=LINE('',#13245,#6470);
#5370=LINE('',#13246,#6471);
#5371=LINE('',#13248,#6472);
#5372=LINE('',#13251,#6473);
#5373=LINE('',#13253,#6474);
#5374=LINE('',#13255,#6475);
#5375=LINE('',#13257,#6476);
#5376=LINE('',#13260,#6477);
#5377=LINE('',#13262,#6478);
#5378=LINE('',#13264,#6479);
#5379=LINE('',#13266,#6480);
#5380=LINE('',#13269,#6481);
#5381=LINE('',#13271,#6482);
#5382=LINE('',#13273,#6483);
#5383=LINE('',#13275,#6484);
#5384=LINE('',#13278,#6485);
#5385=LINE('',#13280,#6486);
#5386=LINE('',#13282,#6487);
#5387=LINE('',#13284,#6488);
#5388=LINE('',#13287,#6489);
#5389=LINE('',#13289,#6490);
#5390=LINE('',#13291,#6491);
#5391=LINE('',#13293,#6492);
#5392=LINE('',#13296,#6493);
#5393=LINE('',#13298,#6494);
#5394=LINE('',#13300,#6495);
#5395=LINE('',#13302,#6496);
#5396=LINE('',#13305,#6497);
#5397=LINE('',#13307,#6498);
#5398=LINE('',#13309,#6499);
#5399=LINE('',#13311,#6500);
#5400=LINE('',#13314,#6501);
#5401=LINE('',#13316,#6502);
#5402=LINE('',#13318,#6503);
#5403=LINE('',#13320,#6504);
#5404=LINE('',#13323,#6505);
#5405=LINE('',#13325,#6506);
#5406=LINE('',#13327,#6507);
#5407=LINE('',#13329,#6508);
#5408=LINE('',#13332,#6509);
#5409=LINE('',#13334,#6510);
#5410=LINE('',#13336,#6511);
#5411=LINE('',#13338,#6512);
#5412=LINE('',#13341,#6513);
#5413=LINE('',#13343,#6514);
#5414=LINE('',#13345,#6515);
#5415=LINE('',#13347,#6516);
#5416=LINE('',#13350,#6517);
#5417=LINE('',#13352,#6518);
#5418=LINE('',#13354,#6519);
#5419=LINE('',#13356,#6520);
#5420=LINE('',#13359,#6521);
#5421=LINE('',#13361,#6522);
#5422=LINE('',#13363,#6523);
#5423=LINE('',#13365,#6524);
#5424=LINE('',#13368,#6525);
#5425=LINE('',#13370,#6526);
#5426=LINE('',#13372,#6527);
#5427=LINE('',#13374,#6528);
#5428=LINE('',#13377,#6529);
#5429=LINE('',#13379,#6530);
#5430=LINE('',#13381,#6531);
#5431=LINE('',#13383,#6532);
#5432=LINE('',#13386,#6533);
#5433=LINE('',#13388,#6534);
#5434=LINE('',#13390,#6535);
#5435=LINE('',#13392,#6536);
#5436=LINE('',#13393,#6537);
#5437=LINE('',#13395,#6538);
#5438=LINE('',#13396,#6539);
#5439=LINE('',#13398,#6540);
#5440=LINE('',#13399,#6541);
#5441=LINE('',#13401,#6542);
#5442=LINE('',#13402,#6543);
#5443=LINE('',#13404,#6544);
#5444=LINE('',#13405,#6545);
#5445=LINE('',#13407,#6546);
#5446=LINE('',#13408,#6547);
#5447=LINE('',#13410,#6548);
#5448=LINE('',#13411,#6549);
#5449=LINE('',#13413,#6550);
#5450=LINE('',#13414,#6551);
#5451=LINE('',#13416,#6552);
#5452=LINE('',#13419,#6553);
#5453=LINE('',#13421,#6554);
#5454=LINE('',#13423,#6555);
#5455=LINE('',#13425,#6556);
#5456=LINE('',#13428,#6557);
#5457=LINE('',#13430,#6558);
#5458=LINE('',#13432,#6559);
#5459=LINE('',#13434,#6560);
#5460=LINE('',#13437,#6561);
#5461=LINE('',#13439,#6562);
#5462=LINE('',#13441,#6563);
#5463=LINE('',#13443,#6564);
#5464=LINE('',#13446,#6565);
#5465=LINE('',#13448,#6566);
#5466=LINE('',#13450,#6567);
#5467=LINE('',#13452,#6568);
#5468=LINE('',#13455,#6569);
#5469=LINE('',#13457,#6570);
#5470=LINE('',#13459,#6571);
#5471=LINE('',#13461,#6572);
#5472=LINE('',#13464,#6573);
#5473=LINE('',#13466,#6574);
#5474=LINE('',#13468,#6575);
#5475=LINE('',#13470,#6576);
#5476=LINE('',#13473,#6577);
#5477=LINE('',#13475,#6578);
#5478=LINE('',#13477,#6579);
#5479=LINE('',#13479,#6580);
#5480=LINE('',#13482,#6581);
#5481=LINE('',#13484,#6582);
#5482=LINE('',#13486,#6583);
#5483=LINE('',#13488,#6584);
#5484=LINE('',#13491,#6585);
#5485=LINE('',#13493,#6586);
#5486=LINE('',#13495,#6587);
#5487=LINE('',#13497,#6588);
#5488=LINE('',#13500,#6589);
#5489=LINE('',#13502,#6590);
#5490=LINE('',#13504,#6591);
#5491=LINE('',#13506,#6592);
#5492=LINE('',#13509,#6593);
#5493=LINE('',#13511,#6594);
#5494=LINE('',#13513,#6595);
#5495=LINE('',#13515,#6596);
#5496=LINE('',#13518,#6597);
#5497=LINE('',#13520,#6598);
#5498=LINE('',#13522,#6599);
#5499=LINE('',#13524,#6600);
#5500=LINE('',#13527,#6601);
#5501=LINE('',#13529,#6602);
#5502=LINE('',#13531,#6603);
#5503=LINE('',#13533,#6604);
#5504=LINE('',#13536,#6605);
#5505=LINE('',#13538,#6606);
#5506=LINE('',#13540,#6607);
#5507=LINE('',#13542,#6608);
#5508=LINE('',#13545,#6609);
#5509=LINE('',#13547,#6610);
#5510=LINE('',#13549,#6611);
#5511=LINE('',#13551,#6612);
#5512=LINE('',#13554,#6613);
#5513=LINE('',#13556,#6614);
#5514=LINE('',#13558,#6615);
#5515=LINE('',#13560,#6616);
#5516=LINE('',#13561,#6617);
#5517=LINE('',#13563,#6618);
#5518=LINE('',#13564,#6619);
#5519=LINE('',#13566,#6620);
#5520=LINE('',#13567,#6621);
#5521=LINE('',#13569,#6622);
#5522=LINE('',#13570,#6623);
#5523=LINE('',#13572,#6624);
#5524=LINE('',#13573,#6625);
#5525=LINE('',#13575,#6626);
#5526=LINE('',#13576,#6627);
#5527=LINE('',#13578,#6628);
#5528=LINE('',#13579,#6629);
#5529=LINE('',#13581,#6630);
#5530=LINE('',#13582,#6631);
#5531=LINE('',#13584,#6632);
#5532=LINE('',#13586,#6633);
#5533=LINE('',#13588,#6634);
#5534=LINE('',#13589,#6635);
#5535=LINE('',#13590,#6636);
#5536=LINE('',#13591,#6637);
#5537=LINE('',#13592,#6638);
#5538=LINE('',#13593,#6639);
#5539=LINE('',#13594,#6640);
#5540=LINE('',#13595,#6641);
#5541=LINE('',#13596,#6642);
#5542=LINE('',#13597,#6643);
#5543=LINE('',#13598,#6644);
#5544=LINE('',#13599,#6645);
#5545=LINE('',#13600,#6646);
#5546=LINE('',#13601,#6647);
#5547=LINE('',#13602,#6648);
#5548=LINE('',#13603,#6649);
#5549=LINE('',#13604,#6650);
#5550=LINE('',#13605,#6651);
#5551=LINE('',#13606,#6652);
#5552=LINE('',#13607,#6653);
#5553=LINE('',#13608,#6654);
#5554=LINE('',#13609,#6655);
#5555=LINE('',#13610,#6656);
#5556=LINE('',#13611,#6657);
#5557=LINE('',#13612,#6658);
#5558=LINE('',#13613,#6659);
#5559=LINE('',#13614,#6660);
#5560=LINE('',#13615,#6661);
#5561=LINE('',#13616,#6662);
#5562=LINE('',#13617,#6663);
#5563=VECTOR('',#9089,39.3700787401575);
#5564=VECTOR('',#9090,39.3700787401575);
#5565=VECTOR('',#9091,39.3700787401575);
#5566=VECTOR('',#9092,39.3700787401575);
#5567=VECTOR('',#9093,39.3700787401575);
#5568=VECTOR('',#9094,39.3700787401575);
#5569=VECTOR('',#9095,39.3700787401575);
#5570=VECTOR('',#9096,39.3700787401575);
#5571=VECTOR('',#9099,39.3700787401575);
#5572=VECTOR('',#9100,39.3700787401575);
#5573=VECTOR('',#9101,39.3700787401575);
#5574=VECTOR('',#9102,39.3700787401575);
#5575=VECTOR('',#9103,39.3700787401575);
#5576=VECTOR('',#9104,39.3700787401575);
#5577=VECTOR('',#9105,39.3700787401575);
#5578=VECTOR('',#9106,39.3700787401575);
#5579=VECTOR('',#9109,39.3700787401575);
#5580=VECTOR('',#9110,39.3700787401575);
#5581=VECTOR('',#9113,39.3700787401575);
#5582=VECTOR('',#9114,39.3700787401575);
#5583=VECTOR('',#9115,39.3700787401575);
#5584=VECTOR('',#9116,39.3700787401575);
#5585=VECTOR('',#9117,39.3700787401575);
#5586=VECTOR('',#9118,39.3700787401575);
#5587=VECTOR('',#9119,39.3700787401575);
#5588=VECTOR('',#9120,39.3700787401575);
#5589=VECTOR('',#9123,39.3700787401575);
#5590=VECTOR('',#9124,39.3700787401575);
#5591=VECTOR('',#9125,39.3700787401575);
#5592=VECTOR('',#9126,39.3700787401575);
#5593=VECTOR('',#9127,39.3700787401575);
#5594=VECTOR('',#9128,39.3700787401575);
#5595=VECTOR('',#9129,39.3700787401575);
#5596=VECTOR('',#9130,39.3700787401575);
#5597=VECTOR('',#9133,39.3700787401575);
#5598=VECTOR('',#9134,39.3700787401575);
#5599=VECTOR('',#9139,39.3700787401575);
#5600=VECTOR('',#9142,39.3700787401575);
#5601=VECTOR('',#9145,39.3700787401575);
#5602=VECTOR('',#9148,39.3700787401575);
#5603=VECTOR('',#9149,39.3700787401575);
#5604=VECTOR('',#9150,39.3700787401575);
#5605=VECTOR('',#9151,39.3700787401575);
#5606=VECTOR('',#9152,39.3700787401575);
#5607=VECTOR('',#9155,39.3700787401575);
#5608=VECTOR('',#9156,39.3700787401575);
#5609=VECTOR('',#9157,39.3700787401575);
#5610=VECTOR('',#9158,39.3700787401575);
#5611=VECTOR('',#9161,39.3700787401575);
#5612=VECTOR('',#9162,39.3700787401575);
#5613=VECTOR('',#9163,39.3700787401575);
#5614=VECTOR('',#9164,39.3700787401575);
#5615=VECTOR('',#9165,39.3700787401575);
#5616=VECTOR('',#9168,39.3700787401575);
#5617=VECTOR('',#9169,39.3700787401575);
#5618=VECTOR('',#9170,39.3700787401575);
#5619=VECTOR('',#9171,39.3700787401575);
#5620=VECTOR('',#9172,39.3700787401575);
#5621=VECTOR('',#9175,39.3700787401575);
#5622=VECTOR('',#9176,39.3700787401575);
#5623=VECTOR('',#9177,39.3700787401575);
#5624=VECTOR('',#9180,39.3700787401575);
#5625=VECTOR('',#9181,39.3700787401575);
#5626=VECTOR('',#9182,39.3700787401575);
#5627=VECTOR('',#9183,39.3700787401575);
#5628=VECTOR('',#9188,39.3700787401575);
#5629=VECTOR('',#9189,39.3700787401575);
#5630=VECTOR('',#9192,39.3700787401575);
#5631=VECTOR('',#9193,39.3700787401575);
#5632=VECTOR('',#9194,39.3700787401575);
#5633=VECTOR('',#9197,39.3700787401575);
#5634=VECTOR('',#9198,39.3700787401575);
#5635=VECTOR('',#9201,39.3700787401575);
#5636=VECTOR('',#9202,39.3700787401575);
#5637=VECTOR('',#9205,39.3700787401575);
#5638=VECTOR('',#9206,39.3700787401575);
#5639=VECTOR('',#9207,39.3700787401575);
#5640=VECTOR('',#9208,39.3700787401575);
#5641=VECTOR('',#9209,39.3700787401575);
#5642=VECTOR('',#9210,39.3700787401575);
#5643=VECTOR('',#9213,39.3700787401575);
#5644=VECTOR('',#9214,39.3700787401575);
#5645=VECTOR('',#9215,39.3700787401575);
#5646=VECTOR('',#9216,39.3700787401575);
#5647=VECTOR('',#9217,39.3700787401575);
#5648=VECTOR('',#9218,39.3700787401575);
#5649=VECTOR('',#9221,39.3700787401575);
#5650=VECTOR('',#9222,39.3700787401575);
#5651=VECTOR('',#9223,39.3700787401575);
#5652=VECTOR('',#9224,39.3700787401575);
#5653=VECTOR('',#9225,39.3700787401575);
#5654=VECTOR('',#9226,39.3700787401575);
#5655=VECTOR('',#9229,39.3700787401575);
#5656=VECTOR('',#9230,39.3700787401575);
#5657=VECTOR('',#9231,39.3700787401575);
#5658=VECTOR('',#9232,39.3700787401575);
#5659=VECTOR('',#9233,39.3700787401575);
#5660=VECTOR('',#9234,39.3700787401575);
#5661=VECTOR('',#9237,39.3700787401575);
#5662=VECTOR('',#9238,39.3700787401575);
#5663=VECTOR('',#9241,39.3700787401575);
#5664=VECTOR('',#9242,39.3700787401575);
#5665=VECTOR('',#9245,39.3700787401575);
#5666=VECTOR('',#9246,39.3700787401575);
#5667=VECTOR('',#9247,39.3700787401575);
#5668=VECTOR('',#9248,39.3700787401575);
#5669=VECTOR('',#9249,39.3700787401575);
#5670=VECTOR('',#9250,39.3700787401575);
#5671=VECTOR('',#9253,39.3700787401575);
#5672=VECTOR('',#9254,39.3700787401575);
#5673=VECTOR('',#9255,39.3700787401575);
#5674=VECTOR('',#9256,39.3700787401575);
#5675=VECTOR('',#9257,39.3700787401575);
#5676=VECTOR('',#9258,39.3700787401575);
#5677=VECTOR('',#9261,39.3700787401575);
#5678=VECTOR('',#9262,39.3700787401575);
#5679=VECTOR('',#9263,39.3700787401575);
#5680=VECTOR('',#9264,39.3700787401575);
#5681=VECTOR('',#9265,39.3700787401575);
#5682=VECTOR('',#9266,39.3700787401575);
#5683=VECTOR('',#9269,39.3700787401575);
#5684=VECTOR('',#9270,39.3700787401575);
#5685=VECTOR('',#9271,39.3700787401575);
#5686=VECTOR('',#9272,39.3700787401575);
#5687=VECTOR('',#9273,39.3700787401575);
#5688=VECTOR('',#9274,39.3700787401575);
#5689=VECTOR('',#9277,39.3700787401575);
#5690=VECTOR('',#9278,39.3700787401575);
#5691=VECTOR('',#9281,39.3700787401575);
#5692=VECTOR('',#9282,39.3700787401575);
#5693=VECTOR('',#9285,39.3700787401575);
#5694=VECTOR('',#9286,39.3700787401575);
#5695=VECTOR('',#9287,39.3700787401575);
#5696=VECTOR('',#9288,39.3700787401575);
#5697=VECTOR('',#9289,39.3700787401575);
#5698=VECTOR('',#9290,39.3700787401575);
#5699=VECTOR('',#9293,39.3700787401575);
#5700=VECTOR('',#9294,39.3700787401575);
#5701=VECTOR('',#9295,39.3700787401575);
#5702=VECTOR('',#9296,39.3700787401575);
#5703=VECTOR('',#9297,39.3700787401575);
#5704=VECTOR('',#9298,39.3700787401575);
#5705=VECTOR('',#9301,39.3700787401575);
#5706=VECTOR('',#9302,39.3700787401575);
#5707=VECTOR('',#9303,39.3700787401575);
#5708=VECTOR('',#9304,39.3700787401575);
#5709=VECTOR('',#9305,39.3700787401575);
#5710=VECTOR('',#9306,39.3700787401575);
#5711=VECTOR('',#9309,39.3700787401575);
#5712=VECTOR('',#9310,39.3700787401575);
#5713=VECTOR('',#9311,39.3700787401575);
#5714=VECTOR('',#9312,39.3700787401575);
#5715=VECTOR('',#9313,39.3700787401575);
#5716=VECTOR('',#9314,39.3700787401575);
#5717=VECTOR('',#9317,39.3700787401575);
#5718=VECTOR('',#9318,39.3700787401575);
#5719=VECTOR('',#9321,39.3700787401575);
#5720=VECTOR('',#9322,39.3700787401575);
#5721=VECTOR('',#9325,39.3700787401575);
#5722=VECTOR('',#9326,39.3700787401575);
#5723=VECTOR('',#9327,39.3700787401575);
#5724=VECTOR('',#9328,39.3700787401575);
#5725=VECTOR('',#9329,39.3700787401575);
#5726=VECTOR('',#9330,39.3700787401575);
#5727=VECTOR('',#9333,39.3700787401575);
#5728=VECTOR('',#9334,39.3700787401575);
#5729=VECTOR('',#9335,39.3700787401575);
#5730=VECTOR('',#9336,39.3700787401575);
#5731=VECTOR('',#9337,39.3700787401575);
#5732=VECTOR('',#9338,39.3700787401575);
#5733=VECTOR('',#9341,39.3700787401575);
#5734=VECTOR('',#9342,39.3700787401575);
#5735=VECTOR('',#9345,39.3700787401575);
#5736=VECTOR('',#9346,39.3700787401575);
#5737=VECTOR('',#9347,39.3700787401575);
#5738=VECTOR('',#9348,39.3700787401575);
#5739=VECTOR('',#9349,39.3700787401575);
#5740=VECTOR('',#9350,39.3700787401575);
#5741=VECTOR('',#9353,39.3700787401575);
#5742=VECTOR('',#9354,39.3700787401575);
#5743=VECTOR('',#9355,39.3700787401575);
#5744=VECTOR('',#9356,39.3700787401575);
#5745=VECTOR('',#9357,39.3700787401575);
#5746=VECTOR('',#9358,39.3700787401575);
#5747=VECTOR('',#9361,39.3700787401575);
#5748=VECTOR('',#9362,39.3700787401575);
#5749=VECTOR('',#9365,39.3700787401575);
#5750=VECTOR('',#9366,39.3700787401575);
#5751=VECTOR('',#9367,39.3700787401575);
#5752=VECTOR('',#9368,39.3700787401575);
#5753=VECTOR('',#9369,39.3700787401575);
#5754=VECTOR('',#9370,39.3700787401575);
#5755=VECTOR('',#9373,39.3700787401575);
#5756=VECTOR('',#9374,39.3700787401575);
#5757=VECTOR('',#9375,39.3700787401575);
#5758=VECTOR('',#9376,39.3700787401575);
#5759=VECTOR('',#9377,39.3700787401575);
#5760=VECTOR('',#9378,39.3700787401575);
#5761=VECTOR('',#9381,39.3700787401575);
#5762=VECTOR('',#9382,39.3700787401575);
#5763=VECTOR('',#9383,39.3700787401575);
#5764=VECTOR('',#9384,39.3700787401575);
#5765=VECTOR('',#9385,39.3700787401575);
#5766=VECTOR('',#9386,39.3700787401575);
#5767=VECTOR('',#9389,39.3700787401575);
#5768=VECTOR('',#9390,39.3700787401575);
#5769=VECTOR('',#9391,39.3700787401575);
#5770=VECTOR('',#9392,39.3700787401575);
#5771=VECTOR('',#9393,39.3700787401575);
#5772=VECTOR('',#9394,39.3700787401575);
#5773=VECTOR('',#9397,39.3700787401575);
#5774=VECTOR('',#9398,39.3700787401575);
#5775=VECTOR('',#9401,39.3700787401575);
#5776=VECTOR('',#9402,39.3700787401575);
#5777=VECTOR('',#9405,39.3700787401575);
#5778=VECTOR('',#9406,39.3700787401575);
#5779=VECTOR('',#9407,39.3700787401575);
#5780=VECTOR('',#9408,39.3700787401575);
#5781=VECTOR('',#9411,39.3700787401575);
#5782=VECTOR('',#9412,39.3700787401575);
#5783=VECTOR('',#9413,39.3700787401575);
#5784=VECTOR('',#9414,39.3700787401575);
#5785=VECTOR('',#9417,39.3700787401575);
#5786=VECTOR('',#9418,39.3700787401575);
#5787=VECTOR('',#9419,39.3700787401575);
#5788=VECTOR('',#9420,39.3700787401575);
#5789=VECTOR('',#9423,39.3700787401575);
#5790=VECTOR('',#9424,39.3700787401575);
#5791=VECTOR('',#9425,39.3700787401575);
#5792=VECTOR('',#9426,39.3700787401575);
#5793=VECTOR('',#9429,39.3700787401575);
#5794=VECTOR('',#9430,39.3700787401575);
#5795=VECTOR('',#9433,39.3700787401575);
#5796=VECTOR('',#9434,39.3700787401575);
#5797=VECTOR('',#9437,39.3700787401575);
#5798=VECTOR('',#9438,39.3700787401575);
#5799=VECTOR('',#9441,39.3700787401575);
#5800=VECTOR('',#9442,39.3700787401575);
#5801=VECTOR('',#9445,39.3700787401575);
#5802=VECTOR('',#9446,39.3700787401575);
#5803=VECTOR('',#9447,39.3700787401575);
#5804=VECTOR('',#9450,39.3700787401575);
#5805=VECTOR('',#9451,39.3700787401575);
#5806=VECTOR('',#9454,39.3700787401575);
#5807=VECTOR('',#9455,39.3700787401575);
#5808=VECTOR('',#9458,39.3700787401575);
#5809=VECTOR('',#9459,39.3700787401575);
#5810=VECTOR('',#9460,39.3700787401575);
#5811=VECTOR('',#9463,39.3700787401575);
#5812=VECTOR('',#9464,39.3700787401575);
#5813=VECTOR('',#9465,39.3700787401575);
#5814=VECTOR('',#9468,39.3700787401575);
#5815=VECTOR('',#9469,39.3700787401575);
#5816=VECTOR('',#9472,39.3700787401575);
#5817=VECTOR('',#9473,39.3700787401575);
#5818=VECTOR('',#9476,39.3700787401575);
#5819=VECTOR('',#9477,39.3700787401575);
#5820=VECTOR('',#9478,39.3700787401575);
#5821=VECTOR('',#9481,39.3700787401575);
#5822=VECTOR('',#9482,39.3700787401575);
#5823=VECTOR('',#9483,39.3700787401575);
#5824=VECTOR('',#9486,39.3700787401575);
#5825=VECTOR('',#9487,39.3700787401575);
#5826=VECTOR('',#9490,39.3700787401575);
#5827=VECTOR('',#9491,39.3700787401575);
#5828=VECTOR('',#9494,39.3700787401575);
#5829=VECTOR('',#9495,39.3700787401575);
#5830=VECTOR('',#9496,39.3700787401575);
#5831=VECTOR('',#9499,39.3700787401575);
#5832=VECTOR('',#9500,39.3700787401575);
#5833=VECTOR('',#9501,39.3700787401575);
#5834=VECTOR('',#9502,39.3700787401575);
#5835=VECTOR('',#9503,39.3700787401575);
#5836=VECTOR('',#9504,39.3700787401575);
#5837=VECTOR('',#9505,39.3700787401575);
#5838=VECTOR('',#9506,39.3700787401575);
#5839=VECTOR('',#9507,39.3700787401575);
#5840=VECTOR('',#9508,39.3700787401575);
#5841=VECTOR('',#9509,39.3700787401575);
#5842=VECTOR('',#9510,39.3700787401575);
#5843=VECTOR('',#9511,39.3700787401575);
#5844=VECTOR('',#9512,39.3700787401575);
#5845=VECTOR('',#9513,39.3700787401575);
#5846=VECTOR('',#9514,39.3700787401575);
#5847=VECTOR('',#9515,39.3700787401575);
#5848=VECTOR('',#9516,39.3700787401575);
#5849=VECTOR('',#9517,39.3700787401575);
#5850=VECTOR('',#9518,39.3700787401575);
#5851=VECTOR('',#9519,39.3700787401575);
#5852=VECTOR('',#9520,39.3700787401575);
#5853=VECTOR('',#9521,39.3700787401575);
#5854=VECTOR('',#9522,39.3700787401575);
#5855=VECTOR('',#9523,39.3700787401575);
#5856=VECTOR('',#9524,39.3700787401575);
#5857=VECTOR('',#9525,39.3700787401575);
#5858=VECTOR('',#9526,39.3700787401575);
#5859=VECTOR('',#9527,39.3700787401575);
#5860=VECTOR('',#9528,39.3700787401575);
#5861=VECTOR('',#9529,39.3700787401575);
#5862=VECTOR('',#9530,39.3700787401575);
#5863=VECTOR('',#9533,39.3700787401575);
#5864=VECTOR('',#9534,39.3700787401575);
#5865=VECTOR('',#9537,39.3700787401575);
#5866=VECTOR('',#9538,39.3700787401575);
#5867=VECTOR('',#9541,39.3700787401575);
#5868=VECTOR('',#9542,39.3700787401575);
#5869=VECTOR('',#9543,39.3700787401575);
#5870=VECTOR('',#9544,39.3700787401575);
#5871=VECTOR('',#9545,39.3700787401575);
#5872=VECTOR('',#9546,39.3700787401575);
#5873=VECTOR('',#9547,39.3700787401575);
#5874=VECTOR('',#9548,39.3700787401575);
#5875=VECTOR('',#9549,39.3700787401575);
#5876=VECTOR('',#9550,39.3700787401575);
#5877=VECTOR('',#9551,39.3700787401575);
#5878=VECTOR('',#9552,39.3700787401575);
#5879=VECTOR('',#9553,39.3700787401575);
#5880=VECTOR('',#9554,39.3700787401575);
#5881=VECTOR('',#9555,39.3700787401575);
#5882=VECTOR('',#9556,39.3700787401575);
#5883=VECTOR('',#9557,39.3700787401575);
#5884=VECTOR('',#9558,39.3700787401575);
#5885=VECTOR('',#9559,39.3700787401575);
#5886=VECTOR('',#9560,39.3700787401575);
#5887=VECTOR('',#9561,39.3700787401575);
#5888=VECTOR('',#9562,39.3700787401575);
#5889=VECTOR('',#9563,39.3700787401575);
#5890=VECTOR('',#9564,39.3700787401575);
#5891=VECTOR('',#9565,39.3700787401575);
#5892=VECTOR('',#9566,39.3700787401575);
#5893=VECTOR('',#9567,39.3700787401575);
#5894=VECTOR('',#9568,39.3700787401575);
#5895=VECTOR('',#9569,39.3700787401575);
#5896=VECTOR('',#9570,39.3700787401575);
#5897=VECTOR('',#9571,39.3700787401575);
#5898=VECTOR('',#9572,39.3700787401575);
#5899=VECTOR('',#9573,39.3700787401575);
#5900=VECTOR('',#9574,39.3700787401575);
#5901=VECTOR('',#9575,39.3700787401575);
#5902=VECTOR('',#9576,39.3700787401575);
#5903=VECTOR('',#9577,39.3700787401575);
#5904=VECTOR('',#9578,39.3700787401575);
#5905=VECTOR('',#9579,39.3700787401575);
#5906=VECTOR('',#9580,39.3700787401575);
#5907=VECTOR('',#9581,39.3700787401575);
#5908=VECTOR('',#9582,39.3700787401575);
#5909=VECTOR('',#9583,39.3700787401575);
#5910=VECTOR('',#9584,39.3700787401575);
#5911=VECTOR('',#9585,39.3700787401575);
#5912=VECTOR('',#9586,39.3700787401575);
#5913=VECTOR('',#9587,39.3700787401575);
#5914=VECTOR('',#9588,39.3700787401575);
#5915=VECTOR('',#9589,39.3700787401575);
#5916=VECTOR('',#9590,39.3700787401575);
#5917=VECTOR('',#9591,39.3700787401575);
#5918=VECTOR('',#9592,39.3700787401575);
#5919=VECTOR('',#9593,39.3700787401575);
#5920=VECTOR('',#9594,39.3700787401575);
#5921=VECTOR('',#9595,39.3700787401575);
#5922=VECTOR('',#9596,39.3700787401575);
#5923=VECTOR('',#9597,39.3700787401575);
#5924=VECTOR('',#9598,39.3700787401575);
#5925=VECTOR('',#9599,39.3700787401575);
#5926=VECTOR('',#9600,39.3700787401575);
#5927=VECTOR('',#9601,39.3700787401575);
#5928=VECTOR('',#9602,39.3700787401575);
#5929=VECTOR('',#9603,39.3700787401575);
#5930=VECTOR('',#9604,39.3700787401575);
#5931=VECTOR('',#9605,39.3700787401575);
#5932=VECTOR('',#9606,39.3700787401575);
#5933=VECTOR('',#9607,39.3700787401575);
#5934=VECTOR('',#9608,39.3700787401575);
#5935=VECTOR('',#9609,39.3700787401575);
#5936=VECTOR('',#9610,39.3700787401575);
#5937=VECTOR('',#9611,39.3700787401575);
#5938=VECTOR('',#9612,39.3700787401575);
#5939=VECTOR('',#9613,39.3700787401575);
#5940=VECTOR('',#9614,39.3700787401575);
#5941=VECTOR('',#9615,39.3700787401575);
#5942=VECTOR('',#9616,39.3700787401575);
#5943=VECTOR('',#9617,39.3700787401575);
#5944=VECTOR('',#9618,39.3700787401575);
#5945=VECTOR('',#9619,39.3700787401575);
#5946=VECTOR('',#9620,39.3700787401575);
#5947=VECTOR('',#9621,39.3700787401575);
#5948=VECTOR('',#9622,39.3700787401575);
#5949=VECTOR('',#9623,39.3700787401575);
#5950=VECTOR('',#9624,39.3700787401575);
#5951=VECTOR('',#9625,39.3700787401575);
#5952=VECTOR('',#9626,39.3700787401575);
#5953=VECTOR('',#9627,39.3700787401575);
#5954=VECTOR('',#9628,39.3700787401575);
#5955=VECTOR('',#9629,39.3700787401575);
#5956=VECTOR('',#9630,39.3700787401575);
#5957=VECTOR('',#9631,39.3700787401575);
#5958=VECTOR('',#9632,39.3700787401575);
#5959=VECTOR('',#9633,39.3700787401575);
#5960=VECTOR('',#9636,39.3700787401575);
#5961=VECTOR('',#9639,39.3700787401575);
#5962=VECTOR('',#9642,39.3700787401575);
#5963=VECTOR('',#9649,39.3700787401575);
#5964=VECTOR('',#9650,39.3700787401575);
#5965=VECTOR('',#9651,39.3700787401575);
#5966=VECTOR('',#9654,39.3700787401575);
#5967=VECTOR('',#9659,39.3700787401575);
#5968=VECTOR('',#9660,39.3700787401575);
#5969=VECTOR('',#9661,39.3700787401575);
#5970=VECTOR('',#9664,39.3700787401575);
#5971=VECTOR('',#9665,39.3700787401575);
#5972=VECTOR('',#9666,39.3700787401575);
#5973=VECTOR('',#9669,39.3700787401575);
#5974=VECTOR('',#9676,39.3700787401575);
#5975=VECTOR('',#9679,39.3700787401575);
#5976=VECTOR('',#9686,39.3700787401575);
#5977=VECTOR('',#9689,39.3700787401575);
#5978=VECTOR('',#9700,39.3700787401575);
#5979=VECTOR('',#9701,39.3700787401575);
#5980=VECTOR('',#9704,39.3700787401575);
#5981=VECTOR('',#9707,39.3700787401575);
#5982=VECTOR('',#9710,39.3700787401575);
#5983=VECTOR('',#9713,39.3700787401575);
#5984=VECTOR('',#9716,39.3700787401575);
#5985=VECTOR('',#9719,39.3700787401575);
#5986=VECTOR('',#9772,39.3700787401575);
#5987=VECTOR('',#9777,39.3700787401575);
#5988=VECTOR('',#9786,39.3700787401575);
#5989=VECTOR('',#9787,39.3700787401575);
#5990=VECTOR('',#9788,39.3700787401575);
#5991=VECTOR('',#9791,39.3700787401575);
#5992=VECTOR('',#9792,39.3700787401575);
#5993=VECTOR('',#9795,39.3700787401575);
#5994=VECTOR('',#9796,39.3700787401575);
#5995=VECTOR('',#9799,39.3700787401575);
#5996=VECTOR('',#9800,39.3700787401575);
#5997=VECTOR('',#9803,39.3700787401575);
#5998=VECTOR('',#9808,39.3700787401575);
#5999=VECTOR('',#9809,39.3700787401575);
#6000=VECTOR('',#9810,39.3700787401575);
#6001=VECTOR('',#9813,39.3700787401575);
#6002=VECTOR('',#9814,39.3700787401575);
#6003=VECTOR('',#9817,39.3700787401575);
#6004=VECTOR('',#9818,39.3700787401575);
#6005=VECTOR('',#9821,39.3700787401575);
#6006=VECTOR('',#9822,39.3700787401575);
#6007=VECTOR('',#9825,39.3700787401575);
#6008=VECTOR('',#9830,39.3700787401575);
#6009=VECTOR('',#9831,39.3700787401575);
#6010=VECTOR('',#9832,39.3700787401575);
#6011=VECTOR('',#9835,39.3700787401575);
#6012=VECTOR('',#9836,39.3700787401575);
#6013=VECTOR('',#9839,39.3700787401575);
#6014=VECTOR('',#9840,39.3700787401575);
#6015=VECTOR('',#9843,39.3700787401575);
#6016=VECTOR('',#9844,39.3700787401575);
#6017=VECTOR('',#9847,39.3700787401575);
#6018=VECTOR('',#9848,39.3700787401575);
#6019=VECTOR('',#9851,39.3700787401575);
#6020=VECTOR('',#9856,39.3700787401575);
#6021=VECTOR('',#9857,39.3700787401575);
#6022=VECTOR('',#9858,39.3700787401575);
#6023=VECTOR('',#9861,39.3700787401575);
#6024=VECTOR('',#9862,39.3700787401575);
#6025=VECTOR('',#9865,39.3700787401575);
#6026=VECTOR('',#9866,39.3700787401575);
#6027=VECTOR('',#9869,39.3700787401575);
#6028=VECTOR('',#9870,39.3700787401575);
#6029=VECTOR('',#9873,39.3700787401575);
#6030=VECTOR('',#9874,39.3700787401575);
#6031=VECTOR('',#9877,39.3700787401575);
#6032=VECTOR('',#9882,39.3700787401575);
#6033=VECTOR('',#9883,39.3700787401575);
#6034=VECTOR('',#9884,39.3700787401575);
#6035=VECTOR('',#9887,39.3700787401575);
#6036=VECTOR('',#9888,39.3700787401575);
#6037=VECTOR('',#9891,39.3700787401575);
#6038=VECTOR('',#9892,39.3700787401575);
#6039=VECTOR('',#9895,39.3700787401575);
#6040=VECTOR('',#9900,39.3700787401575);
#6041=VECTOR('',#9901,39.3700787401575);
#6042=VECTOR('',#9902,39.3700787401575);
#6043=VECTOR('',#9905,39.3700787401575);
#6044=VECTOR('',#9906,39.3700787401575);
#6045=VECTOR('',#9909,39.3700787401575);
#6046=VECTOR('',#9910,39.3700787401575);
#6047=VECTOR('',#9913,39.3700787401575);
#6048=VECTOR('',#9918,39.3700787401575);
#6049=VECTOR('',#9919,39.3700787401575);
#6050=VECTOR('',#9920,39.3700787401575);
#6051=VECTOR('',#9923,39.3700787401575);
#6052=VECTOR('',#9924,39.3700787401575);
#6053=VECTOR('',#9927,39.3700787401575);
#6054=VECTOR('',#9928,39.3700787401575);
#6055=VECTOR('',#9931,39.3700787401575);
#6056=VECTOR('',#9936,39.3700787401575);
#6057=VECTOR('',#9937,39.3700787401575);
#6058=VECTOR('',#9938,39.3700787401575);
#6059=VECTOR('',#9941,39.3700787401575);
#6060=VECTOR('',#9942,39.3700787401575);
#6061=VECTOR('',#9945,39.3700787401575);
#6062=VECTOR('',#9946,39.3700787401575);
#6063=VECTOR('',#9949,39.3700787401575);
#6064=VECTOR('',#9954,39.3700787401575);
#6065=VECTOR('',#9955,39.3700787401575);
#6066=VECTOR('',#9956,39.3700787401575);
#6067=VECTOR('',#9959,39.3700787401575);
#6068=VECTOR('',#9960,39.3700787401575);
#6069=VECTOR('',#9963,39.3700787401575);
#6070=VECTOR('',#9964,39.3700787401575);
#6071=VECTOR('',#9967,39.3700787401575);
#6072=VECTOR('',#9972,39.3700787401575);
#6073=VECTOR('',#9973,39.3700787401575);
#6074=VECTOR('',#9974,39.3700787401575);
#6075=VECTOR('',#9977,39.3700787401575);
#6076=VECTOR('',#9978,39.3700787401575);
#6077=VECTOR('',#9981,39.3700787401575);
#6078=VECTOR('',#9982,39.3700787401575);
#6079=VECTOR('',#9985,39.3700787401575);
#6080=VECTOR('',#9990,39.3700787401575);
#6081=VECTOR('',#9991,39.3700787401575);
#6082=VECTOR('',#9992,39.3700787401575);
#6083=VECTOR('',#9995,39.3700787401575);
#6084=VECTOR('',#9996,39.3700787401575);
#6085=VECTOR('',#9999,39.3700787401575);
#6086=VECTOR('',#10000,39.3700787401575);
#6087=VECTOR('',#10003,39.3700787401575);
#6088=VECTOR('',#10008,39.3700787401575);
#6089=VECTOR('',#10009,39.3700787401575);
#6090=VECTOR('',#10010,39.3700787401575);
#6091=VECTOR('',#10013,39.3700787401575);
#6092=VECTOR('',#10014,39.3700787401575);
#6093=VECTOR('',#10017,39.3700787401575);
#6094=VECTOR('',#10018,39.3700787401575);
#6095=VECTOR('',#10021,39.3700787401575);
#6096=VECTOR('',#10026,39.3700787401575);
#6097=VECTOR('',#10027,39.3700787401575);
#6098=VECTOR('',#10028,39.3700787401575);
#6099=VECTOR('',#10031,39.3700787401575);
#6100=VECTOR('',#10032,39.3700787401575);
#6101=VECTOR('',#10035,39.3700787401575);
#6102=VECTOR('',#10036,39.3700787401575);
#6103=VECTOR('',#10039,39.3700787401575);
#6104=VECTOR('',#10044,39.3700787401575);
#6105=VECTOR('',#10045,39.3700787401575);
#6106=VECTOR('',#10046,39.3700787401575);
#6107=VECTOR('',#10049,39.3700787401575);
#6108=VECTOR('',#10050,39.3700787401575);
#6109=VECTOR('',#10053,39.3700787401575);
#6110=VECTOR('',#10054,39.3700787401575);
#6111=VECTOR('',#10057,39.3700787401575);
#6112=VECTOR('',#10062,39.3700787401575);
#6113=VECTOR('',#10063,39.3700787401575);
#6114=VECTOR('',#10064,39.3700787401575);
#6115=VECTOR('',#10067,39.3700787401575);
#6116=VECTOR('',#10068,39.3700787401575);
#6117=VECTOR('',#10071,39.3700787401575);
#6118=VECTOR('',#10072,39.3700787401575);
#6119=VECTOR('',#10075,39.3700787401575);
#6120=VECTOR('',#10080,39.3700787401575);
#6121=VECTOR('',#10081,39.3700787401575);
#6122=VECTOR('',#10082,39.3700787401575);
#6123=VECTOR('',#10085,39.3700787401575);
#6124=VECTOR('',#10086,39.3700787401575);
#6125=VECTOR('',#10089,39.3700787401575);
#6126=VECTOR('',#10090,39.3700787401575);
#6127=VECTOR('',#10093,39.3700787401575);
#6128=VECTOR('',#10100,39.3700787401575);
#6129=VECTOR('',#10101,39.3700787401575);
#6130=VECTOR('',#10102,39.3700787401575);
#6131=VECTOR('',#10103,39.3700787401575);
#6132=VECTOR('',#10106,39.3700787401575);
#6133=VECTOR('',#10107,39.3700787401575);
#6134=VECTOR('',#10108,39.3700787401575);
#6135=VECTOR('',#10109,39.3700787401575);
#6136=VECTOR('',#10112,39.3700787401575);
#6137=VECTOR('',#10113,39.3700787401575);
#6138=VECTOR('',#10116,39.3700787401575);
#6139=VECTOR('',#10117,39.3700787401575);
#6140=VECTOR('',#10122,39.3700787401575);
#6141=VECTOR('',#10125,39.3700787401575);
#6142=VECTOR('',#10130,39.3700787401575);
#6143=VECTOR('',#10133,39.3700787401575);
#6144=VECTOR('',#10138,39.3700787401575);
#6145=VECTOR('',#10141,39.3700787401575);
#6146=VECTOR('',#10146,39.3700787401575);
#6147=VECTOR('',#10149,39.3700787401575);
#6148=VECTOR('',#10154,39.3700787401575);
#6149=VECTOR('',#10157,39.3700787401575);
#6150=VECTOR('',#10162,39.3700787401575);
#6151=VECTOR('',#10165,39.3700787401575);
#6152=VECTOR('',#10170,39.3700787401575);
#6153=VECTOR('',#10173,39.3700787401575);
#6154=VECTOR('',#10178,39.3700787401575);
#6155=VECTOR('',#10181,39.3700787401575);
#6156=VECTOR('',#10184,39.3700787401575);
#6157=VECTOR('',#10185,39.3700787401575);
#6158=VECTOR('',#10186,39.3700787401575);
#6159=VECTOR('',#10189,39.3700787401575);
#6160=VECTOR('',#10190,39.3700787401575);
#6161=VECTOR('',#10191,39.3700787401575);
#6162=VECTOR('',#10194,39.3700787401575);
#6163=VECTOR('',#10195,39.3700787401575);
#6164=VECTOR('',#10196,39.3700787401575);
#6165=VECTOR('',#10199,39.3700787401575);
#6166=VECTOR('',#10200,39.3700787401575);
#6167=VECTOR('',#10201,39.3700787401575);
#6168=VECTOR('',#10204,39.3700787401575);
#6169=VECTOR('',#10205,39.3700787401575);
#6170=VECTOR('',#10206,39.3700787401575);
#6171=VECTOR('',#10209,39.3700787401575);
#6172=VECTOR('',#10210,39.3700787401575);
#6173=VECTOR('',#10211,39.3700787401575);
#6174=VECTOR('',#10214,39.3700787401575);
#6175=VECTOR('',#10215,39.3700787401575);
#6176=VECTOR('',#10216,39.3700787401575);
#6177=VECTOR('',#10219,39.3700787401575);
#6178=VECTOR('',#10220,39.3700787401575);
#6179=VECTOR('',#10221,39.3700787401575);
#6180=VECTOR('',#10224,39.3700787401575);
#6181=VECTOR('',#10225,39.3700787401575);
#6182=VECTOR('',#10226,39.3700787401575);
#6183=VECTOR('',#10229,39.3700787401575);
#6184=VECTOR('',#10230,39.3700787401575);
#6185=VECTOR('',#10231,39.3700787401575);
#6186=VECTOR('',#10234,39.3700787401575);
#6187=VECTOR('',#10235,39.3700787401575);
#6188=VECTOR('',#10236,39.3700787401575);
#6189=VECTOR('',#10239,39.3700787401575);
#6190=VECTOR('',#10240,39.3700787401575);
#6191=VECTOR('',#10241,39.3700787401575);
#6192=VECTOR('',#10244,39.3700787401575);
#6193=VECTOR('',#10245,39.3700787401575);
#6194=VECTOR('',#10246,39.3700787401575);
#6195=VECTOR('',#10249,39.3700787401575);
#6196=VECTOR('',#10250,39.3700787401575);
#6197=VECTOR('',#10251,39.3700787401575);
#6198=VECTOR('',#10254,39.3700787401575);
#6199=VECTOR('',#10255,39.3700787401575);
#6200=VECTOR('',#10256,39.3700787401575);
#6201=VECTOR('',#10259,39.3700787401575);
#6202=VECTOR('',#10260,39.3700787401575);
#6203=VECTOR('',#10261,39.3700787401575);
#6204=VECTOR('',#10264,39.3700787401575);
#6205=VECTOR('',#10265,39.3700787401575);
#6206=VECTOR('',#10266,39.3700787401575);
#6207=VECTOR('',#10269,39.3700787401575);
#6208=VECTOR('',#10270,39.3700787401575);
#6209=VECTOR('',#10271,39.3700787401575);
#6210=VECTOR('',#10274,39.3700787401575);
#6211=VECTOR('',#10275,39.3700787401575);
#6212=VECTOR('',#10276,39.3700787401575);
#6213=VECTOR('',#10279,39.3700787401575);
#6214=VECTOR('',#10280,39.3700787401575);
#6215=VECTOR('',#10281,39.3700787401575);
#6216=VECTOR('',#10284,39.3700787401575);
#6217=VECTOR('',#10285,39.3700787401575);
#6218=VECTOR('',#10286,39.3700787401575);
#6219=VECTOR('',#10289,39.3700787401575);
#6220=VECTOR('',#10290,39.3700787401575);
#6221=VECTOR('',#10291,39.3700787401575);
#6222=VECTOR('',#10294,39.3700787401575);
#6223=VECTOR('',#10295,39.3700787401575);
#6224=VECTOR('',#10296,39.3700787401575);
#6225=VECTOR('',#10299,39.3700787401575);
#6226=VECTOR('',#10300,39.3700787401575);
#6227=VECTOR('',#10301,39.3700787401575);
#6228=VECTOR('',#10304,39.3700787401575);
#6229=VECTOR('',#10313,39.3700787401575);
#6230=VECTOR('',#10318,39.3700787401575);
#6231=VECTOR('',#10325,39.3700787401575);
#6232=VECTOR('',#10332,39.3700787401575);
#6233=VECTOR('',#10339,39.3700787401575);
#6234=VECTOR('',#10346,39.3700787401575);
#6235=VECTOR('',#10353,39.3700787401575);
#6236=VECTOR('',#10360,39.3700787401575);
#6237=VECTOR('',#10361,39.3700787401575);
#6238=VECTOR('',#10362,39.3700787401575);
#6239=VECTOR('',#10365,39.3700787401575);
#6240=VECTOR('',#10366,39.3700787401575);
#6241=VECTOR('',#10367,39.3700787401575);
#6242=VECTOR('',#10370,39.3700787401575);
#6243=VECTOR('',#10371,39.3700787401575);
#6244=VECTOR('',#10372,39.3700787401575);
#6245=VECTOR('',#10375,39.3700787401575);
#6246=VECTOR('',#10376,39.3700787401575);
#6247=VECTOR('',#10377,39.3700787401575);
#6248=VECTOR('',#10380,39.3700787401575);
#6249=VECTOR('',#10381,39.3700787401575);
#6250=VECTOR('',#10382,39.3700787401575);
#6251=VECTOR('',#10385,39.3700787401575);
#6252=VECTOR('',#10386,39.3700787401575);
#6253=VECTOR('',#10387,39.3700787401575);
#6254=VECTOR('',#10390,39.3700787401575);
#6255=VECTOR('',#10391,39.3700787401575);
#6256=VECTOR('',#10392,39.3700787401575);
#6257=VECTOR('',#10395,39.3700787401575);
#6258=VECTOR('',#10396,39.3700787401575);
#6259=VECTOR('',#10397,39.3700787401575);
#6260=VECTOR('',#10400,39.3700787401575);
#6261=VECTOR('',#10401,39.3700787401575);
#6262=VECTOR('',#10402,39.3700787401575);
#6263=VECTOR('',#10405,39.3700787401575);
#6264=VECTOR('',#10406,39.3700787401575);
#6265=VECTOR('',#10407,39.3700787401575);
#6266=VECTOR('',#10410,39.3700787401575);
#6267=VECTOR('',#10411,39.3700787401575);
#6268=VECTOR('',#10412,39.3700787401575);
#6269=VECTOR('',#10415,39.3700787401575);
#6270=VECTOR('',#10416,39.3700787401575);
#6271=VECTOR('',#10417,39.3700787401575);
#6272=VECTOR('',#10420,39.3700787401575);
#6273=VECTOR('',#10421,39.3700787401575);
#6274=VECTOR('',#10422,39.3700787401575);
#6275=VECTOR('',#10425,39.3700787401575);
#6276=VECTOR('',#10426,39.3700787401575);
#6277=VECTOR('',#10427,39.3700787401575);
#6278=VECTOR('',#10430,39.3700787401575);
#6279=VECTOR('',#10431,39.3700787401575);
#6280=VECTOR('',#10432,39.3700787401575);
#6281=VECTOR('',#10435,39.3700787401575);
#6282=VECTOR('',#10436,39.3700787401575);
#6283=VECTOR('',#10437,39.3700787401575);
#6284=VECTOR('',#10442,39.3700787401575);
#6285=VECTOR('',#10445,39.3700787401575);
#6286=VECTOR('',#10450,39.3700787401575);
#6287=VECTOR('',#10453,39.3700787401575);
#6288=VECTOR('',#10458,39.3700787401575);
#6289=VECTOR('',#10461,39.3700787401575);
#6290=VECTOR('',#10466,39.3700787401575);
#6291=VECTOR('',#10469,39.3700787401575);
#6292=VECTOR('',#10474,39.3700787401575);
#6293=VECTOR('',#10477,39.3700787401575);
#6294=VECTOR('',#10482,39.3700787401575);
#6295=VECTOR('',#10485,39.3700787401575);
#6296=VECTOR('',#10490,39.3700787401575);
#6297=VECTOR('',#10493,39.3700787401575);
#6298=VECTOR('',#10498,39.3700787401575);
#6299=VECTOR('',#10501,39.3700787401575);
#6300=VECTOR('',#10504,39.3700787401575);
#6301=VECTOR('',#10505,39.3700787401575);
#6302=VECTOR('',#10506,39.3700787401575);
#6303=VECTOR('',#10509,39.3700787401575);
#6304=VECTOR('',#10510,39.3700787401575);
#6305=VECTOR('',#10511,39.3700787401575);
#6306=VECTOR('',#10514,39.3700787401575);
#6307=VECTOR('',#10515,39.3700787401575);
#6308=VECTOR('',#10516,39.3700787401575);
#6309=VECTOR('',#10519,39.3700787401575);
#6310=VECTOR('',#10520,39.3700787401575);
#6311=VECTOR('',#10521,39.3700787401575);
#6312=VECTOR('',#10524,39.3700787401575);
#6313=VECTOR('',#10525,39.3700787401575);
#6314=VECTOR('',#10526,39.3700787401575);
#6315=VECTOR('',#10529,39.3700787401575);
#6316=VECTOR('',#10530,39.3700787401575);
#6317=VECTOR('',#10531,39.3700787401575);
#6318=VECTOR('',#10534,39.3700787401575);
#6319=VECTOR('',#10535,39.3700787401575);
#6320=VECTOR('',#10536,39.3700787401575);
#6321=VECTOR('',#10539,39.3700787401575);
#6322=VECTOR('',#10540,39.3700787401575);
#6323=VECTOR('',#10541,39.3700787401575);
#6324=VECTOR('',#10544,39.3700787401575);
#6325=VECTOR('',#10545,39.3700787401575);
#6326=VECTOR('',#10546,39.3700787401575);
#6327=VECTOR('',#10549,39.3700787401575);
#6328=VECTOR('',#10550,39.3700787401575);
#6329=VECTOR('',#10551,39.3700787401575);
#6330=VECTOR('',#10554,39.3700787401575);
#6331=VECTOR('',#10555,39.3700787401575);
#6332=VECTOR('',#10556,39.3700787401575);
#6333=VECTOR('',#10559,39.3700787401575);
#6334=VECTOR('',#10560,39.3700787401575);
#6335=VECTOR('',#10561,39.3700787401575);
#6336=VECTOR('',#10564,39.3700787401575);
#6337=VECTOR('',#10565,39.3700787401575);
#6338=VECTOR('',#10566,39.3700787401575);
#6339=VECTOR('',#10569,39.3700787401575);
#6340=VECTOR('',#10570,39.3700787401575);
#6341=VECTOR('',#10571,39.3700787401575);
#6342=VECTOR('',#10574,39.3700787401575);
#6343=VECTOR('',#10575,39.3700787401575);
#6344=VECTOR('',#10576,39.3700787401575);
#6345=VECTOR('',#10579,39.3700787401575);
#6346=VECTOR('',#10580,39.3700787401575);
#6347=VECTOR('',#10581,39.3700787401575);
#6348=VECTOR('',#10584,39.3700787401575);
#6349=VECTOR('',#10585,39.3700787401575);
#6350=VECTOR('',#10586,39.3700787401575);
#6351=VECTOR('',#10589,39.3700787401575);
#6352=VECTOR('',#10590,39.3700787401575);
#6353=VECTOR('',#10591,39.3700787401575);
#6354=VECTOR('',#10594,39.3700787401575);
#6355=VECTOR('',#10595,39.3700787401575);
#6356=VECTOR('',#10596,39.3700787401575);
#6357=VECTOR('',#10599,39.3700787401575);
#6358=VECTOR('',#10600,39.3700787401575);
#6359=VECTOR('',#10601,39.3700787401575);
#6360=VECTOR('',#10604,39.3700787401575);
#6361=VECTOR('',#10605,39.3700787401575);
#6362=VECTOR('',#10606,39.3700787401575);
#6363=VECTOR('',#10609,39.3700787401575);
#6364=VECTOR('',#10610,39.3700787401575);
#6365=VECTOR('',#10611,39.3700787401575);
#6366=VECTOR('',#10614,39.3700787401575);
#6367=VECTOR('',#10615,39.3700787401575);
#6368=VECTOR('',#10616,39.3700787401575);
#6369=VECTOR('',#10619,39.3700787401575);
#6370=VECTOR('',#10620,39.3700787401575);
#6371=VECTOR('',#10621,39.3700787401575);
#6372=VECTOR('',#10624,39.3700787401575);
#6373=VECTOR('',#10633,39.3700787401575);
#6374=VECTOR('',#10638,39.3700787401575);
#6375=VECTOR('',#10645,39.3700787401575);
#6376=VECTOR('',#10652,39.3700787401575);
#6377=VECTOR('',#10659,39.3700787401575);
#6378=VECTOR('',#10666,39.3700787401575);
#6379=VECTOR('',#10673,39.3700787401575);
#6380=VECTOR('',#10680,39.3700787401575);
#6381=VECTOR('',#10681,39.3700787401575);
#6382=VECTOR('',#10682,39.3700787401575);
#6383=VECTOR('',#10685,39.3700787401575);
#6384=VECTOR('',#10686,39.3700787401575);
#6385=VECTOR('',#10687,39.3700787401575);
#6386=VECTOR('',#10690,39.3700787401575);
#6387=VECTOR('',#10691,39.3700787401575);
#6388=VECTOR('',#10692,39.3700787401575);
#6389=VECTOR('',#10695,39.3700787401575);
#6390=VECTOR('',#10696,39.3700787401575);
#6391=VECTOR('',#10697,39.3700787401575);
#6392=VECTOR('',#10700,39.3700787401575);
#6393=VECTOR('',#10701,39.3700787401575);
#6394=VECTOR('',#10702,39.3700787401575);
#6395=VECTOR('',#10705,39.3700787401575);
#6396=VECTOR('',#10706,39.3700787401575);
#6397=VECTOR('',#10707,39.3700787401575);
#6398=VECTOR('',#10710,39.3700787401575);
#6399=VECTOR('',#10711,39.3700787401575);
#6400=VECTOR('',#10712,39.3700787401575);
#6401=VECTOR('',#10715,39.3700787401575);
#6402=VECTOR('',#10716,39.3700787401575);
#6403=VECTOR('',#10717,39.3700787401575);
#6404=VECTOR('',#10720,39.3700787401575);
#6405=VECTOR('',#10721,39.3700787401575);
#6406=VECTOR('',#10722,39.3700787401575);
#6407=VECTOR('',#10725,39.3700787401575);
#6408=VECTOR('',#10726,39.3700787401575);
#6409=VECTOR('',#10727,39.3700787401575);
#6410=VECTOR('',#10730,39.3700787401575);
#6411=VECTOR('',#10731,39.3700787401575);
#6412=VECTOR('',#10732,39.3700787401575);
#6413=VECTOR('',#10735,39.3700787401575);
#6414=VECTOR('',#10736,39.3700787401575);
#6415=VECTOR('',#10737,39.3700787401575);
#6416=VECTOR('',#10740,39.3700787401575);
#6417=VECTOR('',#10741,39.3700787401575);
#6418=VECTOR('',#10742,39.3700787401575);
#6419=VECTOR('',#10745,39.3700787401575);
#6420=VECTOR('',#10746,39.3700787401575);
#6421=VECTOR('',#10747,39.3700787401575);
#6422=VECTOR('',#10750,39.3700787401575);
#6423=VECTOR('',#10751,39.3700787401575);
#6424=VECTOR('',#10752,39.3700787401575);
#6425=VECTOR('',#10755,39.3700787401575);
#6426=VECTOR('',#10756,39.3700787401575);
#6427=VECTOR('',#10757,39.3700787401575);
#6428=VECTOR('',#10760,39.3700787401575);
#6429=VECTOR('',#10761,39.3700787401575);
#6430=VECTOR('',#10762,39.3700787401575);
#6431=VECTOR('',#10763,39.3700787401575);
#6432=VECTOR('',#10764,39.3700787401575);
#6433=VECTOR('',#10765,39.3700787401575);
#6434=VECTOR('',#10766,39.3700787401575);
#6435=VECTOR('',#10767,39.3700787401575);
#6436=VECTOR('',#10768,39.3700787401575);
#6437=VECTOR('',#10769,39.3700787401575);
#6438=VECTOR('',#10770,39.3700787401575);
#6439=VECTOR('',#10771,39.3700787401575);
#6440=VECTOR('',#10772,39.3700787401575);
#6441=VECTOR('',#10773,39.3700787401575);
#6442=VECTOR('',#10774,39.3700787401575);
#6443=VECTOR('',#10775,39.3700787401575);
#6444=VECTOR('',#10776,39.3700787401575);
#6445=VECTOR('',#10777,39.3700787401575);
#6446=VECTOR('',#10778,39.3700787401575);
#6447=VECTOR('',#10779,39.3700787401575);
#6448=VECTOR('',#10780,39.3700787401575);
#6449=VECTOR('',#10781,39.3700787401575);
#6450=VECTOR('',#10782,39.3700787401575);
#6451=VECTOR('',#10783,39.3700787401575);
#6452=VECTOR('',#10784,39.3700787401575);
#6453=VECTOR('',#10785,39.3700787401575);
#6454=VECTOR('',#10786,39.3700787401575);
#6455=VECTOR('',#10787,39.3700787401575);
#6456=VECTOR('',#10788,39.3700787401575);
#6457=VECTOR('',#10789,39.3700787401575);
#6458=VECTOR('',#10790,39.3700787401575);
#6459=VECTOR('',#10791,39.3700787401575);
#6460=VECTOR('',#10862,39.3700787401575);
#6461=VECTOR('',#10863,39.3700787401575);
#6462=VECTOR('',#10864,39.3700787401575);
#6463=VECTOR('',#10865,39.3700787401575);
#6464=VECTOR('',#10868,39.3700787401575);
#6465=VECTOR('',#10869,39.3700787401575);
#6466=VECTOR('',#10870,39.3700787401575);
#6467=VECTOR('',#10871,39.3700787401575);
#6468=VECTOR('',#10874,39.3700787401575);
#6469=VECTOR('',#10875,39.3700787401575);
#6470=VECTOR('',#10878,39.3700787401575);
#6471=VECTOR('',#10879,39.3700787401575);
#6472=VECTOR('',#10882,39.3700787401575);
#6473=VECTOR('',#10883,39.3700787401575);
#6474=VECTOR('',#10884,39.3700787401575);
#6475=VECTOR('',#10885,39.3700787401575);
#6476=VECTOR('',#10888,39.3700787401575);
#6477=VECTOR('',#10889,39.3700787401575);
#6478=VECTOR('',#10890,39.3700787401575);
#6479=VECTOR('',#10891,39.3700787401575);
#6480=VECTOR('',#10894,39.3700787401575);
#6481=VECTOR('',#10895,39.3700787401575);
#6482=VECTOR('',#10896,39.3700787401575);
#6483=VECTOR('',#10897,39.3700787401575);
#6484=VECTOR('',#10900,39.3700787401575);
#6485=VECTOR('',#10901,39.3700787401575);
#6486=VECTOR('',#10902,39.3700787401575);
#6487=VECTOR('',#10903,39.3700787401575);
#6488=VECTOR('',#10906,39.3700787401575);
#6489=VECTOR('',#10907,39.3700787401575);
#6490=VECTOR('',#10908,39.3700787401575);
#6491=VECTOR('',#10909,39.3700787401575);
#6492=VECTOR('',#10912,39.3700787401575);
#6493=VECTOR('',#10913,39.3700787401575);
#6494=VECTOR('',#10914,39.3700787401575);
#6495=VECTOR('',#10915,39.3700787401575);
#6496=VECTOR('',#10918,39.3700787401575);
#6497=VECTOR('',#10919,39.3700787401575);
#6498=VECTOR('',#10920,39.3700787401575);
#6499=VECTOR('',#10921,39.3700787401575);
#6500=VECTOR('',#10924,39.3700787401575);
#6501=VECTOR('',#10925,39.3700787401575);
#6502=VECTOR('',#10926,39.3700787401575);
#6503=VECTOR('',#10927,39.3700787401575);
#6504=VECTOR('',#10930,39.3700787401575);
#6505=VECTOR('',#10931,39.3700787401575);
#6506=VECTOR('',#10932,39.3700787401575);
#6507=VECTOR('',#10933,39.3700787401575);
#6508=VECTOR('',#10936,39.3700787401575);
#6509=VECTOR('',#10937,39.3700787401575);
#6510=VECTOR('',#10938,39.3700787401575);
#6511=VECTOR('',#10939,39.3700787401575);
#6512=VECTOR('',#10942,39.3700787401575);
#6513=VECTOR('',#10943,39.3700787401575);
#6514=VECTOR('',#10944,39.3700787401575);
#6515=VECTOR('',#10945,39.3700787401575);
#6516=VECTOR('',#10948,39.3700787401575);
#6517=VECTOR('',#10949,39.3700787401575);
#6518=VECTOR('',#10950,39.3700787401575);
#6519=VECTOR('',#10951,39.3700787401575);
#6520=VECTOR('',#10954,39.3700787401575);
#6521=VECTOR('',#10955,39.3700787401575);
#6522=VECTOR('',#10956,39.3700787401575);
#6523=VECTOR('',#10957,39.3700787401575);
#6524=VECTOR('',#10960,39.3700787401575);
#6525=VECTOR('',#10961,39.3700787401575);
#6526=VECTOR('',#10962,39.3700787401575);
#6527=VECTOR('',#10963,39.3700787401575);
#6528=VECTOR('',#10966,39.3700787401575);
#6529=VECTOR('',#10967,39.3700787401575);
#6530=VECTOR('',#10968,39.3700787401575);
#6531=VECTOR('',#10969,39.3700787401575);
#6532=VECTOR('',#10972,39.3700787401575);
#6533=VECTOR('',#10973,39.3700787401575);
#6534=VECTOR('',#10974,39.3700787401575);
#6535=VECTOR('',#10975,39.3700787401575);
#6536=VECTOR('',#10978,39.3700787401575);
#6537=VECTOR('',#10979,39.3700787401575);
#6538=VECTOR('',#10982,39.3700787401575);
#6539=VECTOR('',#10983,39.3700787401575);
#6540=VECTOR('',#10986,39.3700787401575);
#6541=VECTOR('',#10987,39.3700787401575);
#6542=VECTOR('',#10990,39.3700787401575);
#6543=VECTOR('',#10991,39.3700787401575);
#6544=VECTOR('',#10994,39.3700787401575);
#6545=VECTOR('',#10995,39.3700787401575);
#6546=VECTOR('',#10998,39.3700787401575);
#6547=VECTOR('',#10999,39.3700787401575);
#6548=VECTOR('',#11002,39.3700787401575);
#6549=VECTOR('',#11003,39.3700787401575);
#6550=VECTOR('',#11006,39.3700787401575);
#6551=VECTOR('',#11007,39.3700787401575);
#6552=VECTOR('',#11010,39.3700787401575);
#6553=VECTOR('',#11011,39.3700787401575);
#6554=VECTOR('',#11012,39.3700787401575);
#6555=VECTOR('',#11013,39.3700787401575);
#6556=VECTOR('',#11016,39.3700787401575);
#6557=VECTOR('',#11017,39.3700787401575);
#6558=VECTOR('',#11018,39.3700787401575);
#6559=VECTOR('',#11019,39.3700787401575);
#6560=VECTOR('',#11022,39.3700787401575);
#6561=VECTOR('',#11023,39.3700787401575);
#6562=VECTOR('',#11024,39.3700787401575);
#6563=VECTOR('',#11025,39.3700787401575);
#6564=VECTOR('',#11028,39.3700787401575);
#6565=VECTOR('',#11029,39.3700787401575);
#6566=VECTOR('',#11030,39.3700787401575);
#6567=VECTOR('',#11031,39.3700787401575);
#6568=VECTOR('',#11034,39.3700787401575);
#6569=VECTOR('',#11035,39.3700787401575);
#6570=VECTOR('',#11036,39.3700787401575);
#6571=VECTOR('',#11037,39.3700787401575);
#6572=VECTOR('',#11040,39.3700787401575);
#6573=VECTOR('',#11041,39.3700787401575);
#6574=VECTOR('',#11042,39.3700787401575);
#6575=VECTOR('',#11043,39.3700787401575);
#6576=VECTOR('',#11046,39.3700787401575);
#6577=VECTOR('',#11047,39.3700787401575);
#6578=VECTOR('',#11048,39.3700787401575);
#6579=VECTOR('',#11049,39.3700787401575);
#6580=VECTOR('',#11052,39.3700787401575);
#6581=VECTOR('',#11053,39.3700787401575);
#6582=VECTOR('',#11054,39.3700787401575);
#6583=VECTOR('',#11055,39.3700787401575);
#6584=VECTOR('',#11058,39.3700787401575);
#6585=VECTOR('',#11059,39.3700787401575);
#6586=VECTOR('',#11060,39.3700787401575);
#6587=VECTOR('',#11061,39.3700787401575);
#6588=VECTOR('',#11064,39.3700787401575);
#6589=VECTOR('',#11065,39.3700787401575);
#6590=VECTOR('',#11066,39.3700787401575);
#6591=VECTOR('',#11067,39.3700787401575);
#6592=VECTOR('',#11070,39.3700787401575);
#6593=VECTOR('',#11071,39.3700787401575);
#6594=VECTOR('',#11072,39.3700787401575);
#6595=VECTOR('',#11073,39.3700787401575);
#6596=VECTOR('',#11076,39.3700787401575);
#6597=VECTOR('',#11077,39.3700787401575);
#6598=VECTOR('',#11078,39.3700787401575);
#6599=VECTOR('',#11079,39.3700787401575);
#6600=VECTOR('',#11082,39.3700787401575);
#6601=VECTOR('',#11083,39.3700787401575);
#6602=VECTOR('',#11084,39.3700787401575);
#6603=VECTOR('',#11085,39.3700787401575);
#6604=VECTOR('',#11088,39.3700787401575);
#6605=VECTOR('',#11089,39.3700787401575);
#6606=VECTOR('',#11090,39.3700787401575);
#6607=VECTOR('',#11091,39.3700787401575);
#6608=VECTOR('',#11094,39.3700787401575);
#6609=VECTOR('',#11095,39.3700787401575);
#6610=VECTOR('',#11096,39.3700787401575);
#6611=VECTOR('',#11097,39.3700787401575);
#6612=VECTOR('',#11100,39.3700787401575);
#6613=VECTOR('',#11101,39.3700787401575);
#6614=VECTOR('',#11102,39.3700787401575);
#6615=VECTOR('',#11103,39.3700787401575);
#6616=VECTOR('',#11106,39.3700787401575);
#6617=VECTOR('',#11107,39.3700787401575);
#6618=VECTOR('',#11110,39.3700787401575);
#6619=VECTOR('',#11111,39.3700787401575);
#6620=VECTOR('',#11114,39.3700787401575);
#6621=VECTOR('',#11115,39.3700787401575);
#6622=VECTOR('',#11118,39.3700787401575);
#6623=VECTOR('',#11119,39.3700787401575);
#6624=VECTOR('',#11122,39.3700787401575);
#6625=VECTOR('',#11123,39.3700787401575);
#6626=VECTOR('',#11126,39.3700787401575);
#6627=VECTOR('',#11127,39.3700787401575);
#6628=VECTOR('',#11130,39.3700787401575);
#6629=VECTOR('',#11131,39.3700787401575);
#6630=VECTOR('',#11134,39.3700787401575);
#6631=VECTOR('',#11135,39.3700787401575);
#6632=VECTOR('',#11138,39.3700787401575);
#6633=VECTOR('',#11141,39.3700787401575);
#6634=VECTOR('',#11144,39.3700787401575);
#6635=VECTOR('',#11145,39.3700787401575);
#6636=VECTOR('',#11146,39.3700787401575);
#6637=VECTOR('',#11147,39.3700787401575);
#6638=VECTOR('',#11148,39.3700787401575);
#6639=VECTOR('',#11149,39.3700787401575);
#6640=VECTOR('',#11150,39.3700787401575);
#6641=VECTOR('',#11151,39.3700787401575);
#6642=VECTOR('',#11152,39.3700787401575);
#6643=VECTOR('',#11153,39.3700787401575);
#6644=VECTOR('',#11154,39.3700787401575);
#6645=VECTOR('',#11155,39.3700787401575);
#6646=VECTOR('',#11156,39.3700787401575);
#6647=VECTOR('',#11157,39.3700787401575);
#6648=VECTOR('',#11158,39.3700787401575);
#6649=VECTOR('',#11159,39.3700787401575);
#6650=VECTOR('',#11160,39.3700787401575);
#6651=VECTOR('',#11161,39.3700787401575);
#6652=VECTOR('',#11162,39.3700787401575);
#6653=VECTOR('',#11163,39.3700787401575);
#6654=VECTOR('',#11164,39.3700787401575);
#6655=VECTOR('',#11165,39.3700787401575);
#6656=VECTOR('',#11166,39.3700787401575);
#6657=VECTOR('',#11167,39.3700787401575);
#6658=VECTOR('',#11168,39.3700787401575);
#6659=VECTOR('',#11169,39.3700787401575);
#6660=VECTOR('',#11170,39.3700787401575);
#6661=VECTOR('',#11171,39.3700787401575);
#6662=VECTOR('',#11172,39.3700787401575);
#6663=VECTOR('',#11173,39.3700787401575);
#6664=EDGE_LOOP('',(#149,#150,#151,#152,#153,#154,#155,#156));
#6665=EDGE_LOOP('',(#157,#158,#159,#160,#161,#162,#163,#164));
#6666=EDGE_LOOP('',(#165,#166,#167,#168));
#6667=EDGE_LOOP('',(#169,#170,#171,#172,#173,#174,#175,#176));
#6668=EDGE_LOOP('',(#177,#178,#179,#180,#181,#182,#183,#184));
#6669=EDGE_LOOP('',(#185,#186,#187,#188));
#6670=EDGE_LOOP('',(#189,#190,#191,#192,#193,#194,#195,#196));
#6671=EDGE_LOOP('',(#197,#198,#199,#200));
#6672=EDGE_LOOP('',(#201,#202,#203,#204));
#6673=EDGE_LOOP('',(#205,#206,#207,#208,#209,#210));
#6674=EDGE_LOOP('',(#211,#212,#213,#214,#215,#216));
#6675=EDGE_LOOP('',(#217,#218,#219,#220));
#6676=EDGE_LOOP('',(#221,#222,#223,#224));
#6677=EDGE_LOOP('',(#225));
#6678=EDGE_LOOP('',(#226,#227,#228,#229));
#6679=EDGE_LOOP('',(#230,#231,#232,#233));
#6680=EDGE_LOOP('',(#234,#235,#236,#237));
#6681=EDGE_LOOP('',(#238,#239,#240,#241));
#6682=EDGE_LOOP('',(#242,#243,#244,#245,#246,#247));
#6683=EDGE_LOOP('',(#248,#249,#250,#251,#252,#253));
#6684=EDGE_LOOP('',(#254,#255,#256,#257,#258,#259));
#6685=EDGE_LOOP('',(#260,#261,#262,#263,#264,#265));
#6686=EDGE_LOOP('',(#266,#267,#268,#269));
#6687=EDGE_LOOP('',(#270,#271,#272,#273));
#6688=EDGE_LOOP('',(#274,#275,#276,#277,#278,#279));
#6689=EDGE_LOOP('',(#280,#281,#282,#283,#284,#285));
#6690=EDGE_LOOP('',(#286,#287,#288,#289,#290,#291));
#6691=EDGE_LOOP('',(#292,#293,#294,#295,#296,#297));
#6692=EDGE_LOOP('',(#298,#299,#300,#301));
#6693=EDGE_LOOP('',(#302,#303,#304,#305));
#6694=EDGE_LOOP('',(#306,#307,#308,#309,#310,#311));
#6695=EDGE_LOOP('',(#312,#313,#314,#315,#316,#317));
#6696=EDGE_LOOP('',(#318,#319,#320,#321,#322,#323));
#6697=EDGE_LOOP('',(#324,#325,#326,#327,#328,#329));
#6698=EDGE_LOOP('',(#330,#331,#332,#333));
#6699=EDGE_LOOP('',(#334,#335,#336,#337));
#6700=EDGE_LOOP('',(#338,#339,#340,#341,#342,#343));
#6701=EDGE_LOOP('',(#344,#345,#346,#347,#348,#349));
#6702=EDGE_LOOP('',(#350,#351,#352,#353));
#6703=EDGE_LOOP('',(#354,#355,#356,#357,#358,#359));
#6704=EDGE_LOOP('',(#360,#361,#362,#363,#364,#365));
#6705=EDGE_LOOP('',(#366,#367,#368,#369));
#6706=EDGE_LOOP('',(#370,#371,#372,#373,#374,#375));
#6707=EDGE_LOOP('',(#376,#377,#378,#379,#380,#381));
#6708=EDGE_LOOP('',(#382,#383,#384,#385,#386,#387));
#6709=EDGE_LOOP('',(#388,#389,#390,#391,#392,#393));
#6710=EDGE_LOOP('',(#394,#395,#396,#397));
#6711=EDGE_LOOP('',(#398,#399,#400,#401));
#6712=EDGE_LOOP('',(#402,#403,#404,#405));
#6713=EDGE_LOOP('',(#406,#407,#408,#409));
#6714=EDGE_LOOP('',(#410,#411,#412,#413));
#6715=EDGE_LOOP('',(#414,#415,#416,#417));
#6716=EDGE_LOOP('',(#418,#419,#420,#421));
#6717=EDGE_LOOP('',(#422,#423,#424,#425));
#6718=EDGE_LOOP('',(#426,#427,#428,#429));
#6719=EDGE_LOOP('',(#430,#431,#432,#433));
#6720=EDGE_LOOP('',(#434,#435,#436,#437));
#6721=EDGE_LOOP('',(#438,#439,#440,#441));
#6722=EDGE_LOOP('',(#442,#443,#444,#445));
#6723=EDGE_LOOP('',(#446,#447,#448,#449));
#6724=EDGE_LOOP('',(#450,#451,#452,#453));
#6725=EDGE_LOOP('',(#454,#455,#456,#457));
#6726=EDGE_LOOP('',(#458,#459,#460,#461));
#6727=EDGE_LOOP('',(#462,#463,#464,#465));
#6728=EDGE_LOOP('',(#466,#467,#468,#469));
#6729=EDGE_LOOP('',(#470,#471,#472,#473));
#6730=EDGE_LOOP('',(#474,#475,#476,#477));
#6731=EDGE_LOOP('',(#478,#479,#480,#481));
#6732=EDGE_LOOP('',(#482,#483,#484,#485,#486,#487,#488,#489,#490,#491,#492,
#493,#494,#495,#496,#497,#498,#499,#500,#501,#502,#503,#504,#505,#506,#507,
#508,#509,#510,#511,#512,#513,#514,#515,#516,#517,#518,#519,#520,#521,#522,
#523,#524,#525,#526,#527,#528,#529,#530,#531,#532,#533,#534,#535,#536,#537,
#538,#539,#540,#541,#542,#543,#544,#545,#546,#547,#548,#549,#550,#551,#552,
#553,#554,#555,#556,#557,#558,#559,#560,#561));
#6733=EDGE_LOOP('',(#562,#563,#564,#565));
#6734=EDGE_LOOP('',(#566,#567,#568,#569));
#6735=EDGE_LOOP('',(#570,#571,#572,#573));
#6736=EDGE_LOOP('',(#574,#575,#576,#577));
#6737=EDGE_LOOP('',(#578,#579,#580,#581));
#6738=EDGE_LOOP('',(#582,#583,#584,#585));
#6739=EDGE_LOOP('',(#586,#587,#588,#589));
#6740=EDGE_LOOP('',(#590,#591,#592,#593));
#6741=EDGE_LOOP('',(#594,#595,#596,#597));
#6742=EDGE_LOOP('',(#598,#599,#600,#601));
#6743=EDGE_LOOP('',(#602,#603,#604,#605));
#6744=EDGE_LOOP('',(#606,#607,#608,#609));
#6745=EDGE_LOOP('',(#610,#611,#612,#613));
#6746=EDGE_LOOP('',(#614,#615,#616,#617));
#6747=EDGE_LOOP('',(#618,#619,#620,#621,#622,#623));
#6748=EDGE_LOOP('',(#624,#625,#626,#627,#628,#629));
#6749=EDGE_LOOP('',(#630,#631,#632,#633,#634));
#6750=EDGE_LOOP('',(#635,#636,#637,#638,#639));
#6751=EDGE_LOOP('',(#640,#641,#642,#643,#644,#645,#646,#647,#648,#649,#650,
#651,#652,#653,#654,#655,#656,#657,#658,#659,#660,#661,#662,#663,#664,#665,
#666,#667,#668,#669,#670,#671,#672,#673,#674,#675,#676,#677,#678,#679,#680,
#681,#682,#683,#684,#685,#686,#687,#688,#689,#690,#691,#692,#693,#694,#695,
#696,#697,#698,#699,#700,#701,#702,#703,#704,#705,#706,#707));
#6752=EDGE_LOOP('',(#708,#709,#710,#711,#712,#713,#714,#715));
#6753=EDGE_LOOP('',(#716));
#6754=EDGE_LOOP('',(#717,#718,#719,#720,#721,#722,#723,#724));
#6755=EDGE_LOOP('',(#725,#726,#727,#728,#729,#730));
#6756=EDGE_LOOP('',(#731,#732,#733,#734));
#6757=EDGE_LOOP('',(#735,#736,#737,#738,#739,#740,#741));
#6758=EDGE_LOOP('',(#742,#743,#744,#745,#746,#747,#748));
#6759=EDGE_LOOP('',(#749,#750,#751,#752));
#6760=EDGE_LOOP('',(#753,#754,#755,#756,#757,#758));
#6761=EDGE_LOOP('',(#759,#760,#761,#762));
#6762=EDGE_LOOP('',(#763,#764,#765,#766));
#6763=EDGE_LOOP('',(#767,#768,#769,#770,#771,#772,#773,#774));
#6764=EDGE_LOOP('',(#775,#776,#777,#778));
#6765=EDGE_LOOP('',(#779,#780,#781,#782));
#6766=EDGE_LOOP('',(#783,#784,#785,#786));
#6767=EDGE_LOOP('',(#787,#788,#789,#790));
#6768=EDGE_LOOP('',(#791,#792,#793,#794));
#6769=EDGE_LOOP('',(#795));
#6770=EDGE_LOOP('',(#796));
#6771=EDGE_LOOP('',(#797));
#6772=EDGE_LOOP('',(#798));
#6773=EDGE_LOOP('',(#799,#800,#801,#802));
#6774=EDGE_LOOP('',(#803,#804,#805,#806));
#6775=EDGE_LOOP('',(#807,#808,#809,#810));
#6776=EDGE_LOOP('',(#811,#812,#813,#814));
#6777=EDGE_LOOP('',(#815,#816,#817,#818));
#6778=EDGE_LOOP('',(#819,#820,#821,#822));
#6779=EDGE_LOOP('',(#823,#824,#825,#826));
#6780=EDGE_LOOP('',(#827,#828,#829,#830));
#6781=EDGE_LOOP('',(#831,#832,#833,#834));
#6782=EDGE_LOOP('',(#835,#836,#837,#838));
#6783=EDGE_LOOP('',(#839,#840,#841,#842));
#6784=EDGE_LOOP('',(#843,#844,#845,#846));
#6785=EDGE_LOOP('',(#847,#848,#849,#850));
#6786=EDGE_LOOP('',(#851,#852,#853,#854));
#6787=EDGE_LOOP('',(#855,#856,#857,#858));
#6788=EDGE_LOOP('',(#859,#860,#861,#862));
#6789=EDGE_LOOP('',(#863,#864,#865,#866));
#6790=EDGE_LOOP('',(#867,#868,#869,#870));
#6791=EDGE_LOOP('',(#871,#872,#873,#874));
#6792=EDGE_LOOP('',(#875,#876,#877,#878));
#6793=EDGE_LOOP('',(#879,#880,#881,#882));
#6794=EDGE_LOOP('',(#883,#884,#885,#886));
#6795=EDGE_LOOP('',(#887,#888,#889,#890));
#6796=EDGE_LOOP('',(#891,#892,#893,#894));
#6797=EDGE_LOOP('',(#895,#896,#897,#898));
#6798=EDGE_LOOP('',(#899,#900,#901,#902));
#6799=EDGE_LOOP('',(#903,#904,#905,#906));
#6800=EDGE_LOOP('',(#907,#908,#909,#910));
#6801=EDGE_LOOP('',(#911,#912,#913,#914));
#6802=EDGE_LOOP('',(#915,#916,#917,#918));
#6803=EDGE_LOOP('',(#919,#920,#921,#922));
#6804=EDGE_LOOP('',(#923,#924,#925,#926));
#6805=EDGE_LOOP('',(#927,#928,#929,#930));
#6806=EDGE_LOOP('',(#931,#932,#933,#934));
#6807=EDGE_LOOP('',(#935,#936,#937,#938));
#6808=EDGE_LOOP('',(#939,#940,#941,#942));
#6809=EDGE_LOOP('',(#943,#944,#945,#946));
#6810=EDGE_LOOP('',(#947,#948,#949,#950));
#6811=EDGE_LOOP('',(#951,#952,#953,#954));
#6812=EDGE_LOOP('',(#955,#956,#957,#958));
#6813=EDGE_LOOP('',(#959,#960,#961,#962));
#6814=EDGE_LOOP('',(#963,#964,#965,#966));
#6815=EDGE_LOOP('',(#967,#968,#969,#970));
#6816=EDGE_LOOP('',(#971,#972,#973,#974,#975));
#6817=EDGE_LOOP('',(#976,#977,#978,#979));
#6818=EDGE_LOOP('',(#980,#981,#982,#983));
#6819=EDGE_LOOP('',(#984,#985,#986,#987));
#6820=EDGE_LOOP('',(#988,#989,#990,#991));
#6821=EDGE_LOOP('',(#992,#993,#994,#995));
#6822=EDGE_LOOP('',(#996,#997,#998,#999,#1000));
#6823=EDGE_LOOP('',(#1001,#1002,#1003,#1004));
#6824=EDGE_LOOP('',(#1005,#1006,#1007,#1008));
#6825=EDGE_LOOP('',(#1009,#1010,#1011,#1012));
#6826=EDGE_LOOP('',(#1013,#1014,#1015,#1016));
#6827=EDGE_LOOP('',(#1017,#1018,#1019,#1020));
#6828=EDGE_LOOP('',(#1021,#1022,#1023,#1024));
#6829=EDGE_LOOP('',(#1025,#1026,#1027,#1028,#1029,#1030));
#6830=EDGE_LOOP('',(#1031,#1032,#1033,#1034));
#6831=EDGE_LOOP('',(#1035,#1036,#1037,#1038));
#6832=EDGE_LOOP('',(#1039,#1040,#1041,#1042));
#6833=EDGE_LOOP('',(#1043,#1044,#1045,#1046));
#6834=EDGE_LOOP('',(#1047,#1048,#1049,#1050));
#6835=EDGE_LOOP('',(#1051,#1052,#1053,#1054));
#6836=EDGE_LOOP('',(#1055,#1056,#1057,#1058,#1059,#1060));
#6837=EDGE_LOOP('',(#1061,#1062,#1063,#1064));
#6838=EDGE_LOOP('',(#1065,#1066,#1067,#1068));
#6839=EDGE_LOOP('',(#1069,#1070,#1071,#1072));
#6840=EDGE_LOOP('',(#1073,#1074,#1075,#1076));
#6841=EDGE_LOOP('',(#1077,#1078,#1079,#1080));
#6842=EDGE_LOOP('',(#1081,#1082,#1083,#1084));
#6843=EDGE_LOOP('',(#1085,#1086,#1087,#1088));
#6844=EDGE_LOOP('',(#1089,#1090,#1091,#1092));
#6845=EDGE_LOOP('',(#1093,#1094,#1095,#1096));
#6846=EDGE_LOOP('',(#1097,#1098,#1099,#1100));
#6847=EDGE_LOOP('',(#1101,#1102,#1103,#1104));
#6848=EDGE_LOOP('',(#1105,#1106,#1107,#1108));
#6849=EDGE_LOOP('',(#1109,#1110,#1111,#1112));
#6850=EDGE_LOOP('',(#1113,#1114,#1115,#1116));
#6851=EDGE_LOOP('',(#1117,#1118,#1119,#1120));
#6852=EDGE_LOOP('',(#1121,#1122,#1123,#1124));
#6853=EDGE_LOOP('',(#1125,#1126,#1127,#1128));
#6854=EDGE_LOOP('',(#1129,#1130,#1131,#1132));
#6855=EDGE_LOOP('',(#1133,#1134,#1135,#1136));
#6856=EDGE_LOOP('',(#1137,#1138,#1139,#1140));
#6857=EDGE_LOOP('',(#1141,#1142,#1143,#1144));
#6858=EDGE_LOOP('',(#1145,#1146,#1147,#1148));
#6859=EDGE_LOOP('',(#1149,#1150,#1151,#1152));
#6860=EDGE_LOOP('',(#1153,#1154,#1155,#1156));
#6861=EDGE_LOOP('',(#1157,#1158,#1159,#1160));
#6862=EDGE_LOOP('',(#1161,#1162,#1163,#1164));
#6863=EDGE_LOOP('',(#1165,#1166,#1167,#1168));
#6864=EDGE_LOOP('',(#1169,#1170,#1171,#1172));
#6865=EDGE_LOOP('',(#1173,#1174,#1175,#1176));
#6866=EDGE_LOOP('',(#1177,#1178,#1179,#1180));
#6867=EDGE_LOOP('',(#1181,#1182,#1183,#1184));
#6868=EDGE_LOOP('',(#1185,#1186,#1187,#1188));
#6869=EDGE_LOOP('',(#1189,#1190,#1191,#1192));
#6870=EDGE_LOOP('',(#1193,#1194,#1195,#1196));
#6871=EDGE_LOOP('',(#1197,#1198,#1199,#1200));
#6872=EDGE_LOOP('',(#1201,#1202,#1203,#1204));
#6873=EDGE_LOOP('',(#1205,#1206,#1207,#1208));
#6874=EDGE_LOOP('',(#1209,#1210,#1211,#1212));
#6875=EDGE_LOOP('',(#1213,#1214,#1215,#1216));
#6876=EDGE_LOOP('',(#1217,#1218,#1219,#1220));
#6877=EDGE_LOOP('',(#1221,#1222,#1223,#1224));
#6878=EDGE_LOOP('',(#1225,#1226,#1227,#1228));
#6879=EDGE_LOOP('',(#1229,#1230,#1231,#1232));
#6880=EDGE_LOOP('',(#1233,#1234,#1235,#1236));
#6881=EDGE_LOOP('',(#1237,#1238,#1239,#1240));
#6882=EDGE_LOOP('',(#1241,#1242,#1243,#1244));
#6883=EDGE_LOOP('',(#1245,#1246,#1247,#1248));
#6884=EDGE_LOOP('',(#1249,#1250,#1251,#1252));
#6885=EDGE_LOOP('',(#1253,#1254,#1255,#1256));
#6886=EDGE_LOOP('',(#1257,#1258,#1259,#1260));
#6887=EDGE_LOOP('',(#1261,#1262,#1263,#1264));
#6888=EDGE_LOOP('',(#1265,#1266,#1267,#1268));
#6889=EDGE_LOOP('',(#1269,#1270,#1271,#1272));
#6890=EDGE_LOOP('',(#1273,#1274,#1275,#1276));
#6891=EDGE_LOOP('',(#1277,#1278,#1279,#1280));
#6892=EDGE_LOOP('',(#1281,#1282,#1283,#1284));
#6893=EDGE_LOOP('',(#1285,#1286,#1287,#1288));
#6894=EDGE_LOOP('',(#1289,#1290,#1291,#1292));
#6895=EDGE_LOOP('',(#1293,#1294,#1295,#1296));
#6896=EDGE_LOOP('',(#1297,#1298,#1299,#1300));
#6897=EDGE_LOOP('',(#1301,#1302,#1303,#1304));
#6898=EDGE_LOOP('',(#1305,#1306,#1307,#1308));
#6899=EDGE_LOOP('',(#1309,#1310,#1311,#1312));
#6900=EDGE_LOOP('',(#1313,#1314,#1315,#1316));
#6901=EDGE_LOOP('',(#1317,#1318,#1319,#1320));
#6902=EDGE_LOOP('',(#1321,#1322,#1323,#1324));
#6903=EDGE_LOOP('',(#1325,#1326,#1327,#1328));
#6904=EDGE_LOOP('',(#1329,#1330,#1331,#1332));
#6905=EDGE_LOOP('',(#1333,#1334,#1335,#1336));
#6906=EDGE_LOOP('',(#1337,#1338,#1339,#1340));
#6907=EDGE_LOOP('',(#1341,#1342,#1343,#1344));
#6908=EDGE_LOOP('',(#1345,#1346,#1347,#1348));
#6909=EDGE_LOOP('',(#1349,#1350,#1351,#1352));
#6910=EDGE_LOOP('',(#1353,#1354,#1355,#1356));
#6911=EDGE_LOOP('',(#1357,#1358,#1359,#1360));
#6912=EDGE_LOOP('',(#1361,#1362,#1363,#1364));
#6913=EDGE_LOOP('',(#1365,#1366,#1367,#1368));
#6914=EDGE_LOOP('',(#1369,#1370,#1371,#1372));
#6915=EDGE_LOOP('',(#1373,#1374,#1375,#1376));
#6916=EDGE_LOOP('',(#1377,#1378,#1379,#1380));
#6917=EDGE_LOOP('',(#1381,#1382,#1383,#1384));
#6918=EDGE_LOOP('',(#1385,#1386,#1387,#1388));
#6919=EDGE_LOOP('',(#1389,#1390,#1391,#1392));
#6920=EDGE_LOOP('',(#1393,#1394,#1395,#1396));
#6921=EDGE_LOOP('',(#1397,#1398,#1399,#1400));
#6922=EDGE_LOOP('',(#1401,#1402,#1403,#1404));
#6923=EDGE_LOOP('',(#1405,#1406,#1407,#1408));
#6924=EDGE_LOOP('',(#1409,#1410,#1411,#1412));
#6925=EDGE_LOOP('',(#1413,#1414,#1415,#1416));
#6926=EDGE_LOOP('',(#1417,#1418,#1419,#1420));
#6927=EDGE_LOOP('',(#1421,#1422,#1423,#1424));
#6928=EDGE_LOOP('',(#1425,#1426,#1427,#1428));
#6929=EDGE_LOOP('',(#1429,#1430,#1431,#1432));
#6930=EDGE_LOOP('',(#1433,#1434,#1435,#1436));
#6931=EDGE_LOOP('',(#1437,#1438,#1439,#1440));
#6932=EDGE_LOOP('',(#1441,#1442,#1443,#1444));
#6933=EDGE_LOOP('',(#1445,#1446,#1447,#1448));
#6934=EDGE_LOOP('',(#1449,#1450,#1451,#1452));
#6935=EDGE_LOOP('',(#1453,#1454,#1455,#1456));
#6936=EDGE_LOOP('',(#1457,#1458,#1459,#1460));
#6937=EDGE_LOOP('',(#1461,#1462,#1463,#1464));
#6938=EDGE_LOOP('',(#1465,#1466,#1467,#1468));
#6939=EDGE_LOOP('',(#1469,#1470,#1471,#1472));
#6940=EDGE_LOOP('',(#1473,#1474,#1475,#1476));
#6941=EDGE_LOOP('',(#1477,#1478,#1479,#1480));
#6942=EDGE_LOOP('',(#1481,#1482,#1483,#1484));
#6943=EDGE_LOOP('',(#1485,#1486,#1487,#1488));
#6944=EDGE_LOOP('',(#1489,#1490,#1491,#1492));
#6945=EDGE_LOOP('',(#1493,#1494,#1495,#1496));
#6946=EDGE_LOOP('',(#1497,#1498,#1499,#1500));
#6947=EDGE_LOOP('',(#1501,#1502,#1503,#1504));
#6948=EDGE_LOOP('',(#1505,#1506,#1507,#1508));
#6949=EDGE_LOOP('',(#1509,#1510,#1511,#1512));
#6950=EDGE_LOOP('',(#1513,#1514,#1515,#1516));
#6951=EDGE_LOOP('',(#1517,#1518,#1519,#1520));
#6952=EDGE_LOOP('',(#1521,#1522,#1523,#1524));
#6953=EDGE_LOOP('',(#1525,#1526,#1527,#1528));
#6954=EDGE_LOOP('',(#1529,#1530,#1531,#1532));
#6955=EDGE_LOOP('',(#1533,#1534,#1535,#1536));
#6956=EDGE_LOOP('',(#1537,#1538,#1539,#1540));
#6957=EDGE_LOOP('',(#1541,#1542,#1543,#1544));
#6958=EDGE_LOOP('',(#1545,#1546,#1547,#1548));
#6959=EDGE_LOOP('',(#1549,#1550,#1551,#1552));
#6960=EDGE_LOOP('',(#1553,#1554,#1555,#1556));
#6961=EDGE_LOOP('',(#1557,#1558,#1559,#1560));
#6962=EDGE_LOOP('',(#1561,#1562,#1563,#1564));
#6963=EDGE_LOOP('',(#1565,#1566,#1567,#1568));
#6964=EDGE_LOOP('',(#1569,#1570,#1571,#1572));
#6965=EDGE_LOOP('',(#1573,#1574,#1575,#1576));
#6966=EDGE_LOOP('',(#1577,#1578,#1579,#1580));
#6967=EDGE_LOOP('',(#1581,#1582,#1583,#1584));
#6968=EDGE_LOOP('',(#1585,#1586,#1587,#1588));
#6969=EDGE_LOOP('',(#1589,#1590,#1591,#1592));
#6970=EDGE_LOOP('',(#1593,#1594,#1595,#1596));
#6971=EDGE_LOOP('',(#1597,#1598,#1599,#1600));
#6972=EDGE_LOOP('',(#1601,#1602,#1603,#1604));
#6973=EDGE_LOOP('',(#1605,#1606,#1607,#1608));
#6974=EDGE_LOOP('',(#1609,#1610,#1611,#1612));
#6975=EDGE_LOOP('',(#1613,#1614,#1615,#1616));
#6976=EDGE_LOOP('',(#1617,#1618,#1619,#1620));
#6977=EDGE_LOOP('',(#1621,#1622,#1623,#1624));
#6978=EDGE_LOOP('',(#1625,#1626,#1627,#1628));
#6979=EDGE_LOOP('',(#1629,#1630,#1631,#1632));
#6980=EDGE_LOOP('',(#1633,#1634,#1635,#1636));
#6981=EDGE_LOOP('',(#1637,#1638,#1639,#1640));
#6982=EDGE_LOOP('',(#1641,#1642,#1643,#1644));
#6983=EDGE_LOOP('',(#1645,#1646,#1647,#1648));
#6984=EDGE_LOOP('',(#1649,#1650,#1651,#1652));
#6985=EDGE_LOOP('',(#1653,#1654,#1655,#1656));
#6986=EDGE_LOOP('',(#1657,#1658,#1659,#1660));
#6987=EDGE_LOOP('',(#1661,#1662,#1663,#1664));
#6988=EDGE_LOOP('',(#1665,#1666,#1667,#1668));
#6989=EDGE_LOOP('',(#1669,#1670,#1671,#1672));
#6990=EDGE_LOOP('',(#1673,#1674,#1675,#1676));
#6991=EDGE_LOOP('',(#1677,#1678,#1679,#1680));
#6992=EDGE_LOOP('',(#1681,#1682,#1683,#1684));
#6993=EDGE_LOOP('',(#1685,#1686,#1687,#1688));
#6994=EDGE_LOOP('',(#1689,#1690,#1691,#1692));
#6995=EDGE_LOOP('',(#1693,#1694,#1695,#1696));
#6996=EDGE_LOOP('',(#1697,#1698,#1699,#1700));
#6997=EDGE_LOOP('',(#1701,#1702,#1703,#1704));
#6998=EDGE_LOOP('',(#1705,#1706,#1707,#1708));
#6999=EDGE_LOOP('',(#1709,#1710,#1711,#1712));
#7000=EDGE_LOOP('',(#1713,#1714,#1715,#1716));
#7001=EDGE_LOOP('',(#1717,#1718,#1719,#1720));
#7002=EDGE_LOOP('',(#1721,#1722,#1723,#1724));
#7003=EDGE_LOOP('',(#1725,#1726,#1727,#1728));
#7004=EDGE_LOOP('',(#1729,#1730,#1731,#1732));
#7005=EDGE_LOOP('',(#1733,#1734,#1735,#1736));
#7006=EDGE_LOOP('',(#1737,#1738,#1739,#1740));
#7007=EDGE_LOOP('',(#1741,#1742,#1743,#1744));
#7008=EDGE_LOOP('',(#1745,#1746,#1747,#1748));
#7009=EDGE_LOOP('',(#1749,#1750,#1751,#1752));
#7010=EDGE_LOOP('',(#1753,#1754,#1755,#1756));
#7011=EDGE_LOOP('',(#1757,#1758,#1759,#1760));
#7012=EDGE_LOOP('',(#1761,#1762,#1763,#1764));
#7013=EDGE_LOOP('',(#1765,#1766,#1767,#1768));
#7014=EDGE_LOOP('',(#1769,#1770,#1771,#1772));
#7015=EDGE_LOOP('',(#1773,#1774,#1775,#1776));
#7016=EDGE_LOOP('',(#1777,#1778,#1779,#1780));
#7017=EDGE_LOOP('',(#1781,#1782,#1783,#1784));
#7018=EDGE_LOOP('',(#1785,#1786,#1787,#1788));
#7019=EDGE_LOOP('',(#1789,#1790,#1791,#1792));
#7020=EDGE_LOOP('',(#1793,#1794,#1795,#1796));
#7021=EDGE_LOOP('',(#1797,#1798,#1799,#1800));
#7022=EDGE_LOOP('',(#1801,#1802,#1803,#1804));
#7023=EDGE_LOOP('',(#1805,#1806,#1807,#1808));
#7024=EDGE_LOOP('',(#1809,#1810,#1811,#1812));
#7025=EDGE_LOOP('',(#1813,#1814,#1815,#1816));
#7026=EDGE_LOOP('',(#1817,#1818,#1819,#1820));
#7027=EDGE_LOOP('',(#1821,#1822,#1823,#1824));
#7028=EDGE_LOOP('',(#1825,#1826,#1827,#1828));
#7029=EDGE_LOOP('',(#1829,#1830,#1831,#1832));
#7030=EDGE_LOOP('',(#1833,#1834,#1835,#1836,#1837,#1838,#1839,#1840));
#7031=EDGE_LOOP('',(#1841,#1842,#1843,#1844,#1845,#1846,#1847,#1848));
#7032=EDGE_LOOP('',(#1849,#1850,#1851,#1852,#1853,#1854,#1855,#1856));
#7033=EDGE_LOOP('',(#1857,#1858,#1859,#1860,#1861,#1862,#1863,#1864));
#7034=EDGE_LOOP('',(#1865,#1866,#1867,#1868,#1869,#1870,#1871,#1872));
#7035=EDGE_LOOP('',(#1873,#1874,#1875,#1876,#1877,#1878,#1879,#1880));
#7036=EDGE_LOOP('',(#1881,#1882,#1883,#1884,#1885,#1886,#1887,#1888));
#7037=EDGE_LOOP('',(#1889,#1890,#1891,#1892,#1893,#1894,#1895,#1896));
#7038=EDGE_LOOP('',(#1897,#1898,#1899,#1900,#1901,#1902,#1903,#1904));
#7039=EDGE_LOOP('',(#1905,#1906,#1907,#1908,#1909,#1910,#1911,#1912));
#7040=EDGE_LOOP('',(#1913,#1914,#1915,#1916,#1917,#1918,#1919,#1920));
#7041=EDGE_LOOP('',(#1921,#1922,#1923,#1924,#1925,#1926,#1927,#1928));
#7042=EDGE_LOOP('',(#1929,#1930,#1931,#1932,#1933,#1934,#1935,#1936));
#7043=EDGE_LOOP('',(#1937,#1938,#1939,#1940,#1941,#1942,#1943,#1944));
#7044=EDGE_LOOP('',(#1945,#1946,#1947,#1948,#1949,#1950,#1951,#1952));
#7045=EDGE_LOOP('',(#1953,#1954,#1955,#1956,#1957,#1958,#1959,#1960));
#7046=EDGE_LOOP('',(#1961,#1962,#1963,#1964,#1965,#1966,#1967,#1968));
#7047=EDGE_LOOP('',(#1969,#1970,#1971,#1972,#1973,#1974,#1975,#1976));
#7048=EDGE_LOOP('',(#1977,#1978,#1979,#1980,#1981,#1982,#1983,#1984));
#7049=EDGE_LOOP('',(#1985,#1986,#1987,#1988,#1989,#1990,#1991,#1992));
#7050=EDGE_LOOP('',(#1993,#1994,#1995,#1996,#1997,#1998,#1999,#2000));
#7051=EDGE_LOOP('',(#2001,#2002,#2003,#2004,#2005,#2006,#2007,#2008));
#7052=EDGE_LOOP('',(#2009,#2010,#2011,#2012,#2013,#2014,#2015,#2016));
#7053=EDGE_LOOP('',(#2017,#2018,#2019,#2020,#2021,#2022,#2023,#2024));
#7054=EDGE_LOOP('',(#2025,#2026,#2027,#2028,#2029,#2030,#2031,#2032));
#7055=EDGE_LOOP('',(#2033,#2034,#2035,#2036,#2037,#2038,#2039,#2040));
#7056=EDGE_LOOP('',(#2041,#2042,#2043,#2044,#2045,#2046,#2047,#2048));
#7057=EDGE_LOOP('',(#2049,#2050,#2051,#2052,#2053,#2054,#2055,#2056));
#7058=EDGE_LOOP('',(#2057,#2058,#2059,#2060,#2061,#2062,#2063,#2064));
#7059=EDGE_LOOP('',(#2065,#2066,#2067,#2068,#2069,#2070,#2071,#2072));
#7060=EDGE_LOOP('',(#2073,#2074,#2075,#2076,#2077,#2078,#2079,#2080));
#7061=EDGE_LOOP('',(#2081,#2082,#2083,#2084,#2085,#2086,#2087,#2088));
#7062=EDGE_LOOP('',(#2089,#2090,#2091,#2092));
#7063=EDGE_LOOP('',(#2093,#2094,#2095,#2096));
#7064=EDGE_LOOP('',(#2097,#2098,#2099,#2100));
#7065=EDGE_LOOP('',(#2101,#2102,#2103,#2104));
#7066=EDGE_LOOP('',(#2105,#2106,#2107,#2108));
#7067=EDGE_LOOP('',(#2109,#2110,#2111,#2112));
#7068=EDGE_LOOP('',(#2113,#2114,#2115,#2116));
#7069=EDGE_LOOP('',(#2117,#2118,#2119,#2120));
#7070=EDGE_LOOP('',(#2121,#2122,#2123,#2124));
#7071=EDGE_LOOP('',(#2125,#2126,#2127,#2128));
#7072=EDGE_LOOP('',(#2129,#2130,#2131,#2132));
#7073=EDGE_LOOP('',(#2133,#2134,#2135,#2136));
#7074=EDGE_LOOP('',(#2137,#2138,#2139,#2140));
#7075=EDGE_LOOP('',(#2141,#2142,#2143,#2144));
#7076=EDGE_LOOP('',(#2145,#2146,#2147,#2148));
#7077=EDGE_LOOP('',(#2149,#2150,#2151,#2152));
#7078=EDGE_LOOP('',(#2153,#2154,#2155,#2156));
#7079=EDGE_LOOP('',(#2157,#2158,#2159,#2160));
#7080=EDGE_LOOP('',(#2161,#2162,#2163,#2164));
#7081=EDGE_LOOP('',(#2165,#2166,#2167,#2168));
#7082=EDGE_LOOP('',(#2169,#2170,#2171,#2172));
#7083=EDGE_LOOP('',(#2173,#2174,#2175,#2176));
#7084=EDGE_LOOP('',(#2177,#2178,#2179,#2180));
#7085=EDGE_LOOP('',(#2181,#2182,#2183,#2184));
#7086=EDGE_LOOP('',(#2185,#2186,#2187,#2188));
#7087=EDGE_LOOP('',(#2189,#2190,#2191,#2192));
#7088=EDGE_LOOP('',(#2193,#2194,#2195,#2196));
#7089=EDGE_LOOP('',(#2197,#2198,#2199,#2200));
#7090=EDGE_LOOP('',(#2201,#2202,#2203,#2204));
#7091=EDGE_LOOP('',(#2205,#2206,#2207,#2208));
#7092=EDGE_LOOP('',(#2209,#2210,#2211,#2212));
#7093=EDGE_LOOP('',(#2213,#2214,#2215,#2216));
#7094=EDGE_LOOP('',(#2217,#2218,#2219,#2220));
#7095=EDGE_LOOP('',(#2221,#2222,#2223,#2224));
#7096=EDGE_LOOP('',(#2225,#2226,#2227,#2228));
#7097=EDGE_LOOP('',(#2229,#2230,#2231,#2232));
#7098=EDGE_LOOP('',(#2233,#2234,#2235,#2236));
#7099=EDGE_LOOP('',(#2237,#2238,#2239,#2240));
#7100=EDGE_LOOP('',(#2241,#2242,#2243,#2244));
#7101=EDGE_LOOP('',(#2245,#2246,#2247,#2248));
#7102=EDGE_LOOP('',(#2249,#2250,#2251,#2252));
#7103=EDGE_LOOP('',(#2253,#2254,#2255,#2256));
#7104=EDGE_LOOP('',(#2257,#2258,#2259,#2260));
#7105=EDGE_LOOP('',(#2261,#2262,#2263,#2264));
#7106=EDGE_LOOP('',(#2265,#2266,#2267,#2268));
#7107=EDGE_LOOP('',(#2269,#2270,#2271,#2272));
#7108=EDGE_LOOP('',(#2273,#2274,#2275,#2276));
#7109=EDGE_LOOP('',(#2277,#2278,#2279,#2280));
#7110=EDGE_LOOP('',(#2281,#2282,#2283,#2284));
#7111=EDGE_LOOP('',(#2285,#2286,#2287,#2288));
#7112=EDGE_LOOP('',(#2289,#2290,#2291,#2292));
#7113=EDGE_LOOP('',(#2293,#2294,#2295,#2296));
#7114=EDGE_LOOP('',(#2297,#2298,#2299,#2300));
#7115=EDGE_LOOP('',(#2301,#2302,#2303,#2304));
#7116=EDGE_LOOP('',(#2305,#2306,#2307,#2308));
#7117=EDGE_LOOP('',(#2309,#2310,#2311,#2312));
#7118=EDGE_LOOP('',(#2313,#2314,#2315,#2316));
#7119=EDGE_LOOP('',(#2317,#2318,#2319,#2320));
#7120=EDGE_LOOP('',(#2321,#2322,#2323,#2324));
#7121=EDGE_LOOP('',(#2325,#2326,#2327,#2328));
#7122=EDGE_LOOP('',(#2329,#2330,#2331,#2332));
#7123=EDGE_LOOP('',(#2333,#2334,#2335,#2336));
#7124=EDGE_LOOP('',(#2337,#2338,#2339,#2340));
#7125=EDGE_LOOP('',(#2341,#2342,#2343,#2344));
#7126=EDGE_LOOP('',(#2345,#2346,#2347,#2348));
#7127=EDGE_LOOP('',(#2349,#2350,#2351,#2352));
#7128=EDGE_LOOP('',(#2353,#2354,#2355,#2356));
#7129=EDGE_LOOP('',(#2357,#2358,#2359,#2360));
#7130=EDGE_LOOP('',(#2361,#2362,#2363,#2364));
#7131=EDGE_LOOP('',(#2365,#2366,#2367,#2368));
#7132=EDGE_LOOP('',(#2369,#2370,#2371,#2372));
#7133=EDGE_LOOP('',(#2373,#2374,#2375,#2376));
#7134=EDGE_LOOP('',(#2377,#2378,#2379,#2380));
#7135=EDGE_LOOP('',(#2381,#2382,#2383,#2384));
#7136=EDGE_LOOP('',(#2385,#2386,#2387,#2388));
#7137=EDGE_LOOP('',(#2389,#2390,#2391,#2392));
#7138=EDGE_LOOP('',(#2393,#2394,#2395,#2396));
#7139=EDGE_LOOP('',(#2397,#2398,#2399,#2400));
#7140=EDGE_LOOP('',(#2401,#2402,#2403,#2404));
#7141=EDGE_LOOP('',(#2405,#2406,#2407,#2408));
#7142=EDGE_LOOP('',(#2409,#2410,#2411,#2412));
#7143=EDGE_LOOP('',(#2413,#2414,#2415,#2416));
#7144=EDGE_LOOP('',(#2417,#2418,#2419,#2420));
#7145=EDGE_LOOP('',(#2421,#2422,#2423,#2424));
#7146=EDGE_LOOP('',(#2425,#2426,#2427,#2428));
#7147=EDGE_LOOP('',(#2429,#2430,#2431,#2432));
#7148=EDGE_LOOP('',(#2433,#2434,#2435,#2436));
#7149=EDGE_LOOP('',(#2437,#2438,#2439,#2440));
#7150=EDGE_LOOP('',(#2441,#2442,#2443,#2444));
#7151=EDGE_LOOP('',(#2445,#2446,#2447,#2448));
#7152=EDGE_LOOP('',(#2449,#2450,#2451,#2452));
#7153=EDGE_LOOP('',(#2453,#2454,#2455,#2456));
#7154=EDGE_LOOP('',(#2457,#2458,#2459,#2460));
#7155=EDGE_LOOP('',(#2461,#2462,#2463,#2464));
#7156=EDGE_LOOP('',(#2465,#2466,#2467,#2468));
#7157=EDGE_LOOP('',(#2469,#2470,#2471,#2472));
#7158=EDGE_LOOP('',(#2473,#2474,#2475,#2476));
#7159=EDGE_LOOP('',(#2477,#2478,#2479,#2480));
#7160=EDGE_LOOP('',(#2481,#2482,#2483,#2484));
#7161=EDGE_LOOP('',(#2485,#2486,#2487,#2488));
#7162=EDGE_LOOP('',(#2489,#2490,#2491,#2492));
#7163=EDGE_LOOP('',(#2493,#2494,#2495,#2496));
#7164=EDGE_LOOP('',(#2497,#2498,#2499,#2500));
#7165=FACE_BOUND('',#6664,.T.);
#7166=FACE_BOUND('',#6665,.T.);
#7167=FACE_BOUND('',#6666,.T.);
#7168=FACE_BOUND('',#6667,.T.);
#7169=FACE_BOUND('',#6668,.T.);
#7170=FACE_BOUND('',#6669,.T.);
#7171=FACE_BOUND('',#6670,.T.);
#7172=FACE_BOUND('',#6671,.T.);
#7173=FACE_BOUND('',#6672,.T.);
#7174=FACE_BOUND('',#6673,.T.);
#7175=FACE_BOUND('',#6674,.T.);
#7176=FACE_BOUND('',#6675,.T.);
#7177=FACE_BOUND('',#6676,.T.);
#7178=FACE_BOUND('',#6677,.T.);
#7179=FACE_BOUND('',#6678,.T.);
#7180=FACE_BOUND('',#6679,.T.);
#7181=FACE_BOUND('',#6680,.T.);
#7182=FACE_BOUND('',#6681,.T.);
#7183=FACE_BOUND('',#6682,.T.);
#7184=FACE_BOUND('',#6683,.T.);
#7185=FACE_BOUND('',#6684,.T.);
#7186=FACE_BOUND('',#6685,.T.);
#7187=FACE_BOUND('',#6686,.T.);
#7188=FACE_BOUND('',#6687,.T.);
#7189=FACE_BOUND('',#6688,.T.);
#7190=FACE_BOUND('',#6689,.T.);
#7191=FACE_BOUND('',#6690,.T.);
#7192=FACE_BOUND('',#6691,.T.);
#7193=FACE_BOUND('',#6692,.T.);
#7194=FACE_BOUND('',#6693,.T.);
#7195=FACE_BOUND('',#6694,.T.);
#7196=FACE_BOUND('',#6695,.T.);
#7197=FACE_BOUND('',#6696,.T.);
#7198=FACE_BOUND('',#6697,.T.);
#7199=FACE_BOUND('',#6698,.T.);
#7200=FACE_BOUND('',#6699,.T.);
#7201=FACE_BOUND('',#6700,.T.);
#7202=FACE_BOUND('',#6701,.T.);
#7203=FACE_BOUND('',#6702,.T.);
#7204=FACE_BOUND('',#6703,.T.);
#7205=FACE_BOUND('',#6704,.T.);
#7206=FACE_BOUND('',#6705,.T.);
#7207=FACE_BOUND('',#6706,.T.);
#7208=FACE_BOUND('',#6707,.T.);
#7209=FACE_BOUND('',#6708,.T.);
#7210=FACE_BOUND('',#6709,.T.);
#7211=FACE_BOUND('',#6710,.T.);
#7212=FACE_BOUND('',#6711,.T.);
#7213=FACE_BOUND('',#6712,.T.);
#7214=FACE_BOUND('',#6713,.T.);
#7215=FACE_BOUND('',#6714,.T.);
#7216=FACE_BOUND('',#6715,.T.);
#7217=FACE_BOUND('',#6716,.T.);
#7218=FACE_BOUND('',#6717,.T.);
#7219=FACE_BOUND('',#6718,.T.);
#7220=FACE_BOUND('',#6719,.T.);
#7221=FACE_BOUND('',#6720,.T.);
#7222=FACE_BOUND('',#6721,.T.);
#7223=FACE_BOUND('',#6722,.T.);
#7224=FACE_BOUND('',#6723,.T.);
#7225=FACE_BOUND('',#6724,.T.);
#7226=FACE_BOUND('',#6725,.T.);
#7227=FACE_BOUND('',#6726,.T.);
#7228=FACE_BOUND('',#6727,.T.);
#7229=FACE_BOUND('',#6728,.T.);
#7230=FACE_BOUND('',#6729,.T.);
#7231=FACE_BOUND('',#6730,.T.);
#7232=FACE_BOUND('',#6731,.T.);
#7233=FACE_BOUND('',#6732,.T.);
#7234=FACE_BOUND('',#6733,.T.);
#7235=FACE_BOUND('',#6734,.T.);
#7236=FACE_BOUND('',#6735,.T.);
#7237=FACE_BOUND('',#6736,.T.);
#7238=FACE_BOUND('',#6737,.T.);
#7239=FACE_BOUND('',#6738,.T.);
#7240=FACE_BOUND('',#6739,.T.);
#7241=FACE_BOUND('',#6740,.T.);
#7242=FACE_BOUND('',#6741,.T.);
#7243=FACE_BOUND('',#6742,.T.);
#7244=FACE_BOUND('',#6743,.T.);
#7245=FACE_BOUND('',#6744,.T.);
#7246=FACE_BOUND('',#6745,.T.);
#7247=FACE_BOUND('',#6746,.T.);
#7248=FACE_BOUND('',#6747,.T.);
#7249=FACE_BOUND('',#6748,.T.);
#7250=FACE_BOUND('',#6749,.T.);
#7251=FACE_BOUND('',#6750,.T.);
#7252=FACE_BOUND('',#6751,.T.);
#7253=FACE_BOUND('',#6752,.T.);
#7254=FACE_BOUND('',#6753,.T.);
#7255=FACE_BOUND('',#6754,.T.);
#7256=FACE_BOUND('',#6755,.T.);
#7257=FACE_BOUND('',#6756,.T.);
#7258=FACE_BOUND('',#6757,.T.);
#7259=FACE_BOUND('',#6758,.T.);
#7260=FACE_BOUND('',#6759,.T.);
#7261=FACE_BOUND('',#6760,.T.);
#7262=FACE_BOUND('',#6761,.T.);
#7263=FACE_BOUND('',#6762,.T.);
#7264=FACE_BOUND('',#6763,.T.);
#7265=FACE_BOUND('',#6764,.T.);
#7266=FACE_BOUND('',#6765,.T.);
#7267=FACE_BOUND('',#6766,.T.);
#7268=FACE_BOUND('',#6767,.T.);
#7269=FACE_BOUND('',#6768,.T.);
#7270=FACE_BOUND('',#6769,.T.);
#7271=FACE_BOUND('',#6770,.T.);
#7272=FACE_BOUND('',#6771,.T.);
#7273=FACE_BOUND('',#6772,.T.);
#7274=FACE_BOUND('',#6773,.T.);
#7275=FACE_BOUND('',#6774,.T.);
#7276=FACE_BOUND('',#6775,.T.);
#7277=FACE_BOUND('',#6776,.T.);
#7278=FACE_BOUND('',#6777,.T.);
#7279=FACE_BOUND('',#6778,.T.);
#7280=FACE_BOUND('',#6779,.T.);
#7281=FACE_BOUND('',#6780,.T.);
#7282=FACE_BOUND('',#6781,.T.);
#7283=FACE_BOUND('',#6782,.T.);
#7284=FACE_BOUND('',#6783,.T.);
#7285=FACE_BOUND('',#6784,.T.);
#7286=FACE_BOUND('',#6785,.T.);
#7287=FACE_BOUND('',#6786,.T.);
#7288=FACE_BOUND('',#6787,.T.);
#7289=FACE_BOUND('',#6788,.T.);
#7290=FACE_BOUND('',#6789,.T.);
#7291=FACE_BOUND('',#6790,.T.);
#7292=FACE_BOUND('',#6791,.T.);
#7293=FACE_BOUND('',#6792,.T.);
#7294=FACE_BOUND('',#6793,.T.);
#7295=FACE_BOUND('',#6794,.T.);
#7296=FACE_BOUND('',#6795,.T.);
#7297=FACE_BOUND('',#6796,.T.);
#7298=FACE_BOUND('',#6797,.T.);
#7299=FACE_BOUND('',#6798,.T.);
#7300=FACE_BOUND('',#6799,.T.);
#7301=FACE_BOUND('',#6800,.T.);
#7302=FACE_BOUND('',#6801,.T.);
#7303=FACE_BOUND('',#6802,.T.);
#7304=FACE_BOUND('',#6803,.T.);
#7305=FACE_BOUND('',#6804,.T.);
#7306=FACE_BOUND('',#6805,.T.);
#7307=FACE_BOUND('',#6806,.T.);
#7308=FACE_BOUND('',#6807,.T.);
#7309=FACE_BOUND('',#6808,.T.);
#7310=FACE_BOUND('',#6809,.T.);
#7311=FACE_BOUND('',#6810,.T.);
#7312=FACE_BOUND('',#6811,.T.);
#7313=FACE_BOUND('',#6812,.T.);
#7314=FACE_BOUND('',#6813,.T.);
#7315=FACE_BOUND('',#6814,.T.);
#7316=FACE_BOUND('',#6815,.T.);
#7317=FACE_BOUND('',#6816,.T.);
#7318=FACE_BOUND('',#6817,.T.);
#7319=FACE_BOUND('',#6818,.T.);
#7320=FACE_BOUND('',#6819,.T.);
#7321=FACE_BOUND('',#6820,.T.);
#7322=FACE_BOUND('',#6821,.T.);
#7323=FACE_BOUND('',#6822,.T.);
#7324=FACE_BOUND('',#6823,.T.);
#7325=FACE_BOUND('',#6824,.T.);
#7326=FACE_BOUND('',#6825,.T.);
#7327=FACE_BOUND('',#6826,.T.);
#7328=FACE_BOUND('',#6827,.T.);
#7329=FACE_BOUND('',#6828,.T.);
#7330=FACE_BOUND('',#6829,.T.);
#7331=FACE_BOUND('',#6830,.T.);
#7332=FACE_BOUND('',#6831,.T.);
#7333=FACE_BOUND('',#6832,.T.);
#7334=FACE_BOUND('',#6833,.T.);
#7335=FACE_BOUND('',#6834,.T.);
#7336=FACE_BOUND('',#6835,.T.);
#7337=FACE_BOUND('',#6836,.T.);
#7338=FACE_BOUND('',#6837,.T.);
#7339=FACE_BOUND('',#6838,.T.);
#7340=FACE_BOUND('',#6839,.T.);
#7341=FACE_BOUND('',#6840,.T.);
#7342=FACE_BOUND('',#6841,.T.);
#7343=FACE_BOUND('',#6842,.T.);
#7344=FACE_BOUND('',#6843,.T.);
#7345=FACE_BOUND('',#6844,.T.);
#7346=FACE_BOUND('',#6845,.T.);
#7347=FACE_BOUND('',#6846,.T.);
#7348=FACE_BOUND('',#6847,.T.);
#7349=FACE_BOUND('',#6848,.T.);
#7350=FACE_BOUND('',#6849,.T.);
#7351=FACE_BOUND('',#6850,.T.);
#7352=FACE_BOUND('',#6851,.T.);
#7353=FACE_BOUND('',#6852,.T.);
#7354=FACE_BOUND('',#6853,.T.);
#7355=FACE_BOUND('',#6854,.T.);
#7356=FACE_BOUND('',#6855,.T.);
#7357=FACE_BOUND('',#6856,.T.);
#7358=FACE_BOUND('',#6857,.T.);
#7359=FACE_BOUND('',#6858,.T.);
#7360=FACE_BOUND('',#6859,.T.);
#7361=FACE_BOUND('',#6860,.T.);
#7362=FACE_BOUND('',#6861,.T.);
#7363=FACE_BOUND('',#6862,.T.);
#7364=FACE_BOUND('',#6863,.T.);
#7365=FACE_BOUND('',#6864,.T.);
#7366=FACE_BOUND('',#6865,.T.);
#7367=FACE_BOUND('',#6866,.T.);
#7368=FACE_BOUND('',#6867,.T.);
#7369=FACE_BOUND('',#6868,.T.);
#7370=FACE_BOUND('',#6869,.T.);
#7371=FACE_BOUND('',#6870,.T.);
#7372=FACE_BOUND('',#6871,.T.);
#7373=FACE_BOUND('',#6872,.T.);
#7374=FACE_BOUND('',#6873,.T.);
#7375=FACE_BOUND('',#6874,.T.);
#7376=FACE_BOUND('',#6875,.T.);
#7377=FACE_BOUND('',#6876,.T.);
#7378=FACE_BOUND('',#6877,.T.);
#7379=FACE_BOUND('',#6878,.T.);
#7380=FACE_BOUND('',#6879,.T.);
#7381=FACE_BOUND('',#6880,.T.);
#7382=FACE_BOUND('',#6881,.T.);
#7383=FACE_BOUND('',#6882,.T.);
#7384=FACE_BOUND('',#6883,.T.);
#7385=FACE_BOUND('',#6884,.T.);
#7386=FACE_BOUND('',#6885,.T.);
#7387=FACE_BOUND('',#6886,.T.);
#7388=FACE_BOUND('',#6887,.T.);
#7389=FACE_BOUND('',#6888,.T.);
#7390=FACE_BOUND('',#6889,.T.);
#7391=FACE_BOUND('',#6890,.T.);
#7392=FACE_BOUND('',#6891,.T.);
#7393=FACE_BOUND('',#6892,.T.);
#7394=FACE_BOUND('',#6893,.T.);
#7395=FACE_BOUND('',#6894,.T.);
#7396=FACE_BOUND('',#6895,.T.);
#7397=FACE_BOUND('',#6896,.T.);
#7398=FACE_BOUND('',#6897,.T.);
#7399=FACE_BOUND('',#6898,.T.);
#7400=FACE_BOUND('',#6899,.T.);
#7401=FACE_BOUND('',#6900,.T.);
#7402=FACE_BOUND('',#6901,.T.);
#7403=FACE_BOUND('',#6902,.T.);
#7404=FACE_BOUND('',#6903,.T.);
#7405=FACE_BOUND('',#6904,.T.);
#7406=FACE_BOUND('',#6905,.T.);
#7407=FACE_BOUND('',#6906,.T.);
#7408=FACE_BOUND('',#6907,.T.);
#7409=FACE_BOUND('',#6908,.T.);
#7410=FACE_BOUND('',#6909,.T.);
#7411=FACE_BOUND('',#6910,.T.);
#7412=FACE_BOUND('',#6911,.T.);
#7413=FACE_BOUND('',#6912,.T.);
#7414=FACE_BOUND('',#6913,.T.);
#7415=FACE_BOUND('',#6914,.T.);
#7416=FACE_BOUND('',#6915,.T.);
#7417=FACE_BOUND('',#6916,.T.);
#7418=FACE_BOUND('',#6917,.T.);
#7419=FACE_BOUND('',#6918,.T.);
#7420=FACE_BOUND('',#6919,.T.);
#7421=FACE_BOUND('',#6920,.T.);
#7422=FACE_BOUND('',#6921,.T.);
#7423=FACE_BOUND('',#6922,.T.);
#7424=FACE_BOUND('',#6923,.T.);
#7425=FACE_BOUND('',#6924,.T.);
#7426=FACE_BOUND('',#6925,.T.);
#7427=FACE_BOUND('',#6926,.T.);
#7428=FACE_BOUND('',#6927,.T.);
#7429=FACE_BOUND('',#6928,.T.);
#7430=FACE_BOUND('',#6929,.T.);
#7431=FACE_BOUND('',#6930,.T.);
#7432=FACE_BOUND('',#6931,.T.);
#7433=FACE_BOUND('',#6932,.T.);
#7434=FACE_BOUND('',#6933,.T.);
#7435=FACE_BOUND('',#6934,.T.);
#7436=FACE_BOUND('',#6935,.T.);
#7437=FACE_BOUND('',#6936,.T.);
#7438=FACE_BOUND('',#6937,.T.);
#7439=FACE_BOUND('',#6938,.T.);
#7440=FACE_BOUND('',#6939,.T.);
#7441=FACE_BOUND('',#6940,.T.);
#7442=FACE_BOUND('',#6941,.T.);
#7443=FACE_BOUND('',#6942,.T.);
#7444=FACE_BOUND('',#6943,.T.);
#7445=FACE_BOUND('',#6944,.T.);
#7446=FACE_BOUND('',#6945,.T.);
#7447=FACE_BOUND('',#6946,.T.);
#7448=FACE_BOUND('',#6947,.T.);
#7449=FACE_BOUND('',#6948,.T.);
#7450=FACE_BOUND('',#6949,.T.);
#7451=FACE_BOUND('',#6950,.T.);
#7452=FACE_BOUND('',#6951,.T.);
#7453=FACE_BOUND('',#6952,.T.);
#7454=FACE_BOUND('',#6953,.T.);
#7455=FACE_BOUND('',#6954,.T.);
#7456=FACE_BOUND('',#6955,.T.);
#7457=FACE_BOUND('',#6956,.T.);
#7458=FACE_BOUND('',#6957,.T.);
#7459=FACE_BOUND('',#6958,.T.);
#7460=FACE_BOUND('',#6959,.T.);
#7461=FACE_BOUND('',#6960,.T.);
#7462=FACE_BOUND('',#6961,.T.);
#7463=FACE_BOUND('',#6962,.T.);
#7464=FACE_BOUND('',#6963,.T.);
#7465=FACE_BOUND('',#6964,.T.);
#7466=FACE_BOUND('',#6965,.T.);
#7467=FACE_BOUND('',#6966,.T.);
#7468=FACE_BOUND('',#6967,.T.);
#7469=FACE_BOUND('',#6968,.T.);
#7470=FACE_BOUND('',#6969,.T.);
#7471=FACE_BOUND('',#6970,.T.);
#7472=FACE_BOUND('',#6971,.T.);
#7473=FACE_BOUND('',#6972,.T.);
#7474=FACE_BOUND('',#6973,.T.);
#7475=FACE_BOUND('',#6974,.T.);
#7476=FACE_BOUND('',#6975,.T.);
#7477=FACE_BOUND('',#6976,.T.);
#7478=FACE_BOUND('',#6977,.T.);
#7479=FACE_BOUND('',#6978,.T.);
#7480=FACE_BOUND('',#6979,.T.);
#7481=FACE_BOUND('',#6980,.T.);
#7482=FACE_BOUND('',#6981,.T.);
#7483=FACE_BOUND('',#6982,.T.);
#7484=FACE_BOUND('',#6983,.T.);
#7485=FACE_BOUND('',#6984,.T.);
#7486=FACE_BOUND('',#6985,.T.);
#7487=FACE_BOUND('',#6986,.T.);
#7488=FACE_BOUND('',#6987,.T.);
#7489=FACE_BOUND('',#6988,.T.);
#7490=FACE_BOUND('',#6989,.T.);
#7491=FACE_BOUND('',#6990,.T.);
#7492=FACE_BOUND('',#6991,.T.);
#7493=FACE_BOUND('',#6992,.T.);
#7494=FACE_BOUND('',#6993,.T.);
#7495=FACE_BOUND('',#6994,.T.);
#7496=FACE_BOUND('',#6995,.T.);
#7497=FACE_BOUND('',#6996,.T.);
#7498=FACE_BOUND('',#6997,.T.);
#7499=FACE_BOUND('',#6998,.T.);
#7500=FACE_BOUND('',#6999,.T.);
#7501=FACE_BOUND('',#7000,.T.);
#7502=FACE_BOUND('',#7001,.T.);
#7503=FACE_BOUND('',#7002,.T.);
#7504=FACE_BOUND('',#7003,.T.);
#7505=FACE_BOUND('',#7004,.T.);
#7506=FACE_BOUND('',#7005,.T.);
#7507=FACE_BOUND('',#7006,.T.);
#7508=FACE_BOUND('',#7007,.T.);
#7509=FACE_BOUND('',#7008,.T.);
#7510=FACE_BOUND('',#7009,.T.);
#7511=FACE_BOUND('',#7010,.T.);
#7512=FACE_BOUND('',#7011,.T.);
#7513=FACE_BOUND('',#7012,.T.);
#7514=FACE_BOUND('',#7013,.T.);
#7515=FACE_BOUND('',#7014,.T.);
#7516=FACE_BOUND('',#7015,.T.);
#7517=FACE_BOUND('',#7016,.T.);
#7518=FACE_BOUND('',#7017,.T.);
#7519=FACE_BOUND('',#7018,.T.);
#7520=FACE_BOUND('',#7019,.T.);
#7521=FACE_BOUND('',#7020,.T.);
#7522=FACE_BOUND('',#7021,.T.);
#7523=FACE_BOUND('',#7022,.T.);
#7524=FACE_BOUND('',#7023,.T.);
#7525=FACE_BOUND('',#7024,.T.);
#7526=FACE_BOUND('',#7025,.T.);
#7527=FACE_BOUND('',#7026,.T.);
#7528=FACE_BOUND('',#7027,.T.);
#7529=FACE_BOUND('',#7028,.T.);
#7530=FACE_BOUND('',#7029,.T.);
#7531=FACE_BOUND('',#7030,.T.);
#7532=FACE_BOUND('',#7031,.T.);
#7533=FACE_BOUND('',#7032,.T.);
#7534=FACE_BOUND('',#7033,.T.);
#7535=FACE_BOUND('',#7034,.T.);
#7536=FACE_BOUND('',#7035,.T.);
#7537=FACE_BOUND('',#7036,.T.);
#7538=FACE_BOUND('',#7037,.T.);
#7539=FACE_BOUND('',#7038,.T.);
#7540=FACE_BOUND('',#7039,.T.);
#7541=FACE_BOUND('',#7040,.T.);
#7542=FACE_BOUND('',#7041,.T.);
#7543=FACE_BOUND('',#7042,.T.);
#7544=FACE_BOUND('',#7043,.T.);
#7545=FACE_BOUND('',#7044,.T.);
#7546=FACE_BOUND('',#7045,.T.);
#7547=FACE_BOUND('',#7046,.T.);
#7548=FACE_BOUND('',#7047,.T.);
#7549=FACE_BOUND('',#7048,.T.);
#7550=FACE_BOUND('',#7049,.T.);
#7551=FACE_BOUND('',#7050,.T.);
#7552=FACE_BOUND('',#7051,.T.);
#7553=FACE_BOUND('',#7052,.T.);
#7554=FACE_BOUND('',#7053,.T.);
#7555=FACE_BOUND('',#7054,.T.);
#7556=FACE_BOUND('',#7055,.T.);
#7557=FACE_BOUND('',#7056,.T.);
#7558=FACE_BOUND('',#7057,.T.);
#7559=FACE_BOUND('',#7058,.T.);
#7560=FACE_BOUND('',#7059,.T.);
#7561=FACE_BOUND('',#7060,.T.);
#7562=FACE_BOUND('',#7061,.T.);
#7563=FACE_BOUND('',#7062,.T.);
#7564=FACE_BOUND('',#7063,.T.);
#7565=FACE_BOUND('',#7064,.T.);
#7566=FACE_BOUND('',#7065,.T.);
#7567=FACE_BOUND('',#7066,.T.);
#7568=FACE_BOUND('',#7067,.T.);
#7569=FACE_BOUND('',#7068,.T.);
#7570=FACE_BOUND('',#7069,.T.);
#7571=FACE_BOUND('',#7070,.T.);
#7572=FACE_BOUND('',#7071,.T.);
#7573=FACE_BOUND('',#7072,.T.);
#7574=FACE_BOUND('',#7073,.T.);
#7575=FACE_BOUND('',#7074,.T.);
#7576=FACE_BOUND('',#7075,.T.);
#7577=FACE_BOUND('',#7076,.T.);
#7578=FACE_BOUND('',#7077,.T.);
#7579=FACE_BOUND('',#7078,.T.);
#7580=FACE_BOUND('',#7079,.T.);
#7581=FACE_BOUND('',#7080,.T.);
#7582=FACE_BOUND('',#7081,.T.);
#7583=FACE_BOUND('',#7082,.T.);
#7584=FACE_BOUND('',#7083,.T.);
#7585=FACE_BOUND('',#7084,.T.);
#7586=FACE_BOUND('',#7085,.T.);
#7587=FACE_BOUND('',#7086,.T.);
#7588=FACE_BOUND('',#7087,.T.);
#7589=FACE_BOUND('',#7088,.T.);
#7590=FACE_BOUND('',#7089,.T.);
#7591=FACE_BOUND('',#7090,.T.);
#7592=FACE_BOUND('',#7091,.T.);
#7593=FACE_BOUND('',#7092,.T.);
#7594=FACE_BOUND('',#7093,.T.);
#7595=FACE_BOUND('',#7094,.T.);
#7596=FACE_BOUND('',#7095,.T.);
#7597=FACE_BOUND('',#7096,.T.);
#7598=FACE_BOUND('',#7097,.T.);
#7599=FACE_BOUND('',#7098,.T.);
#7600=FACE_BOUND('',#7099,.T.);
#7601=FACE_BOUND('',#7100,.T.);
#7602=FACE_BOUND('',#7101,.T.);
#7603=FACE_BOUND('',#7102,.T.);
#7604=FACE_BOUND('',#7103,.T.);
#7605=FACE_BOUND('',#7104,.T.);
#7606=FACE_BOUND('',#7105,.T.);
#7607=FACE_BOUND('',#7106,.T.);
#7608=FACE_BOUND('',#7107,.T.);
#7609=FACE_BOUND('',#7108,.T.);
#7610=FACE_BOUND('',#7109,.T.);
#7611=FACE_BOUND('',#7110,.T.);
#7612=FACE_BOUND('',#7111,.T.);
#7613=FACE_BOUND('',#7112,.T.);
#7614=FACE_BOUND('',#7113,.T.);
#7615=FACE_BOUND('',#7114,.T.);
#7616=FACE_BOUND('',#7115,.T.);
#7617=FACE_BOUND('',#7116,.T.);
#7618=FACE_BOUND('',#7117,.T.);
#7619=FACE_BOUND('',#7118,.T.);
#7620=FACE_BOUND('',#7119,.T.);
#7621=FACE_BOUND('',#7120,.T.);
#7622=FACE_BOUND('',#7121,.T.);
#7623=FACE_BOUND('',#7122,.T.);
#7624=FACE_BOUND('',#7123,.T.);
#7625=FACE_BOUND('',#7124,.T.);
#7626=FACE_BOUND('',#7125,.T.);
#7627=FACE_BOUND('',#7126,.T.);
#7628=FACE_BOUND('',#7127,.T.);
#7629=FACE_BOUND('',#7128,.T.);
#7630=FACE_BOUND('',#7129,.T.);
#7631=FACE_BOUND('',#7130,.T.);
#7632=FACE_BOUND('',#7131,.T.);
#7633=FACE_BOUND('',#7132,.T.);
#7634=FACE_BOUND('',#7133,.T.);
#7635=FACE_BOUND('',#7134,.T.);
#7636=FACE_BOUND('',#7135,.T.);
#7637=FACE_BOUND('',#7136,.T.);
#7638=FACE_BOUND('',#7137,.T.);
#7639=FACE_BOUND('',#7138,.T.);
#7640=FACE_BOUND('',#7139,.T.);
#7641=FACE_BOUND('',#7140,.T.);
#7642=FACE_BOUND('',#7141,.T.);
#7643=FACE_BOUND('',#7142,.T.);
#7644=FACE_BOUND('',#7143,.T.);
#7645=FACE_BOUND('',#7144,.T.);
#7646=FACE_BOUND('',#7145,.T.);
#7647=FACE_BOUND('',#7146,.T.);
#7648=FACE_BOUND('',#7147,.T.);
#7649=FACE_BOUND('',#7148,.T.);
#7650=FACE_BOUND('',#7149,.T.);
#7651=FACE_BOUND('',#7150,.T.);
#7652=FACE_BOUND('',#7151,.T.);
#7653=FACE_BOUND('',#7152,.T.);
#7654=FACE_BOUND('',#7153,.T.);
#7655=FACE_BOUND('',#7154,.T.);
#7656=FACE_BOUND('',#7155,.T.);
#7657=FACE_BOUND('',#7156,.T.);
#7658=FACE_BOUND('',#7157,.T.);
#7659=FACE_BOUND('',#7158,.T.);
#7660=FACE_BOUND('',#7159,.T.);
#7661=FACE_BOUND('',#7160,.T.);
#7662=FACE_BOUND('',#7161,.T.);
#7663=FACE_BOUND('',#7162,.T.);
#7664=FACE_BOUND('',#7163,.T.);
#7665=FACE_BOUND('',#7164,.T.);
#7666=PLANE('',#8560);
#7667=PLANE('',#8561);
#7668=PLANE('',#8562);
#7669=PLANE('',#8563);
#7670=PLANE('',#8564);
#7671=PLANE('',#8565);
#7672=PLANE('',#8566);
#7673=PLANE('',#8571);
#7674=PLANE('',#8572);
#7675=PLANE('',#8573);
#7676=PLANE('',#8574);
#7677=PLANE('',#8575);
#7678=PLANE('',#8576);
#7679=PLANE('',#8578);
#7680=PLANE('',#8579);
#7681=PLANE('',#8580);
#7682=PLANE('',#8581);
#7683=PLANE('',#8582);
#7684=PLANE('',#8583);
#7685=PLANE('',#8584);
#7686=PLANE('',#8585);
#7687=PLANE('',#8586);
#7688=PLANE('',#8587);
#7689=PLANE('',#8588);
#7690=PLANE('',#8589);
#7691=PLANE('',#8590);
#7692=PLANE('',#8591);
#7693=PLANE('',#8592);
#7694=PLANE('',#8593);
#7695=PLANE('',#8594);
#7696=PLANE('',#8595);
#7697=PLANE('',#8596);
#7698=PLANE('',#8597);
#7699=PLANE('',#8598);
#7700=PLANE('',#8599);
#7701=PLANE('',#8600);
#7702=PLANE('',#8601);
#7703=PLANE('',#8602);
#7704=PLANE('',#8603);
#7705=PLANE('',#8604);
#7706=PLANE('',#8605);
#7707=PLANE('',#8606);
#7708=PLANE('',#8607);
#7709=PLANE('',#8608);
#7710=PLANE('',#8609);
#7711=PLANE('',#8610);
#7712=PLANE('',#8611);
#7713=PLANE('',#8612);
#7714=PLANE('',#8613);
#7715=PLANE('',#8614);
#7716=PLANE('',#8615);
#7717=PLANE('',#8616);
#7718=PLANE('',#8617);
#7719=PLANE('',#8618);
#7720=PLANE('',#8619);
#7721=PLANE('',#8620);
#7722=PLANE('',#8621);
#7723=PLANE('',#8622);
#7724=PLANE('',#8623);
#7725=PLANE('',#8624);
#7726=PLANE('',#8625);
#7727=PLANE('',#8626);
#7728=PLANE('',#8627);
#7729=PLANE('',#8628);
#7730=PLANE('',#8629);
#7731=PLANE('',#8630);
#7732=PLANE('',#8631);
#7733=PLANE('',#8632);
#7734=PLANE('',#8633);
#7735=PLANE('',#8634);
#7736=PLANE('',#8640);
#7737=PLANE('',#8641);
#7738=PLANE('',#8642);
#7739=PLANE('',#8643);
#7740=PLANE('',#8644);
#7741=PLANE('',#8645);
#7742=PLANE('',#8646);
#7743=PLANE('',#8647);
#7744=PLANE('',#8648);
#7745=PLANE('',#8649);
#7746=PLANE('',#8650);
#7747=PLANE('',#8651);
#7748=PLANE('',#8652);
#7749=PLANE('',#8653);
#7750=PLANE('',#8654);
#7751=PLANE('',#8659);
#7752=PLANE('',#8661);
#7753=PLANE('',#8663);
#7754=PLANE('',#8665);
#7755=PLANE('',#8666);
#7756=PLANE('',#8667);
#7757=PLANE('',#8668);
#7758=PLANE('',#8669);
#7759=PLANE('',#8670);
#7760=PLANE('',#8671);
#7761=PLANE('',#8672);
#7762=PLANE('',#8673);
#7763=PLANE('',#8674);
#7764=PLANE('',#8675);
#7765=PLANE('',#8676);
#7766=PLANE('',#8677);
#7767=PLANE('',#8678);
#7768=PLANE('',#8679);
#7769=PLANE('',#8680);
#7770=PLANE('',#8681);
#7771=PLANE('',#8682);
#7772=PLANE('',#8683);
#7773=PLANE('',#8684);
#7774=PLANE('',#8685);
#7775=PLANE('',#8686);
#7776=PLANE('',#8687);
#7777=PLANE('',#8688);
#7778=PLANE('',#8689);
#7779=PLANE('',#8690);
#7780=PLANE('',#8691);
#7781=PLANE('',#8692);
#7782=PLANE('',#8693);
#7783=PLANE('',#8694);
#7784=PLANE('',#8695);
#7785=PLANE('',#8696);
#7786=PLANE('',#8697);
#7787=PLANE('',#8698);
#7788=PLANE('',#8699);
#7789=PLANE('',#8700);
#7790=PLANE('',#8701);
#7791=PLANE('',#8702);
#7792=PLANE('',#8703);
#7793=PLANE('',#8704);
#7794=PLANE('',#8705);
#7795=PLANE('',#8706);
#7796=PLANE('',#8707);
#7797=PLANE('',#8708);
#7798=PLANE('',#8709);
#7799=PLANE('',#8710);
#7800=PLANE('',#8711);
#7801=PLANE('',#8712);
#7802=PLANE('',#8713);
#7803=PLANE('',#8714);
#7804=PLANE('',#8715);
#7805=PLANE('',#8716);
#7806=PLANE('',#8717);
#7807=PLANE('',#8718);
#7808=PLANE('',#8719);
#7809=PLANE('',#8720);
#7810=PLANE('',#8721);
#7811=PLANE('',#8722);
#7812=PLANE('',#8723);
#7813=PLANE('',#8724);
#7814=PLANE('',#8725);
#7815=PLANE('',#8726);
#7816=PLANE('',#8727);
#7817=PLANE('',#8728);
#7818=PLANE('',#8729);
#7819=PLANE('',#8730);
#7820=PLANE('',#8731);
#7821=PLANE('',#8732);
#7822=PLANE('',#8733);
#7823=PLANE('',#8734);
#7824=PLANE('',#8735);
#7825=PLANE('',#8736);
#7826=PLANE('',#8737);
#7827=PLANE('',#8738);
#7828=PLANE('',#8739);
#7829=PLANE('',#8740);
#7830=PLANE('',#8741);
#7831=PLANE('',#8742);
#7832=PLANE('',#8743);
#7833=PLANE('',#8744);
#7834=PLANE('',#8745);
#7835=PLANE('',#8746);
#7836=PLANE('',#8747);
#7837=PLANE('',#8748);
#7838=PLANE('',#8749);
#7839=PLANE('',#8750);
#7840=PLANE('',#8751);
#7841=PLANE('',#8752);
#7842=PLANE('',#8753);
#7843=PLANE('',#8754);
#7844=PLANE('',#8755);
#7845=PLANE('',#8756);
#7846=PLANE('',#8757);
#7847=PLANE('',#8758);
#7848=PLANE('',#8759);
#7849=PLANE('',#8760);
#7850=PLANE('',#8761);
#7851=PLANE('',#8762);
#7852=PLANE('',#8763);
#7853=PLANE('',#8764);
#7854=PLANE('',#8765);
#7855=PLANE('',#8766);
#7856=PLANE('',#8767);
#7857=PLANE('',#8768);
#7858=PLANE('',#8769);
#7859=PLANE('',#8770);
#7860=PLANE('',#8771);
#7861=PLANE('',#8772);
#7862=PLANE('',#8773);
#7863=PLANE('',#8774);
#7864=PLANE('',#8775);
#7865=PLANE('',#8776);
#7866=PLANE('',#8777);
#7867=PLANE('',#8778);
#7868=PLANE('',#8779);
#7869=PLANE('',#8780);
#7870=PLANE('',#8781);
#7871=PLANE('',#8783);
#7872=PLANE('',#8784);
#7873=PLANE('',#8785);
#7874=PLANE('',#8786);
#7875=PLANE('',#8811);
#7876=PLANE('',#8812);
#7877=PLANE('',#8813);
#7878=PLANE('',#8814);
#7879=PLANE('',#8815);
#7880=PLANE('',#8816);
#7881=PLANE('',#8817);
#7882=PLANE('',#8818);
#7883=PLANE('',#8819);
#7884=PLANE('',#8820);
#7885=PLANE('',#8821);
#7886=PLANE('',#8822);
#7887=PLANE('',#8823);
#7888=PLANE('',#8824);
#7889=PLANE('',#8825);
#7890=PLANE('',#8826);
#7891=PLANE('',#8827);
#7892=PLANE('',#8828);
#7893=PLANE('',#8829);
#7894=PLANE('',#8830);
#7895=PLANE('',#8831);
#7896=PLANE('',#8832);
#7897=PLANE('',#8833);
#7898=PLANE('',#8834);
#7899=PLANE('',#8859);
#7900=PLANE('',#8860);
#7901=PLANE('',#8861);
#7902=PLANE('',#8862);
#7903=PLANE('',#8863);
#7904=PLANE('',#8864);
#7905=PLANE('',#8865);
#7906=PLANE('',#8866);
#7907=PLANE('',#8867);
#7908=PLANE('',#8868);
#7909=PLANE('',#8869);
#7910=PLANE('',#8870);
#7911=PLANE('',#8871);
#7912=PLANE('',#8872);
#7913=PLANE('',#8873);
#7914=PLANE('',#8874);
#7915=PLANE('',#8899);
#7916=PLANE('',#8900);
#7917=PLANE('',#8901);
#7918=PLANE('',#8902);
#7919=PLANE('',#8903);
#7920=PLANE('',#8904);
#7921=PLANE('',#8905);
#7922=PLANE('',#8906);
#7923=PLANE('',#8907);
#7924=PLANE('',#8908);
#7925=PLANE('',#8909);
#7926=PLANE('',#8910);
#7927=PLANE('',#8911);
#7928=PLANE('',#8912);
#7929=PLANE('',#8913);
#7930=PLANE('',#8914);
#7931=PLANE('',#8915);
#7932=PLANE('',#8916);
#7933=PLANE('',#8917);
#7934=PLANE('',#8918);
#7935=PLANE('',#8919);
#7936=PLANE('',#8920);
#7937=PLANE('',#8921);
#7938=PLANE('',#8922);
#7939=PLANE('',#8947);
#7940=PLANE('',#8948);
#7941=PLANE('',#8949);
#7942=PLANE('',#8950);
#7943=PLANE('',#8951);
#7944=PLANE('',#8952);
#7945=PLANE('',#8953);
#7946=PLANE('',#8954);
#7947=PLANE('',#8955);
#7948=PLANE('',#8956);
#7949=PLANE('',#8957);
#7950=PLANE('',#8958);
#7951=PLANE('',#8959);
#7952=PLANE('',#8960);
#7953=PLANE('',#8961);
#7954=PLANE('',#8962);
#7955=PLANE('',#8963);
#7956=PLANE('',#8964);
#7957=PLANE('',#8965);
#7958=PLANE('',#8966);
#7959=PLANE('',#8967);
#7960=PLANE('',#8968);
#7961=PLANE('',#8969);
#7962=PLANE('',#8970);
#7963=PLANE('',#8971);
#7964=PLANE('',#8972);
#7965=PLANE('',#8973);
#7966=PLANE('',#8974);
#7967=PLANE('',#8975);
#7968=PLANE('',#8976);
#7969=PLANE('',#8977);
#7970=PLANE('',#8978);
#7971=PLANE('',#8979);
#7972=PLANE('',#8980);
#7973=PLANE('',#8981);
#7974=PLANE('',#8982);
#7975=PLANE('',#8983);
#7976=PLANE('',#8984);
#7977=PLANE('',#8985);
#7978=PLANE('',#8986);
#7979=PLANE('',#8987);
#7980=PLANE('',#8988);
#7981=PLANE('',#8989);
#7982=PLANE('',#8990);
#7983=PLANE('',#8991);
#7984=PLANE('',#8992);
#7985=PLANE('',#8993);
#7986=PLANE('',#8994);
#7987=PLANE('',#8995);
#7988=PLANE('',#8996);
#7989=PLANE('',#8998);
#7990=PLANE('',#8999);
#7991=PLANE('',#9000);
#7992=PLANE('',#9001);
#7993=PLANE('',#9002);
#7994=PLANE('',#9003);
#7995=PLANE('',#9004);
#7996=PLANE('',#9005);
#7997=PLANE('',#9006);
#7998=PLANE('',#9007);
#7999=PLANE('',#9008);
#8000=PLANE('',#9009);
#8001=PLANE('',#9010);
#8002=PLANE('',#9011);
#8003=PLANE('',#9012);
#8004=PLANE('',#9013);
#8005=PLANE('',#9014);
#8006=PLANE('',#9015);
#8007=PLANE('',#9016);
#8008=PLANE('',#9017);
#8009=PLANE('',#9018);
#8010=PLANE('',#9019);
#8011=PLANE('',#9020);
#8012=PLANE('',#9021);
#8013=PLANE('',#9022);
#8014=PLANE('',#9023);
#8015=PLANE('',#9024);
#8016=PLANE('',#9025);
#8017=PLANE('',#9026);
#8018=PLANE('',#9027);
#8019=PLANE('',#9028);
#8020=PLANE('',#9029);
#8021=PLANE('',#9030);
#8022=PLANE('',#9031);
#8023=PLANE('',#9032);
#8024=PLANE('',#9033);
#8025=PLANE('',#9034);
#8026=PLANE('',#9035);
#8027=PLANE('',#9036);
#8028=PLANE('',#9037);
#8029=PLANE('',#9038);
#8030=PLANE('',#9039);
#8031=PLANE('',#9040);
#8032=PLANE('',#9041);
#8033=PLANE('',#9042);
#8034=PLANE('',#9043);
#8035=PLANE('',#9044);
#8036=PLANE('',#9045);
#8037=PLANE('',#9046);
#8038=PLANE('',#9047);
#8039=PLANE('',#9048);
#8040=PLANE('',#9049);
#8041=PLANE('',#9050);
#8042=PLANE('',#9051);
#8043=PLANE('',#9052);
#8044=PLANE('',#9053);
#8045=PLANE('',#9054);
#8046=PLANE('',#9055);
#8047=PLANE('',#9056);
#8048=PLANE('',#9057);
#8049=PLANE('',#9058);
#8050=PLANE('',#9059);
#8051=PLANE('',#9060);
#8052=PLANE('',#9061);
#8053=PLANE('',#9062);
#8054=PLANE('',#9063);
#8055=PLANE('',#9064);
#8056=PLANE('',#9065);
#8057=PLANE('',#9066);
#8058=PLANE('',#9067);
#8059=PLANE('',#9068);
#8060=PLANE('',#9069);
#8061=PLANE('',#9070);
#8062=PLANE('',#9071);
#8063=PLANE('',#9072);
#8064=PLANE('',#9073);
#8065=PLANE('',#9074);
#8066=PLANE('',#9075);
#8067=PLANE('',#9076);
#8068=PLANE('',#9077);
#8069=PLANE('',#9078);
#8070=PLANE('',#9079);
#8071=PLANE('',#9080);
#8072=PLANE('',#9081);
#8073=PLANE('',#9082);
#8074=PLANE('',#9083);
#8075=ADVANCED_FACE('',(#7165),#7666,.F.);
#8076=ADVANCED_FACE('',(#7166),#7667,.F.);
#8077=ADVANCED_FACE('',(#7167),#7668,.F.);
#8078=ADVANCED_FACE('',(#7168),#7669,.F.);
#8079=ADVANCED_FACE('',(#7169),#7670,.F.);
#8080=ADVANCED_FACE('',(#7170),#7671,.F.);
#8081=ADVANCED_FACE('',(#7171,#7172),#7672,.F.);
#8082=ADVANCED_FACE('',(#7173),#7673,.F.);
#8083=ADVANCED_FACE('',(#7174),#7674,.F.);
#8084=ADVANCED_FACE('',(#7175),#7675,.F.);
#8085=ADVANCED_FACE('',(#7176),#7676,.F.);
#8086=ADVANCED_FACE('',(#7177),#7677,.F.);
#8087=ADVANCED_FACE('',(#7178,#7179),#7678,.F.);
#8088=ADVANCED_FACE('',(#7180),#7679,.F.);
#8089=ADVANCED_FACE('',(#7181),#7680,.F.);
#8090=ADVANCED_FACE('',(#7182),#7681,.F.);
#8091=ADVANCED_FACE('',(#7183),#7682,.F.);
#8092=ADVANCED_FACE('',(#7184),#7683,.F.);
#8093=ADVANCED_FACE('',(#7185),#7684,.F.);
#8094=ADVANCED_FACE('',(#7186),#7685,.F.);
#8095=ADVANCED_FACE('',(#7187),#7686,.F.);
#8096=ADVANCED_FACE('',(#7188),#7687,.F.);
#8097=ADVANCED_FACE('',(#7189),#7688,.F.);
#8098=ADVANCED_FACE('',(#7190),#7689,.F.);
#8099=ADVANCED_FACE('',(#7191),#7690,.F.);
#8100=ADVANCED_FACE('',(#7192),#7691,.F.);
#8101=ADVANCED_FACE('',(#7193),#7692,.F.);
#8102=ADVANCED_FACE('',(#7194),#7693,.F.);
#8103=ADVANCED_FACE('',(#7195),#7694,.F.);
#8104=ADVANCED_FACE('',(#7196),#7695,.F.);
#8105=ADVANCED_FACE('',(#7197),#7696,.F.);
#8106=ADVANCED_FACE('',(#7198),#7697,.F.);
#8107=ADVANCED_FACE('',(#7199),#7698,.F.);
#8108=ADVANCED_FACE('',(#7200),#7699,.F.);
#8109=ADVANCED_FACE('',(#7201),#7700,.F.);
#8110=ADVANCED_FACE('',(#7202),#7701,.F.);
#8111=ADVANCED_FACE('',(#7203),#7702,.F.);
#8112=ADVANCED_FACE('',(#7204),#7703,.F.);
#8113=ADVANCED_FACE('',(#7205),#7704,.F.);
#8114=ADVANCED_FACE('',(#7206),#7705,.F.);
#8115=ADVANCED_FACE('',(#7207),#7706,.F.);
#8116=ADVANCED_FACE('',(#7208),#7707,.F.);
#8117=ADVANCED_FACE('',(#7209),#7708,.F.);
#8118=ADVANCED_FACE('',(#7210),#7709,.F.);
#8119=ADVANCED_FACE('',(#7211),#7710,.F.);
#8120=ADVANCED_FACE('',(#7212),#7711,.F.);
#8121=ADVANCED_FACE('',(#7213),#7712,.F.);
#8122=ADVANCED_FACE('',(#7214),#7713,.F.);
#8123=ADVANCED_FACE('',(#7215),#7714,.F.);
#8124=ADVANCED_FACE('',(#7216),#7715,.F.);
#8125=ADVANCED_FACE('',(#7217),#7716,.F.);
#8126=ADVANCED_FACE('',(#7218),#7717,.F.);
#8127=ADVANCED_FACE('',(#7219),#7718,.F.);
#8128=ADVANCED_FACE('',(#7220),#7719,.F.);
#8129=ADVANCED_FACE('',(#7221),#7720,.F.);
#8130=ADVANCED_FACE('',(#7222),#7721,.F.);
#8131=ADVANCED_FACE('',(#7223),#7722,.F.);
#8132=ADVANCED_FACE('',(#7224),#7723,.F.);
#8133=ADVANCED_FACE('',(#7225),#7724,.F.);
#8134=ADVANCED_FACE('',(#7226),#7725,.F.);
#8135=ADVANCED_FACE('',(#7227),#7726,.F.);
#8136=ADVANCED_FACE('',(#7228),#7727,.F.);
#8137=ADVANCED_FACE('',(#7229),#7728,.F.);
#8138=ADVANCED_FACE('',(#7230),#7729,.F.);
#8139=ADVANCED_FACE('',(#7231),#7730,.F.);
#8140=ADVANCED_FACE('',(#7232),#7731,.F.);
#8141=ADVANCED_FACE('',(#7233),#7732,.F.);
#8142=ADVANCED_FACE('',(#7234),#7733,.F.);
#8143=ADVANCED_FACE('',(#7235),#7734,.F.);
#8144=ADVANCED_FACE('',(#7236,#7237,#7238,#7239,#7240,#7241,#7242,#7243,
#7244,#7245,#7246,#7247,#7248,#7249,#7250,#7251,#7252,#7253,#7254),#7735,
 .T.);
#8145=ADVANCED_FACE('',(#7255),#7736,.F.);
#8146=ADVANCED_FACE('',(#7256),#7737,.F.);
#8147=ADVANCED_FACE('',(#7257),#7738,.F.);
#8148=ADVANCED_FACE('',(#7258),#7739,.F.);
#8149=ADVANCED_FACE('',(#7259),#7740,.F.);
#8150=ADVANCED_FACE('',(#7260),#7741,.F.);
#8151=ADVANCED_FACE('',(#7261),#7742,.F.);
#8152=ADVANCED_FACE('',(#7262),#7743,.F.);
#8153=ADVANCED_FACE('',(#7263),#7744,.F.);
#8154=ADVANCED_FACE('',(#7264),#7745,.F.);
#8155=ADVANCED_FACE('',(#7265),#7746,.F.);
#8156=ADVANCED_FACE('',(#7266),#7747,.F.);
#8157=ADVANCED_FACE('',(#7267),#7748,.F.);
#8158=ADVANCED_FACE('',(#7268),#7749,.F.);
#8159=ADVANCED_FACE('',(#7269),#7750,.F.);
#8160=ADVANCED_FACE('',(#7270,#7271),#73,.F.);
#8161=ADVANCED_FACE('',(#7272,#7273),#36,.F.);
#8162=ADVANCED_FACE('',(#7274),#37,.F.);
#8163=ADVANCED_FACE('',(#7275),#7751,.T.);
#8164=ADVANCED_FACE('',(#7276),#38,.F.);
#8165=ADVANCED_FACE('',(#7277),#7752,.T.);
#8166=ADVANCED_FACE('',(#7278),#39,.F.);
#8167=ADVANCED_FACE('',(#7279),#7753,.T.);
#8168=ADVANCED_FACE('',(#7280),#40,.F.);
#8169=ADVANCED_FACE('',(#7281),#7754,.T.);
#8170=ADVANCED_FACE('',(#7282),#7755,.F.);
#8171=ADVANCED_FACE('',(#7283),#7756,.F.);
#8172=ADVANCED_FACE('',(#7284),#7757,.F.);
#8173=ADVANCED_FACE('',(#7285),#7758,.F.);
#8174=ADVANCED_FACE('',(#7286),#7759,.F.);
#8175=ADVANCED_FACE('',(#7287),#7760,.F.);
#8176=ADVANCED_FACE('',(#7288),#7761,.F.);
#8177=ADVANCED_FACE('',(#7289),#7762,.F.);
#8178=ADVANCED_FACE('',(#7290),#7763,.F.);
#8179=ADVANCED_FACE('',(#7291),#7764,.F.);
#8180=ADVANCED_FACE('',(#7292),#7765,.T.);
#8181=ADVANCED_FACE('',(#7293),#7766,.T.);
#8182=ADVANCED_FACE('',(#7294),#7767,.T.);
#8183=ADVANCED_FACE('',(#7295),#7768,.T.);
#8184=ADVANCED_FACE('',(#7296),#7769,.T.);
#8185=ADVANCED_FACE('',(#7297),#7770,.T.);
#8186=ADVANCED_FACE('',(#7298),#7771,.T.);
#8187=ADVANCED_FACE('',(#7299),#7772,.T.);
#8188=ADVANCED_FACE('',(#7300),#7773,.T.);
#8189=ADVANCED_FACE('',(#7301),#7774,.T.);
#8190=ADVANCED_FACE('',(#7302),#7775,.T.);
#8191=ADVANCED_FACE('',(#7303),#7776,.T.);
#8192=ADVANCED_FACE('',(#7304),#7777,.T.);
#8193=ADVANCED_FACE('',(#7305),#7778,.T.);
#8194=ADVANCED_FACE('',(#7306),#7779,.T.);
#8195=ADVANCED_FACE('',(#7307),#7780,.T.);
#8196=ADVANCED_FACE('',(#7308),#7781,.T.);
#8197=ADVANCED_FACE('',(#7309),#7782,.T.);
#8198=ADVANCED_FACE('',(#7310),#7783,.T.);
#8199=ADVANCED_FACE('',(#7311),#7784,.T.);
#8200=ADVANCED_FACE('',(#7312),#7785,.F.);
#8201=ADVANCED_FACE('',(#7313),#7786,.F.);
#8202=ADVANCED_FACE('',(#7314),#7787,.F.);
#8203=ADVANCED_FACE('',(#7315),#7788,.F.);
#8204=ADVANCED_FACE('',(#7316),#7789,.F.);
#8205=ADVANCED_FACE('',(#7317),#7790,.T.);
#8206=ADVANCED_FACE('',(#7318),#7791,.F.);
#8207=ADVANCED_FACE('',(#7319),#7792,.F.);
#8208=ADVANCED_FACE('',(#7320),#7793,.F.);
#8209=ADVANCED_FACE('',(#7321),#7794,.F.);
#8210=ADVANCED_FACE('',(#7322),#7795,.F.);
#8211=ADVANCED_FACE('',(#7323),#7796,.T.);
#8212=ADVANCED_FACE('',(#7324),#7797,.F.);
#8213=ADVANCED_FACE('',(#7325),#7798,.F.);
#8214=ADVANCED_FACE('',(#7326),#7799,.F.);
#8215=ADVANCED_FACE('',(#7327),#7800,.F.);
#8216=ADVANCED_FACE('',(#7328),#7801,.F.);
#8217=ADVANCED_FACE('',(#7329),#7802,.F.);
#8218=ADVANCED_FACE('',(#7330),#7803,.T.);
#8219=ADVANCED_FACE('',(#7331),#7804,.F.);
#8220=ADVANCED_FACE('',(#7332),#7805,.F.);
#8221=ADVANCED_FACE('',(#7333),#7806,.F.);
#8222=ADVANCED_FACE('',(#7334),#7807,.F.);
#8223=ADVANCED_FACE('',(#7335),#7808,.F.);
#8224=ADVANCED_FACE('',(#7336),#7809,.F.);
#8225=ADVANCED_FACE('',(#7337),#7810,.T.);
#8226=ADVANCED_FACE('',(#7338),#7811,.F.);
#8227=ADVANCED_FACE('',(#7339),#7812,.F.);
#8228=ADVANCED_FACE('',(#7340),#7813,.F.);
#8229=ADVANCED_FACE('',(#7341),#7814,.F.);
#8230=ADVANCED_FACE('',(#7342),#7815,.T.);
#8231=ADVANCED_FACE('',(#7343),#7816,.F.);
#8232=ADVANCED_FACE('',(#7344),#7817,.F.);
#8233=ADVANCED_FACE('',(#7345),#7818,.F.);
#8234=ADVANCED_FACE('',(#7346),#7819,.F.);
#8235=ADVANCED_FACE('',(#7347),#7820,.T.);
#8236=ADVANCED_FACE('',(#7348),#7821,.F.);
#8237=ADVANCED_FACE('',(#7349),#7822,.F.);
#8238=ADVANCED_FACE('',(#7350),#7823,.F.);
#8239=ADVANCED_FACE('',(#7351),#7824,.F.);
#8240=ADVANCED_FACE('',(#7352),#7825,.T.);
#8241=ADVANCED_FACE('',(#7353),#7826,.F.);
#8242=ADVANCED_FACE('',(#7354),#7827,.F.);
#8243=ADVANCED_FACE('',(#7355),#7828,.F.);
#8244=ADVANCED_FACE('',(#7356),#7829,.F.);
#8245=ADVANCED_FACE('',(#7357),#7830,.T.);
#8246=ADVANCED_FACE('',(#7358),#7831,.F.);
#8247=ADVANCED_FACE('',(#7359),#7832,.F.);
#8248=ADVANCED_FACE('',(#7360),#7833,.F.);
#8249=ADVANCED_FACE('',(#7361),#7834,.F.);
#8250=ADVANCED_FACE('',(#7362),#7835,.T.);
#8251=ADVANCED_FACE('',(#7363),#7836,.F.);
#8252=ADVANCED_FACE('',(#7364),#7837,.F.);
#8253=ADVANCED_FACE('',(#7365),#7838,.F.);
#8254=ADVANCED_FACE('',(#7366),#7839,.F.);
#8255=ADVANCED_FACE('',(#7367),#7840,.T.);
#8256=ADVANCED_FACE('',(#7368),#7841,.F.);
#8257=ADVANCED_FACE('',(#7369),#7842,.F.);
#8258=ADVANCED_FACE('',(#7370),#7843,.F.);
#8259=ADVANCED_FACE('',(#7371),#7844,.F.);
#8260=ADVANCED_FACE('',(#7372),#7845,.T.);
#8261=ADVANCED_FACE('',(#7373),#7846,.F.);
#8262=ADVANCED_FACE('',(#7374),#7847,.F.);
#8263=ADVANCED_FACE('',(#7375),#7848,.F.);
#8264=ADVANCED_FACE('',(#7376),#7849,.F.);
#8265=ADVANCED_FACE('',(#7377),#7850,.T.);
#8266=ADVANCED_FACE('',(#7378),#7851,.F.);
#8267=ADVANCED_FACE('',(#7379),#7852,.F.);
#8268=ADVANCED_FACE('',(#7380),#7853,.F.);
#8269=ADVANCED_FACE('',(#7381),#7854,.F.);
#8270=ADVANCED_FACE('',(#7382),#7855,.T.);
#8271=ADVANCED_FACE('',(#7383),#7856,.F.);
#8272=ADVANCED_FACE('',(#7384),#7857,.F.);
#8273=ADVANCED_FACE('',(#7385),#7858,.F.);
#8274=ADVANCED_FACE('',(#7386),#7859,.F.);
#8275=ADVANCED_FACE('',(#7387),#7860,.T.);
#8276=ADVANCED_FACE('',(#7388),#7861,.F.);
#8277=ADVANCED_FACE('',(#7389),#7862,.F.);
#8278=ADVANCED_FACE('',(#7390),#7863,.F.);
#8279=ADVANCED_FACE('',(#7391),#7864,.F.);
#8280=ADVANCED_FACE('',(#7392),#7865,.T.);
#8281=ADVANCED_FACE('',(#7393),#7866,.F.);
#8282=ADVANCED_FACE('',(#7394),#7867,.F.);
#8283=ADVANCED_FACE('',(#7395),#7868,.F.);
#8284=ADVANCED_FACE('',(#7396),#7869,.F.);
#8285=ADVANCED_FACE('',(#7397),#7870,.T.);
#8286=ADVANCED_FACE('',(#7398),#7871,.F.);
#8287=ADVANCED_FACE('',(#7399),#7872,.F.);
#8288=ADVANCED_FACE('',(#7400),#7873,.T.);
#8289=ADVANCED_FACE('',(#7401),#7874,.F.);
#8290=ADVANCED_FACE('',(#7402),#41,.T.);
#8291=ADVANCED_FACE('',(#7403),#42,.T.);
#8292=ADVANCED_FACE('',(#7404),#43,.T.);
#8293=ADVANCED_FACE('',(#7405),#44,.T.);
#8294=ADVANCED_FACE('',(#7406),#45,.T.);
#8295=ADVANCED_FACE('',(#7407),#46,.T.);
#8296=ADVANCED_FACE('',(#7408),#47,.T.);
#8297=ADVANCED_FACE('',(#7409),#48,.T.);
#8298=ADVANCED_FACE('',(#7410),#7875,.F.);
#8299=ADVANCED_FACE('',(#7411),#7876,.F.);
#8300=ADVANCED_FACE('',(#7412),#7877,.F.);
#8301=ADVANCED_FACE('',(#7413),#7878,.F.);
#8302=ADVANCED_FACE('',(#7414),#7879,.F.);
#8303=ADVANCED_FACE('',(#7415),#7880,.F.);
#8304=ADVANCED_FACE('',(#7416),#7881,.F.);
#8305=ADVANCED_FACE('',(#7417),#7882,.F.);
#8306=ADVANCED_FACE('',(#7418),#7883,.F.);
#8307=ADVANCED_FACE('',(#7419),#7884,.F.);
#8308=ADVANCED_FACE('',(#7420),#7885,.F.);
#8309=ADVANCED_FACE('',(#7421),#7886,.F.);
#8310=ADVANCED_FACE('',(#7422),#7887,.F.);
#8311=ADVANCED_FACE('',(#7423),#7888,.F.);
#8312=ADVANCED_FACE('',(#7424),#7889,.F.);
#8313=ADVANCED_FACE('',(#7425),#7890,.F.);
#8314=ADVANCED_FACE('',(#7426),#7891,.F.);
#8315=ADVANCED_FACE('',(#7427),#7892,.F.);
#8316=ADVANCED_FACE('',(#7428),#7893,.F.);
#8317=ADVANCED_FACE('',(#7429),#7894,.F.);
#8318=ADVANCED_FACE('',(#7430),#7895,.F.);
#8319=ADVANCED_FACE('',(#7431),#7896,.F.);
#8320=ADVANCED_FACE('',(#7432),#7897,.F.);
#8321=ADVANCED_FACE('',(#7433),#7898,.F.);
#8322=ADVANCED_FACE('',(#7434),#49,.F.);
#8323=ADVANCED_FACE('',(#7435),#50,.F.);
#8324=ADVANCED_FACE('',(#7436),#51,.F.);
#8325=ADVANCED_FACE('',(#7437),#52,.F.);
#8326=ADVANCED_FACE('',(#7438),#53,.F.);
#8327=ADVANCED_FACE('',(#7439),#54,.F.);
#8328=ADVANCED_FACE('',(#7440),#55,.F.);
#8329=ADVANCED_FACE('',(#7441),#56,.F.);
#8330=ADVANCED_FACE('',(#7442),#7899,.F.);
#8331=ADVANCED_FACE('',(#7443),#7900,.F.);
#8332=ADVANCED_FACE('',(#7444),#7901,.F.);
#8333=ADVANCED_FACE('',(#7445),#7902,.F.);
#8334=ADVANCED_FACE('',(#7446),#7903,.F.);
#8335=ADVANCED_FACE('',(#7447),#7904,.F.);
#8336=ADVANCED_FACE('',(#7448),#7905,.F.);
#8337=ADVANCED_FACE('',(#7449),#7906,.F.);
#8338=ADVANCED_FACE('',(#7450),#7907,.F.);
#8339=ADVANCED_FACE('',(#7451),#7908,.F.);
#8340=ADVANCED_FACE('',(#7452),#7909,.F.);
#8341=ADVANCED_FACE('',(#7453),#7910,.F.);
#8342=ADVANCED_FACE('',(#7454),#7911,.F.);
#8343=ADVANCED_FACE('',(#7455),#7912,.F.);
#8344=ADVANCED_FACE('',(#7456),#7913,.F.);
#8345=ADVANCED_FACE('',(#7457),#7914,.F.);
#8346=ADVANCED_FACE('',(#7458),#57,.T.);
#8347=ADVANCED_FACE('',(#7459),#58,.T.);
#8348=ADVANCED_FACE('',(#7460),#59,.T.);
#8349=ADVANCED_FACE('',(#7461),#60,.T.);
#8350=ADVANCED_FACE('',(#7462),#61,.T.);
#8351=ADVANCED_FACE('',(#7463),#62,.T.);
#8352=ADVANCED_FACE('',(#7464),#63,.T.);
#8353=ADVANCED_FACE('',(#7465),#64,.T.);
#8354=ADVANCED_FACE('',(#7466),#7915,.F.);
#8355=ADVANCED_FACE('',(#7467),#7916,.F.);
#8356=ADVANCED_FACE('',(#7468),#7917,.F.);
#8357=ADVANCED_FACE('',(#7469),#7918,.F.);
#8358=ADVANCED_FACE('',(#7470),#7919,.F.);
#8359=ADVANCED_FACE('',(#7471),#7920,.F.);
#8360=ADVANCED_FACE('',(#7472),#7921,.F.);
#8361=ADVANCED_FACE('',(#7473),#7922,.F.);
#8362=ADVANCED_FACE('',(#7474),#7923,.F.);
#8363=ADVANCED_FACE('',(#7475),#7924,.F.);
#8364=ADVANCED_FACE('',(#7476),#7925,.F.);
#8365=ADVANCED_FACE('',(#7477),#7926,.F.);
#8366=ADVANCED_FACE('',(#7478),#7927,.F.);
#8367=ADVANCED_FACE('',(#7479),#7928,.F.);
#8368=ADVANCED_FACE('',(#7480),#7929,.F.);
#8369=ADVANCED_FACE('',(#7481),#7930,.F.);
#8370=ADVANCED_FACE('',(#7482),#7931,.F.);
#8371=ADVANCED_FACE('',(#7483),#7932,.F.);
#8372=ADVANCED_FACE('',(#7484),#7933,.F.);
#8373=ADVANCED_FACE('',(#7485),#7934,.F.);
#8374=ADVANCED_FACE('',(#7486),#7935,.F.);
#8375=ADVANCED_FACE('',(#7487),#7936,.F.);
#8376=ADVANCED_FACE('',(#7488),#7937,.F.);
#8377=ADVANCED_FACE('',(#7489),#7938,.F.);
#8378=ADVANCED_FACE('',(#7490),#65,.F.);
#8379=ADVANCED_FACE('',(#7491),#66,.F.);
#8380=ADVANCED_FACE('',(#7492),#67,.F.);
#8381=ADVANCED_FACE('',(#7493),#68,.F.);
#8382=ADVANCED_FACE('',(#7494),#69,.F.);
#8383=ADVANCED_FACE('',(#7495),#70,.F.);
#8384=ADVANCED_FACE('',(#7496),#71,.F.);
#8385=ADVANCED_FACE('',(#7497),#72,.F.);
#8386=ADVANCED_FACE('',(#7498),#7939,.F.);
#8387=ADVANCED_FACE('',(#7499),#7940,.F.);
#8388=ADVANCED_FACE('',(#7500),#7941,.F.);
#8389=ADVANCED_FACE('',(#7501),#7942,.F.);
#8390=ADVANCED_FACE('',(#7502),#7943,.F.);
#8391=ADVANCED_FACE('',(#7503),#7944,.F.);
#8392=ADVANCED_FACE('',(#7504),#7945,.F.);
#8393=ADVANCED_FACE('',(#7505),#7946,.F.);
#8394=ADVANCED_FACE('',(#7506),#7947,.F.);
#8395=ADVANCED_FACE('',(#7507),#7948,.F.);
#8396=ADVANCED_FACE('',(#7508),#7949,.F.);
#8397=ADVANCED_FACE('',(#7509),#7950,.F.);
#8398=ADVANCED_FACE('',(#7510),#7951,.F.);
#8399=ADVANCED_FACE('',(#7511),#7952,.F.);
#8400=ADVANCED_FACE('',(#7512),#7953,.F.);
#8401=ADVANCED_FACE('',(#7513),#7954,.F.);
#8402=ADVANCED_FACE('',(#7514,#7515,#7516,#7517,#7518,#7519,#7520,#7521,
#7522,#7523,#7524,#7525,#7526,#7527,#7528,#7529,#7530),#7955,.F.);
#8403=ADVANCED_FACE('',(#7531),#7956,.F.);
#8404=ADVANCED_FACE('',(#7532),#7957,.T.);
#8405=ADVANCED_FACE('',(#7533),#7958,.T.);
#8406=ADVANCED_FACE('',(#7534),#7959,.F.);
#8407=ADVANCED_FACE('',(#7535),#7960,.T.);
#8408=ADVANCED_FACE('',(#7536),#7961,.T.);
#8409=ADVANCED_FACE('',(#7537),#7962,.T.);
#8410=ADVANCED_FACE('',(#7538),#7963,.T.);
#8411=ADVANCED_FACE('',(#7539),#7964,.T.);
#8412=ADVANCED_FACE('',(#7540),#7965,.T.);
#8413=ADVANCED_FACE('',(#7541),#7966,.T.);
#8414=ADVANCED_FACE('',(#7542),#7967,.T.);
#8415=ADVANCED_FACE('',(#7543),#7968,.T.);
#8416=ADVANCED_FACE('',(#7544),#7969,.T.);
#8417=ADVANCED_FACE('',(#7545),#7970,.T.);
#8418=ADVANCED_FACE('',(#7546),#7971,.T.);
#8419=ADVANCED_FACE('',(#7547),#7972,.T.);
#8420=ADVANCED_FACE('',(#7548),#7973,.T.);
#8421=ADVANCED_FACE('',(#7549),#7974,.T.);
#8422=ADVANCED_FACE('',(#7550),#7975,.T.);
#8423=ADVANCED_FACE('',(#7551),#7976,.T.);
#8424=ADVANCED_FACE('',(#7552),#7977,.T.);
#8425=ADVANCED_FACE('',(#7553),#7978,.T.);
#8426=ADVANCED_FACE('',(#7554),#7979,.T.);
#8427=ADVANCED_FACE('',(#7555),#7980,.T.);
#8428=ADVANCED_FACE('',(#7556),#7981,.T.);
#8429=ADVANCED_FACE('',(#7557),#7982,.T.);
#8430=ADVANCED_FACE('',(#7558),#7983,.T.);
#8431=ADVANCED_FACE('',(#7559),#7984,.T.);
#8432=ADVANCED_FACE('',(#7560),#7985,.T.);
#8433=ADVANCED_FACE('',(#7561),#7986,.T.);
#8434=ADVANCED_FACE('',(#7562),#7987,.T.);
#8435=ADVANCED_FACE('',(#7563),#7988,.T.);
#8436=ADVANCED_FACE('',(#7564),#7989,.F.);
#8437=ADVANCED_FACE('',(#7565),#7990,.F.);
#8438=ADVANCED_FACE('',(#7566),#7991,.T.);
#8439=ADVANCED_FACE('',(#7567),#7992,.F.);
#8440=ADVANCED_FACE('',(#7568),#7993,.F.);
#8441=ADVANCED_FACE('',(#7569),#7994,.F.);
#8442=ADVANCED_FACE('',(#7570),#7995,.F.);
#8443=ADVANCED_FACE('',(#7571),#7996,.F.);
#8444=ADVANCED_FACE('',(#7572),#7997,.F.);
#8445=ADVANCED_FACE('',(#7573),#7998,.F.);
#8446=ADVANCED_FACE('',(#7574),#7999,.F.);
#8447=ADVANCED_FACE('',(#7575),#8000,.F.);
#8448=ADVANCED_FACE('',(#7576),#8001,.F.);
#8449=ADVANCED_FACE('',(#7577),#8002,.F.);
#8450=ADVANCED_FACE('',(#7578),#8003,.F.);
#8451=ADVANCED_FACE('',(#7579),#8004,.F.);
#8452=ADVANCED_FACE('',(#7580),#8005,.F.);
#8453=ADVANCED_FACE('',(#7581),#8006,.F.);
#8454=ADVANCED_FACE('',(#7582),#8007,.F.);
#8455=ADVANCED_FACE('',(#7583),#8008,.F.);
#8456=ADVANCED_FACE('',(#7584),#8009,.F.);
#8457=ADVANCED_FACE('',(#7585),#8010,.F.);
#8458=ADVANCED_FACE('',(#7586),#8011,.F.);
#8459=ADVANCED_FACE('',(#7587),#8012,.F.);
#8460=ADVANCED_FACE('',(#7588),#8013,.F.);
#8461=ADVANCED_FACE('',(#7589),#8014,.F.);
#8462=ADVANCED_FACE('',(#7590),#8015,.F.);
#8463=ADVANCED_FACE('',(#7591),#8016,.F.);
#8464=ADVANCED_FACE('',(#7592),#8017,.F.);
#8465=ADVANCED_FACE('',(#7593),#8018,.F.);
#8466=ADVANCED_FACE('',(#7594),#8019,.F.);
#8467=ADVANCED_FACE('',(#7595),#8020,.F.);
#8468=ADVANCED_FACE('',(#7596),#8021,.F.);
#8469=ADVANCED_FACE('',(#7597),#8022,.F.);
#8470=ADVANCED_FACE('',(#7598),#8023,.F.);
#8471=ADVANCED_FACE('',(#7599),#8024,.F.);
#8472=ADVANCED_FACE('',(#7600),#8025,.F.);
#8473=ADVANCED_FACE('',(#7601),#8026,.F.);
#8474=ADVANCED_FACE('',(#7602),#8027,.F.);
#8475=ADVANCED_FACE('',(#7603),#8028,.F.);
#8476=ADVANCED_FACE('',(#7604),#8029,.F.);
#8477=ADVANCED_FACE('',(#7605),#8030,.F.);
#8478=ADVANCED_FACE('',(#7606),#8031,.F.);
#8479=ADVANCED_FACE('',(#7607),#8032,.F.);
#8480=ADVANCED_FACE('',(#7608),#8033,.F.);
#8481=ADVANCED_FACE('',(#7609),#8034,.F.);
#8482=ADVANCED_FACE('',(#7610),#8035,.F.);
#8483=ADVANCED_FACE('',(#7611),#8036,.F.);
#8484=ADVANCED_FACE('',(#7612),#8037,.F.);
#8485=ADVANCED_FACE('',(#7613),#8038,.F.);
#8486=ADVANCED_FACE('',(#7614),#8039,.F.);
#8487=ADVANCED_FACE('',(#7615),#8040,.F.);
#8488=ADVANCED_FACE('',(#7616),#8041,.T.);
#8489=ADVANCED_FACE('',(#7617),#8042,.F.);
#8490=ADVANCED_FACE('',(#7618,#7619,#7620,#7621,#7622,#7623,#7624,#7625,
#7626,#7627,#7628,#7629,#7630,#7631,#7632,#7633,#7634),#8043,.F.);
#8491=ADVANCED_FACE('',(#7635),#8044,.T.);
#8492=ADVANCED_FACE('',(#7636),#8045,.F.);
#8493=ADVANCED_FACE('',(#7637),#8046,.T.);
#8494=ADVANCED_FACE('',(#7638),#8047,.T.);
#8495=ADVANCED_FACE('',(#7639),#8048,.T.);
#8496=ADVANCED_FACE('',(#7640),#8049,.T.);
#8497=ADVANCED_FACE('',(#7641),#8050,.T.);
#8498=ADVANCED_FACE('',(#7642),#8051,.T.);
#8499=ADVANCED_FACE('',(#7643),#8052,.T.);
#8500=ADVANCED_FACE('',(#7644),#8053,.T.);
#8501=ADVANCED_FACE('',(#7645),#8054,.T.);
#8502=ADVANCED_FACE('',(#7646),#8055,.T.);
#8503=ADVANCED_FACE('',(#7647),#8056,.T.);
#8504=ADVANCED_FACE('',(#7648),#8057,.T.);
#8505=ADVANCED_FACE('',(#7649),#8058,.T.);
#8506=ADVANCED_FACE('',(#7650),#8059,.T.);
#8507=ADVANCED_FACE('',(#7651),#8060,.T.);
#8508=ADVANCED_FACE('',(#7652),#8061,.T.);
#8509=ADVANCED_FACE('',(#7653),#8062,.T.);
#8510=ADVANCED_FACE('',(#7654),#8063,.T.);
#8511=ADVANCED_FACE('',(#7655),#8064,.T.);
#8512=ADVANCED_FACE('',(#7656),#8065,.T.);
#8513=ADVANCED_FACE('',(#7657),#8066,.T.);
#8514=ADVANCED_FACE('',(#7658),#8067,.T.);
#8515=ADVANCED_FACE('',(#7659),#8068,.T.);
#8516=ADVANCED_FACE('',(#7660),#8069,.T.);
#8517=ADVANCED_FACE('',(#7661),#8070,.T.);
#8518=ADVANCED_FACE('',(#7662),#8071,.T.);
#8519=ADVANCED_FACE('',(#7663),#8072,.T.);
#8520=ADVANCED_FACE('',(#7664),#8073,.T.);
#8521=ADVANCED_FACE('',(#7665),#8074,.T.);
#8522=CLOSED_SHELL('',(#8075,#8076,#8077,#8078,#8079,#8080,#8081,#8082,
#8083,#8084,#8085,#8086,#8087,#8088,#8089,#8090,#8091,#8092,#8093,#8094,
#8095,#8096,#8097,#8098,#8099,#8100,#8101,#8102,#8103,#8104,#8105,#8106,
#8107,#8108,#8109,#8110,#8111,#8112,#8113,#8114,#8115,#8116,#8117,#8118,
#8119,#8120,#8121,#8122,#8123,#8124,#8125,#8126,#8127,#8128,#8129,#8130,
#8131,#8132,#8133,#8134,#8135,#8136,#8137,#8138,#8139,#8140,#8141,#8142,
#8143,#8144,#8145,#8146,#8147,#8148,#8149,#8150,#8151,#8152,#8153,#8154,
#8155,#8156,#8157,#8158,#8159,#8160,#8161,#8162,#8163,#8164,#8165,#8166,
#8167,#8168,#8169,#8170,#8171,#8172,#8173,#8174,#8175,#8176,#8177,#8178,
#8179,#8180,#8181,#8182,#8183,#8184,#8185,#8186,#8187,#8188,#8189,#8190,
#8191,#8192,#8193,#8194,#8195,#8196,#8197,#8198,#8199,#8200,#8201,#8202,
#8203,#8204,#8205,#8206,#8207,#8208,#8209,#8210,#8211,#8212,#8213,#8214,
#8215,#8216,#8217,#8218,#8219,#8220,#8221,#8222,#8223,#8224,#8225,#8226,
#8227,#8228,#8229,#8230,#8231,#8232,#8233,#8234,#8235,#8236,#8237,#8238,
#8239,#8240,#8241,#8242,#8243,#8244,#8245,#8246,#8247,#8248,#8249,#8250,
#8251,#8252,#8253,#8254,#8255,#8256,#8257,#8258,#8259,#8260,#8261,#8262,
#8263,#8264,#8265,#8266,#8267,#8268,#8269,#8270,#8271,#8272,#8273,#8274,
#8275,#8276,#8277,#8278,#8279,#8280,#8281,#8282,#8283,#8284,#8285));
#8523=CLOSED_SHELL('',(#8286,#8287,#8288,#8289,#8290,#8291,#8292,#8293,
#8294,#8295,#8296,#8297,#8298,#8299,#8300,#8301,#8302,#8303,#8304,#8305,
#8306,#8307,#8308,#8309,#8310,#8311,#8312,#8313,#8314,#8315,#8316,#8317,
#8318,#8319,#8320,#8321,#8322,#8323,#8324,#8325,#8326,#8327,#8328,#8329,
#8330,#8331,#8332,#8333,#8334,#8335,#8336,#8337,#8338,#8339,#8340,#8341,
#8342,#8343,#8344,#8345,#8346,#8347,#8348,#8349,#8350,#8351,#8352,#8353,
#8354,#8355,#8356,#8357,#8358,#8359,#8360,#8361,#8362,#8363,#8364,#8365,
#8366,#8367,#8368,#8369,#8370,#8371,#8372,#8373,#8374,#8375,#8376,#8377,
#8378,#8379,#8380,#8381,#8382,#8383,#8384,#8385,#8386,#8387,#8388,#8389,
#8390,#8391,#8392,#8393,#8394,#8395,#8396,#8397,#8398,#8399,#8400,#8401,
#8402,#8403,#8404,#8405,#8406,#8407,#8408,#8409,#8410,#8411,#8412,#8413,
#8414,#8415,#8416,#8417,#8418,#8419,#8420,#8421,#8422,#8423,#8424,#8425,
#8426,#8427,#8428,#8429,#8430,#8431,#8432,#8433,#8434,#8435));
#8524=CLOSED_SHELL('',(#8436,#8437,#8438,#8439,#8440,#8441,#8442,#8443,
#8444,#8445,#8446,#8447,#8448,#8449,#8450,#8451,#8452,#8453,#8454,#8455,
#8456,#8457,#8458,#8459,#8460,#8461,#8462,#8463,#8464,#8465,#8466,#8467,
#8468,#8469,#8470,#8471,#8472,#8473,#8474,#8475,#8476,#8477,#8478,#8479,
#8480,#8481,#8482,#8483,#8484,#8485,#8486,#8487,#8488,#8489,#8490,#8491,
#8492,#8493,#8494,#8495,#8496,#8497,#8498,#8499,#8500,#8501,#8502,#8503,
#8504,#8505,#8506,#8507,#8508,#8509,#8510,#8511,#8512,#8513,#8514,#8515,
#8516,#8517,#8518,#8519,#8520,#8521));
#8525=STYLED_ITEM('',(#8528),#8548);
#8526=STYLED_ITEM('',(#8529),#8549);
#8527=STYLED_ITEM('',(#8530),#8550);
#8528=PRESENTATION_STYLE_ASSIGNMENT((#8531));
#8529=PRESENTATION_STYLE_ASSIGNMENT((#8532));
#8530=PRESENTATION_STYLE_ASSIGNMENT((#8533));
#8531=SURFACE_STYLE_USAGE(.BOTH.,#8534);
#8532=SURFACE_STYLE_USAGE(.BOTH.,#8535);
#8533=SURFACE_STYLE_USAGE(.BOTH.,#8536);
#8534=SURFACE_SIDE_STYLE('',(#8537));
#8535=SURFACE_SIDE_STYLE('',(#8538));
#8536=SURFACE_SIDE_STYLE('',(#8539));
#8537=SURFACE_STYLE_FILL_AREA(#8540);
#8538=SURFACE_STYLE_FILL_AREA(#8541);
#8539=SURFACE_STYLE_FILL_AREA(#8542);
#8540=FILL_AREA_STYLE('',(#8543));
#8541=FILL_AREA_STYLE('',(#8544));
#8542=FILL_AREA_STYLE('',(#8545));
#8543=FILL_AREA_STYLE_COLOUR('',#8546);
#8544=FILL_AREA_STYLE_COLOUR('',#8547);
#8545=FILL_AREA_STYLE_COLOUR('',#8547);
#8546=COLOUR_RGB('',0.689999997615814,0.689999997615814,0.689999997615814);
#8547=COLOUR_RGB('',0.769999980926514,0.769999980926514,0.769999980926514);
#8548=MANIFOLD_SOLID_BREP('IPBT-108-H1-T-D-RA-GP_terminal',#8522);
#8549=MANIFOLD_SOLID_BREP('IPBT-108-H1-D-T-RA-GP_pin',#8523);
#8550=MANIFOLD_SOLID_BREP('IPBT-108-H1-D-T-RA-GP2_pin',#8524);
#8551=SHAPE_DEFINITION_REPRESENTATION(#13665,#8555);
#8552=SHAPE_DEFINITION_REPRESENTATION(#13666,#8556);
#8553=SHAPE_DEFINITION_REPRESENTATION(#13668,#8557);
#8554=SHAPE_DEFINITION_REPRESENTATION(#13670,#8558);
#8555=SHAPE_REPRESENTATION('IPBT-108-H1-T-D-RA-GP',(#8559,#8782,#8997,#9084),
#13651);
#8556=SHAPE_REPRESENTATION('IPBT-108-H1-T-D-RA-GP_terminal',(#8559),#13652);
#8557=SHAPE_REPRESENTATION('IPBT-108-H1-D-T-RA-GP_pin',(#8559),#13653);
#8558=SHAPE_REPRESENTATION('IPBT-108-H1-D-T-RA-GP2_pin',(#8559),#13654);
#8559=AXIS2_PLACEMENT_3D('',#11238,#9085,#9086);
#8560=AXIS2_PLACEMENT_3D('',#11239,#9087,#9088);
#8561=AXIS2_PLACEMENT_3D('',#11256,#9097,#9098);
#8562=AXIS2_PLACEMENT_3D('',#11273,#9107,#9108);
#8563=AXIS2_PLACEMENT_3D('',#11276,#9111,#9112);
#8564=AXIS2_PLACEMENT_3D('',#11293,#9121,#9122);
#8565=AXIS2_PLACEMENT_3D('',#11310,#9131,#9132);
#8566=AXIS2_PLACEMENT_3D('',#11313,#9135,#9136);
#8567=AXIS2_PLACEMENT_3D('',#11314,#9137,#9138);
#8568=AXIS2_PLACEMENT_3D('',#11319,#9140,#9141);
#8569=AXIS2_PLACEMENT_3D('',#11323,#9143,#9144);
#8570=AXIS2_PLACEMENT_3D('',#11327,#9146,#9147);
#8571=AXIS2_PLACEMENT_3D('',#11338,#9153,#9154);
#8572=AXIS2_PLACEMENT_3D('',#11347,#9159,#9160);
#8573=AXIS2_PLACEMENT_3D('',#11357,#9166,#9167);
#8574=AXIS2_PLACEMENT_3D('',#11367,#9173,#9174);
#8575=AXIS2_PLACEMENT_3D('',#11373,#9178,#9179);
#8576=AXIS2_PLACEMENT_3D('',#11382,#9184,#9185);
#8577=AXIS2_PLACEMENT_3D('',#11383,#9186,#9187);
#8578=AXIS2_PLACEMENT_3D('',#11387,#9190,#9191);
#8579=AXIS2_PLACEMENT_3D('',#11393,#9195,#9196);
#8580=AXIS2_PLACEMENT_3D('',#11396,#9199,#9200);
#8581=AXIS2_PLACEMENT_3D('',#11399,#9203,#9204);
#8582=AXIS2_PLACEMENT_3D('',#11412,#9211,#9212);
#8583=AXIS2_PLACEMENT_3D('',#11425,#9219,#9220);
#8584=AXIS2_PLACEMENT_3D('',#11438,#9227,#9228);
#8585=AXIS2_PLACEMENT_3D('',#11451,#9235,#9236);
#8586=AXIS2_PLACEMENT_3D('',#11454,#9239,#9240);
#8587=AXIS2_PLACEMENT_3D('',#11457,#9243,#9244);
#8588=AXIS2_PLACEMENT_3D('',#11470,#9251,#9252);
#8589=AXIS2_PLACEMENT_3D('',#11483,#9259,#9260);
#8590=AXIS2_PLACEMENT_3D('',#11496,#9267,#9268);
#8591=AXIS2_PLACEMENT_3D('',#11509,#9275,#9276);
#8592=AXIS2_PLACEMENT_3D('',#11512,#9279,#9280);
#8593=AXIS2_PLACEMENT_3D('',#11515,#9283,#9284);
#8594=AXIS2_PLACEMENT_3D('',#11528,#9291,#9292);
#8595=AXIS2_PLACEMENT_3D('',#11541,#9299,#9300);
#8596=AXIS2_PLACEMENT_3D('',#11554,#9307,#9308);
#8597=AXIS2_PLACEMENT_3D('',#11567,#9315,#9316);
#8598=AXIS2_PLACEMENT_3D('',#11570,#9319,#9320);
#8599=AXIS2_PLACEMENT_3D('',#11573,#9323,#9324);
#8600=AXIS2_PLACEMENT_3D('',#11586,#9331,#9332);
#8601=AXIS2_PLACEMENT_3D('',#11599,#9339,#9340);
#8602=AXIS2_PLACEMENT_3D('',#11602,#9343,#9344);
#8603=AXIS2_PLACEMENT_3D('',#11615,#9351,#9352);
#8604=AXIS2_PLACEMENT_3D('',#11628,#9359,#9360);
#8605=AXIS2_PLACEMENT_3D('',#11631,#9363,#9364);
#8606=AXIS2_PLACEMENT_3D('',#11644,#9371,#9372);
#8607=AXIS2_PLACEMENT_3D('',#11657,#9379,#9380);
#8608=AXIS2_PLACEMENT_3D('',#11670,#9387,#9388);
#8609=AXIS2_PLACEMENT_3D('',#11683,#9395,#9396);
#8610=AXIS2_PLACEMENT_3D('',#11686,#9399,#9400);
#8611=AXIS2_PLACEMENT_3D('',#11689,#9403,#9404);
#8612=AXIS2_PLACEMENT_3D('',#11698,#9409,#9410);
#8613=AXIS2_PLACEMENT_3D('',#11707,#9415,#9416);
#8614=AXIS2_PLACEMENT_3D('',#11716,#9421,#9422);
#8615=AXIS2_PLACEMENT_3D('',#11725,#9427,#9428);
#8616=AXIS2_PLACEMENT_3D('',#11728,#9431,#9432);
#8617=AXIS2_PLACEMENT_3D('',#11731,#9435,#9436);
#8618=AXIS2_PLACEMENT_3D('',#11734,#9439,#9440);
#8619=AXIS2_PLACEMENT_3D('',#11737,#9443,#9444);
#8620=AXIS2_PLACEMENT_3D('',#11743,#9448,#9449);
#8621=AXIS2_PLACEMENT_3D('',#11746,#9452,#9453);
#8622=AXIS2_PLACEMENT_3D('',#11749,#9456,#9457);
#8623=AXIS2_PLACEMENT_3D('',#11755,#9461,#9462);
#8624=AXIS2_PLACEMENT_3D('',#11761,#9466,#9467);
#8625=AXIS2_PLACEMENT_3D('',#11764,#9470,#9471);
#8626=AXIS2_PLACEMENT_3D('',#11767,#9474,#9475);
#8627=AXIS2_PLACEMENT_3D('',#11773,#9479,#9480);
#8628=AXIS2_PLACEMENT_3D('',#11779,#9484,#9485);
#8629=AXIS2_PLACEMENT_3D('',#11782,#9488,#9489);
#8630=AXIS2_PLACEMENT_3D('',#11785,#9492,#9493);
#8631=AXIS2_PLACEMENT_3D('',#11791,#9497,#9498);
#8632=AXIS2_PLACEMENT_3D('',#11832,#9531,#9532);
#8633=AXIS2_PLACEMENT_3D('',#11836,#9535,#9536);
#8634=AXIS2_PLACEMENT_3D('',#11840,#9539,#9540);
#8635=AXIS2_PLACEMENT_3D('',#12012,#9634,#9635);
#8636=AXIS2_PLACEMENT_3D('',#12016,#9637,#9638);
#8637=AXIS2_PLACEMENT_3D('',#12020,#9640,#9641);
#8638=AXIS2_PLACEMENT_3D('',#12024,#9643,#9644);
#8639=AXIS2_PLACEMENT_3D('',#12025,#9645,#9646);
#8640=AXIS2_PLACEMENT_3D('',#12027,#9647,#9648);
#8641=AXIS2_PLACEMENT_3D('',#12033,#9652,#9653);
#8642=AXIS2_PLACEMENT_3D('',#12035,#9655,#9656);
#8643=AXIS2_PLACEMENT_3D('',#12036,#9657,#9658);
#8644=AXIS2_PLACEMENT_3D('',#12042,#9662,#9663);
#8645=AXIS2_PLACEMENT_3D('',#12048,#9667,#9668);
#8646=AXIS2_PLACEMENT_3D('',#12050,#9670,#9671);
#8647=AXIS2_PLACEMENT_3D('',#12051,#9672,#9673);
#8648=AXIS2_PLACEMENT_3D('',#12052,#9674,#9675);
#8649=AXIS2_PLACEMENT_3D('',#12054,#9677,#9678);
#8650=AXIS2_PLACEMENT_3D('',#12056,#9680,#9681);
#8651=AXIS2_PLACEMENT_3D('',#12057,#9682,#9683);
#8652=AXIS2_PLACEMENT_3D('',#12058,#9684,#9685);
#8653=AXIS2_PLACEMENT_3D('',#12060,#9687,#9688);
#8654=AXIS2_PLACEMENT_3D('',#12062,#9690,#9691);
#8655=AXIS2_PLACEMENT_3D('',#12063,#9692,#9693);
#8656=AXIS2_PLACEMENT_3D('',#12064,#9694,#9695);
#8657=AXIS2_PLACEMENT_3D('',#12066,#9696,#9697);
#8658=AXIS2_PLACEMENT_3D('',#12067,#9698,#9699);
#8659=AXIS2_PLACEMENT_3D('',#12070,#9702,#9703);
#8660=AXIS2_PLACEMENT_3D('',#12072,#9705,#9706);
#8661=AXIS2_PLACEMENT_3D('',#12074,#9708,#9709);
#8662=AXIS2_PLACEMENT_3D('',#12076,#9711,#9712);
#8663=AXIS2_PLACEMENT_3D('',#12078,#9714,#9715);
#8664=AXIS2_PLACEMENT_3D('',#12080,#9717,#9718);
#8665=AXIS2_PLACEMENT_3D('',#12082,#9720,#9721);
#8666=AXIS2_PLACEMENT_3D('',#12083,#9722,#9723);
#8667=AXIS2_PLACEMENT_3D('',#12084,#9724,#9725);
#8668=AXIS2_PLACEMENT_3D('',#12085,#9726,#9727);
#8669=AXIS2_PLACEMENT_3D('',#12086,#9728,#9729);
#8670=AXIS2_PLACEMENT_3D('',#12087,#9730,#9731);
#8671=AXIS2_PLACEMENT_3D('',#12088,#9732,#9733);
#8672=AXIS2_PLACEMENT_3D('',#12089,#9734,#9735);
#8673=AXIS2_PLACEMENT_3D('',#12090,#9736,#9737);
#8674=AXIS2_PLACEMENT_3D('',#12091,#9738,#9739);
#8675=AXIS2_PLACEMENT_3D('',#12092,#9740,#9741);
#8676=AXIS2_PLACEMENT_3D('',#12093,#9742,#9743);
#8677=AXIS2_PLACEMENT_3D('',#12094,#9744,#9745);
#8678=AXIS2_PLACEMENT_3D('',#12095,#9746,#9747);
#8679=AXIS2_PLACEMENT_3D('',#12096,#9748,#9749);
#8680=AXIS2_PLACEMENT_3D('',#12097,#9750,#9751);
#8681=AXIS2_PLACEMENT_3D('',#12098,#9752,#9753);
#8682=AXIS2_PLACEMENT_3D('',#12099,#9754,#9755);
#8683=AXIS2_PLACEMENT_3D('',#12100,#9756,#9757);
#8684=AXIS2_PLACEMENT_3D('',#12101,#9758,#9759);
#8685=AXIS2_PLACEMENT_3D('',#12102,#9760,#9761);
#8686=AXIS2_PLACEMENT_3D('',#12103,#9762,#9763);
#8687=AXIS2_PLACEMENT_3D('',#12104,#9764,#9765);
#8688=AXIS2_PLACEMENT_3D('',#12105,#9766,#9767);
#8689=AXIS2_PLACEMENT_3D('',#12106,#9768,#9769);
#8690=AXIS2_PLACEMENT_3D('',#12107,#9770,#9771);
#8691=AXIS2_PLACEMENT_3D('',#12109,#9773,#9774);
#8692=AXIS2_PLACEMENT_3D('',#12110,#9775,#9776);
#8693=AXIS2_PLACEMENT_3D('',#12112,#9778,#9779);
#8694=AXIS2_PLACEMENT_3D('',#12113,#9780,#9781);
#8695=AXIS2_PLACEMENT_3D('',#12114,#9782,#9783);
#8696=AXIS2_PLACEMENT_3D('',#12115,#9784,#9785);
#8697=AXIS2_PLACEMENT_3D('',#12121,#9789,#9790);
#8698=AXIS2_PLACEMENT_3D('',#12125,#9793,#9794);
#8699=AXIS2_PLACEMENT_3D('',#12129,#9797,#9798);
#8700=AXIS2_PLACEMENT_3D('',#12133,#9801,#9802);
#8701=AXIS2_PLACEMENT_3D('',#12135,#9804,#9805);
#8702=AXIS2_PLACEMENT_3D('',#12136,#9806,#9807);
#8703=AXIS2_PLACEMENT_3D('',#12142,#9811,#9812);
#8704=AXIS2_PLACEMENT_3D('',#12146,#9815,#9816);
#8705=AXIS2_PLACEMENT_3D('',#12150,#9819,#9820);
#8706=AXIS2_PLACEMENT_3D('',#12154,#9823,#9824);
#8707=AXIS2_PLACEMENT_3D('',#12156,#9826,#9827);
#8708=AXIS2_PLACEMENT_3D('',#12157,#9828,#9829);
#8709=AXIS2_PLACEMENT_3D('',#12163,#9833,#9834);
#8710=AXIS2_PLACEMENT_3D('',#12167,#9837,#9838);
#8711=AXIS2_PLACEMENT_3D('',#12171,#9841,#9842);
#8712=AXIS2_PLACEMENT_3D('',#12175,#9845,#9846);
#8713=AXIS2_PLACEMENT_3D('',#12179,#9849,#9850);
#8714=AXIS2_PLACEMENT_3D('',#12181,#9852,#9853);
#8715=AXIS2_PLACEMENT_3D('',#12182,#9854,#9855);
#8716=AXIS2_PLACEMENT_3D('',#12188,#9859,#9860);
#8717=AXIS2_PLACEMENT_3D('',#12192,#9863,#9864);
#8718=AXIS2_PLACEMENT_3D('',#12196,#9867,#9868);
#8719=AXIS2_PLACEMENT_3D('',#12200,#9871,#9872);
#8720=AXIS2_PLACEMENT_3D('',#12204,#9875,#9876);
#8721=AXIS2_PLACEMENT_3D('',#12206,#9878,#9879);
#8722=AXIS2_PLACEMENT_3D('',#12207,#9880,#9881);
#8723=AXIS2_PLACEMENT_3D('',#12213,#9885,#9886);
#8724=AXIS2_PLACEMENT_3D('',#12217,#9889,#9890);
#8725=AXIS2_PLACEMENT_3D('',#12221,#9893,#9894);
#8726=AXIS2_PLACEMENT_3D('',#12223,#9896,#9897);
#8727=AXIS2_PLACEMENT_3D('',#12224,#9898,#9899);
#8728=AXIS2_PLACEMENT_3D('',#12230,#9903,#9904);
#8729=AXIS2_PLACEMENT_3D('',#12234,#9907,#9908);
#8730=AXIS2_PLACEMENT_3D('',#12238,#9911,#9912);
#8731=AXIS2_PLACEMENT_3D('',#12240,#9914,#9915);
#8732=AXIS2_PLACEMENT_3D('',#12241,#9916,#9917);
#8733=AXIS2_PLACEMENT_3D('',#12247,#9921,#9922);
#8734=AXIS2_PLACEMENT_3D('',#12251,#9925,#9926);
#8735=AXIS2_PLACEMENT_3D('',#12255,#9929,#9930);
#8736=AXIS2_PLACEMENT_3D('',#12257,#9932,#9933);
#8737=AXIS2_PLACEMENT_3D('',#12258,#9934,#9935);
#8738=AXIS2_PLACEMENT_3D('',#12264,#9939,#9940);
#8739=AXIS2_PLACEMENT_3D('',#12268,#9943,#9944);
#8740=AXIS2_PLACEMENT_3D('',#12272,#9947,#9948);
#8741=AXIS2_PLACEMENT_3D('',#12274,#9950,#9951);
#8742=AXIS2_PLACEMENT_3D('',#12275,#9952,#9953);
#8743=AXIS2_PLACEMENT_3D('',#12281,#9957,#9958);
#8744=AXIS2_PLACEMENT_3D('',#12285,#9961,#9962);
#8745=AXIS2_PLACEMENT_3D('',#12289,#9965,#9966);
#8746=AXIS2_PLACEMENT_3D('',#12291,#9968,#9969);
#8747=AXIS2_PLACEMENT_3D('',#12292,#9970,#9971);
#8748=AXIS2_PLACEMENT_3D('',#12298,#9975,#9976);
#8749=AXIS2_PLACEMENT_3D('',#12302,#9979,#9980);
#8750=AXIS2_PLACEMENT_3D('',#12306,#9983,#9984);
#8751=AXIS2_PLACEMENT_3D('',#12308,#9986,#9987);
#8752=AXIS2_PLACEMENT_3D('',#12309,#9988,#9989);
#8753=AXIS2_PLACEMENT_3D('',#12315,#9993,#9994);
#8754=AXIS2_PLACEMENT_3D('',#12319,#9997,#9998);
#8755=AXIS2_PLACEMENT_3D('',#12323,#10001,#10002);
#8756=AXIS2_PLACEMENT_3D('',#12325,#10004,#10005);
#8757=AXIS2_PLACEMENT_3D('',#12326,#10006,#10007);
#8758=AXIS2_PLACEMENT_3D('',#12332,#10011,#10012);
#8759=AXIS2_PLACEMENT_3D('',#12336,#10015,#10016);
#8760=AXIS2_PLACEMENT_3D('',#12340,#10019,#10020);
#8761=AXIS2_PLACEMENT_3D('',#12342,#10022,#10023);
#8762=AXIS2_PLACEMENT_3D('',#12343,#10024,#10025);
#8763=AXIS2_PLACEMENT_3D('',#12349,#10029,#10030);
#8764=AXIS2_PLACEMENT_3D('',#12353,#10033,#10034);
#8765=AXIS2_PLACEMENT_3D('',#12357,#10037,#10038);
#8766=AXIS2_PLACEMENT_3D('',#12359,#10040,#10041);
#8767=AXIS2_PLACEMENT_3D('',#12360,#10042,#10043);
#8768=AXIS2_PLACEMENT_3D('',#12366,#10047,#10048);
#8769=AXIS2_PLACEMENT_3D('',#12370,#10051,#10052);
#8770=AXIS2_PLACEMENT_3D('',#12374,#10055,#10056);
#8771=AXIS2_PLACEMENT_3D('',#12376,#10058,#10059);
#8772=AXIS2_PLACEMENT_3D('',#12377,#10060,#10061);
#8773=AXIS2_PLACEMENT_3D('',#12383,#10065,#10066);
#8774=AXIS2_PLACEMENT_3D('',#12387,#10069,#10070);
#8775=AXIS2_PLACEMENT_3D('',#12391,#10073,#10074);
#8776=AXIS2_PLACEMENT_3D('',#12393,#10076,#10077);
#8777=AXIS2_PLACEMENT_3D('',#12394,#10078,#10079);
#8778=AXIS2_PLACEMENT_3D('',#12400,#10083,#10084);
#8779=AXIS2_PLACEMENT_3D('',#12404,#10087,#10088);
#8780=AXIS2_PLACEMENT_3D('',#12408,#10091,#10092);
#8781=AXIS2_PLACEMENT_3D('',#12410,#10094,#10095);
#8782=AXIS2_PLACEMENT_3D('',#12411,#10096,#10097);
#8783=AXIS2_PLACEMENT_3D('',#12412,#10098,#10099);
#8784=AXIS2_PLACEMENT_3D('',#12421,#10104,#10105);
#8785=AXIS2_PLACEMENT_3D('',#12430,#10110,#10111);
#8786=AXIS2_PLACEMENT_3D('',#12433,#10114,#10115);
#8787=AXIS2_PLACEMENT_3D('',#12436,#10118,#10119);
#8788=AXIS2_PLACEMENT_3D('',#12437,#10120,#10121);
#8789=AXIS2_PLACEMENT_3D('',#12442,#10123,#10124);
#8790=AXIS2_PLACEMENT_3D('',#12445,#10126,#10127);
#8791=AXIS2_PLACEMENT_3D('',#12446,#10128,#10129);
#8792=AXIS2_PLACEMENT_3D('',#12451,#10131,#10132);
#8793=AXIS2_PLACEMENT_3D('',#12454,#10134,#10135);
#8794=AXIS2_PLACEMENT_3D('',#12455,#10136,#10137);
#8795=AXIS2_PLACEMENT_3D('',#12460,#10139,#10140);
#8796=AXIS2_PLACEMENT_3D('',#12463,#10142,#10143);
#8797=AXIS2_PLACEMENT_3D('',#12464,#10144,#10145);
#8798=AXIS2_PLACEMENT_3D('',#12469,#10147,#10148);
#8799=AXIS2_PLACEMENT_3D('',#12472,#10150,#10151);
#8800=AXIS2_PLACEMENT_3D('',#12473,#10152,#10153);
#8801=AXIS2_PLACEMENT_3D('',#12478,#10155,#10156);
#8802=AXIS2_PLACEMENT_3D('',#12481,#10158,#10159);
#8803=AXIS2_PLACEMENT_3D('',#12482,#10160,#10161);
#8804=AXIS2_PLACEMENT_3D('',#12487,#10163,#10164);
#8805=AXIS2_PLACEMENT_3D('',#12490,#10166,#10167);
#8806=AXIS2_PLACEMENT_3D('',#12491,#10168,#10169);
#8807=AXIS2_PLACEMENT_3D('',#12496,#10171,#10172);
#8808=AXIS2_PLACEMENT_3D('',#12499,#10174,#10175);
#8809=AXIS2_PLACEMENT_3D('',#12500,#10176,#10177);
#8810=AXIS2_PLACEMENT_3D('',#12505,#10179,#10180);
#8811=AXIS2_PLACEMENT_3D('',#12508,#10182,#10183);
#8812=AXIS2_PLACEMENT_3D('',#12514,#10187,#10188);
#8813=AXIS2_PLACEMENT_3D('',#12520,#10192,#10193);
#8814=AXIS2_PLACEMENT_3D('',#12526,#10197,#10198);
#8815=AXIS2_PLACEMENT_3D('',#12532,#10202,#10203);
#8816=AXIS2_PLACEMENT_3D('',#12538,#10207,#10208);
#8817=AXIS2_PLACEMENT_3D('',#12544,#10212,#10213);
#8818=AXIS2_PLACEMENT_3D('',#12550,#10217,#10218);
#8819=AXIS2_PLACEMENT_3D('',#12556,#10222,#10223);
#8820=AXIS2_PLACEMENT_3D('',#12562,#10227,#10228);
#8821=AXIS2_PLACEMENT_3D('',#12568,#10232,#10233);
#8822=AXIS2_PLACEMENT_3D('',#12574,#10237,#10238);
#8823=AXIS2_PLACEMENT_3D('',#12580,#10242,#10243);
#8824=AXIS2_PLACEMENT_3D('',#12586,#10247,#10248);
#8825=AXIS2_PLACEMENT_3D('',#12592,#10252,#10253);
#8826=AXIS2_PLACEMENT_3D('',#12598,#10257,#10258);
#8827=AXIS2_PLACEMENT_3D('',#12604,#10262,#10263);
#8828=AXIS2_PLACEMENT_3D('',#12610,#10267,#10268);
#8829=AXIS2_PLACEMENT_3D('',#12616,#10272,#10273);
#8830=AXIS2_PLACEMENT_3D('',#12622,#10277,#10278);
#8831=AXIS2_PLACEMENT_3D('',#12628,#10282,#10283);
#8832=AXIS2_PLACEMENT_3D('',#12634,#10287,#10288);
#8833=AXIS2_PLACEMENT_3D('',#12640,#10292,#10293);
#8834=AXIS2_PLACEMENT_3D('',#12646,#10297,#10298);
#8835=AXIS2_PLACEMENT_3D('',#12652,#10302,#10303);
#8836=AXIS2_PLACEMENT_3D('',#12656,#10305,#10306);
#8837=AXIS2_PLACEMENT_3D('',#12657,#10307,#10308);
#8838=AXIS2_PLACEMENT_3D('',#12658,#10309,#10310);
#8839=AXIS2_PLACEMENT_3D('',#12659,#10311,#10312);
#8840=AXIS2_PLACEMENT_3D('',#12663,#10314,#10315);
#8841=AXIS2_PLACEMENT_3D('',#12664,#10316,#10317);
#8842=AXIS2_PLACEMENT_3D('',#12668,#10319,#10320);
#8843=AXIS2_PLACEMENT_3D('',#12669,#10321,#10322);
#8844=AXIS2_PLACEMENT_3D('',#12670,#10323,#10324);
#8845=AXIS2_PLACEMENT_3D('',#12674,#10326,#10327);
#8846=AXIS2_PLACEMENT_3D('',#12675,#10328,#10329);
#8847=AXIS2_PLACEMENT_3D('',#12676,#10330,#10331);
#8848=AXIS2_PLACEMENT_3D('',#12680,#10333,#10334);
#8849=AXIS2_PLACEMENT_3D('',#12681,#10335,#10336);
#8850=AXIS2_PLACEMENT_3D('',#12682,#10337,#10338);
#8851=AXIS2_PLACEMENT_3D('',#12686,#10340,#10341);
#8852=AXIS2_PLACEMENT_3D('',#12687,#10342,#10343);
#8853=AXIS2_PLACEMENT_3D('',#12688,#10344,#10345);
#8854=AXIS2_PLACEMENT_3D('',#12692,#10347,#10348);
#8855=AXIS2_PLACEMENT_3D('',#12693,#10349,#10350);
#8856=AXIS2_PLACEMENT_3D('',#12694,#10351,#10352);
#8857=AXIS2_PLACEMENT_3D('',#12698,#10354,#10355);
#8858=AXIS2_PLACEMENT_3D('',#12699,#10356,#10357);
#8859=AXIS2_PLACEMENT_3D('',#12700,#10358,#10359);
#8860=AXIS2_PLACEMENT_3D('',#12706,#10363,#10364);
#8861=AXIS2_PLACEMENT_3D('',#12712,#10368,#10369);
#8862=AXIS2_PLACEMENT_3D('',#12718,#10373,#10374);
#8863=AXIS2_PLACEMENT_3D('',#12724,#10378,#10379);
#8864=AXIS2_PLACEMENT_3D('',#12730,#10383,#10384);
#8865=AXIS2_PLACEMENT_3D('',#12736,#10388,#10389);
#8866=AXIS2_PLACEMENT_3D('',#12742,#10393,#10394);
#8867=AXIS2_PLACEMENT_3D('',#12748,#10398,#10399);
#8868=AXIS2_PLACEMENT_3D('',#12754,#10403,#10404);
#8869=AXIS2_PLACEMENT_3D('',#12760,#10408,#10409);
#8870=AXIS2_PLACEMENT_3D('',#12766,#10413,#10414);
#8871=AXIS2_PLACEMENT_3D('',#12772,#10418,#10419);
#8872=AXIS2_PLACEMENT_3D('',#12778,#10423,#10424);
#8873=AXIS2_PLACEMENT_3D('',#12784,#10428,#10429);
#8874=AXIS2_PLACEMENT_3D('',#12790,#10433,#10434);
#8875=AXIS2_PLACEMENT_3D('',#12796,#10438,#10439);
#8876=AXIS2_PLACEMENT_3D('',#12797,#10440,#10441);
#8877=AXIS2_PLACEMENT_3D('',#12802,#10443,#10444);
#8878=AXIS2_PLACEMENT_3D('',#12805,#10446,#10447);
#8879=AXIS2_PLACEMENT_3D('',#12806,#10448,#10449);
#8880=AXIS2_PLACEMENT_3D('',#12811,#10451,#10452);
#8881=AXIS2_PLACEMENT_3D('',#12814,#10454,#10455);
#8882=AXIS2_PLACEMENT_3D('',#12815,#10456,#10457);
#8883=AXIS2_PLACEMENT_3D('',#12820,#10459,#10460);
#8884=AXIS2_PLACEMENT_3D('',#12823,#10462,#10463);
#8885=AXIS2_PLACEMENT_3D('',#12824,#10464,#10465);
#8886=AXIS2_PLACEMENT_3D('',#12829,#10467,#10468);
#8887=AXIS2_PLACEMENT_3D('',#12832,#10470,#10471);
#8888=AXIS2_PLACEMENT_3D('',#12833,#10472,#10473);
#8889=AXIS2_PLACEMENT_3D('',#12838,#10475,#10476);
#8890=AXIS2_PLACEMENT_3D('',#12841,#10478,#10479);
#8891=AXIS2_PLACEMENT_3D('',#12842,#10480,#10481);
#8892=AXIS2_PLACEMENT_3D('',#12847,#10483,#10484);
#8893=AXIS2_PLACEMENT_3D('',#12850,#10486,#10487);
#8894=AXIS2_PLACEMENT_3D('',#12851,#10488,#10489);
#8895=AXIS2_PLACEMENT_3D('',#12856,#10491,#10492);
#8896=AXIS2_PLACEMENT_3D('',#12859,#10494,#10495);
#8897=AXIS2_PLACEMENT_3D('',#12860,#10496,#10497);
#8898=AXIS2_PLACEMENT_3D('',#12865,#10499,#10500);
#8899=AXIS2_PLACEMENT_3D('',#12868,#10502,#10503);
#8900=AXIS2_PLACEMENT_3D('',#12874,#10507,#10508);
#8901=AXIS2_PLACEMENT_3D('',#12880,#10512,#10513);
#8902=AXIS2_PLACEMENT_3D('',#12886,#10517,#10518);
#8903=AXIS2_PLACEMENT_3D('',#12892,#10522,#10523);
#8904=AXIS2_PLACEMENT_3D('',#12898,#10527,#10528);
#8905=AXIS2_PLACEMENT_3D('',#12904,#10532,#10533);
#8906=AXIS2_PLACEMENT_3D('',#12910,#10537,#10538);
#8907=AXIS2_PLACEMENT_3D('',#12916,#10542,#10543);
#8908=AXIS2_PLACEMENT_3D('',#12922,#10547,#10548);
#8909=AXIS2_PLACEMENT_3D('',#12928,#10552,#10553);
#8910=AXIS2_PLACEMENT_3D('',#12934,#10557,#10558);
#8911=AXIS2_PLACEMENT_3D('',#12940,#10562,#10563);
#8912=AXIS2_PLACEMENT_3D('',#12946,#10567,#10568);
#8913=AXIS2_PLACEMENT_3D('',#12952,#10572,#10573);
#8914=AXIS2_PLACEMENT_3D('',#12958,#10577,#10578);
#8915=AXIS2_PLACEMENT_3D('',#12964,#10582,#10583);
#8916=AXIS2_PLACEMENT_3D('',#12970,#10587,#10588);
#8917=AXIS2_PLACEMENT_3D('',#12976,#10592,#10593);
#8918=AXIS2_PLACEMENT_3D('',#12982,#10597,#10598);
#8919=AXIS2_PLACEMENT_3D('',#12988,#10602,#10603);
#8920=AXIS2_PLACEMENT_3D('',#12994,#10607,#10608);
#8921=AXIS2_PLACEMENT_3D('',#13000,#10612,#10613);
#8922=AXIS2_PLACEMENT_3D('',#13006,#10617,#10618);
#8923=AXIS2_PLACEMENT_3D('',#13012,#10622,#10623);
#8924=AXIS2_PLACEMENT_3D('',#13016,#10625,#10626);
#8925=AXIS2_PLACEMENT_3D('',#13017,#10627,#10628);
#8926=AXIS2_PLACEMENT_3D('',#13018,#10629,#10630);
#8927=AXIS2_PLACEMENT_3D('',#13019,#10631,#10632);
#8928=AXIS2_PLACEMENT_3D('',#13023,#10634,#10635);
#8929=AXIS2_PLACEMENT_3D('',#13024,#10636,#10637);
#8930=AXIS2_PLACEMENT_3D('',#13028,#10639,#10640);
#8931=AXIS2_PLACEMENT_3D('',#13029,#10641,#10642);
#8932=AXIS2_PLACEMENT_3D('',#13030,#10643,#10644);
#8933=AXIS2_PLACEMENT_3D('',#13034,#10646,#10647);
#8934=AXIS2_PLACEMENT_3D('',#13035,#10648,#10649);
#8935=AXIS2_PLACEMENT_3D('',#13036,#10650,#10651);
#8936=AXIS2_PLACEMENT_3D('',#13040,#10653,#10654);
#8937=AXIS2_PLACEMENT_3D('',#13041,#10655,#10656);
#8938=AXIS2_PLACEMENT_3D('',#13042,#10657,#10658);
#8939=AXIS2_PLACEMENT_3D('',#13046,#10660,#10661);
#8940=AXIS2_PLACEMENT_3D('',#13047,#10662,#10663);
#8941=AXIS2_PLACEMENT_3D('',#13048,#10664,#10665);
#8942=AXIS2_PLACEMENT_3D('',#13052,#10667,#10668);
#8943=AXIS2_PLACEMENT_3D('',#13053,#10669,#10670);
#8944=AXIS2_PLACEMENT_3D('',#13054,#10671,#10672);
#8945=AXIS2_PLACEMENT_3D('',#13058,#10674,#10675);
#8946=AXIS2_PLACEMENT_3D('',#13059,#10676,#10677);
#8947=AXIS2_PLACEMENT_3D('',#13060,#10678,#10679);
#8948=AXIS2_PLACEMENT_3D('',#13066,#10683,#10684);
#8949=AXIS2_PLACEMENT_3D('',#13072,#10688,#10689);
#8950=AXIS2_PLACEMENT_3D('',#13078,#10693,#10694);
#8951=AXIS2_PLACEMENT_3D('',#13084,#10698,#10699);
#8952=AXIS2_PLACEMENT_3D('',#13090,#10703,#10704);
#8953=AXIS2_PLACEMENT_3D('',#13096,#10708,#10709);
#8954=AXIS2_PLACEMENT_3D('',#13102,#10713,#10714);
#8955=AXIS2_PLACEMENT_3D('',#13108,#10718,#10719);
#8956=AXIS2_PLACEMENT_3D('',#13114,#10723,#10724);
#8957=AXIS2_PLACEMENT_3D('',#13120,#10728,#10729);
#8958=AXIS2_PLACEMENT_3D('',#13126,#10733,#10734);
#8959=AXIS2_PLACEMENT_3D('',#13132,#10738,#10739);
#8960=AXIS2_PLACEMENT_3D('',#13138,#10743,#10744);
#8961=AXIS2_PLACEMENT_3D('',#13144,#10748,#10749);
#8962=AXIS2_PLACEMENT_3D('',#13150,#10753,#10754);
#8963=AXIS2_PLACEMENT_3D('',#13156,#10758,#10759);
#8964=AXIS2_PLACEMENT_3D('',#13189,#10792,#10793);
#8965=AXIS2_PLACEMENT_3D('',#13190,#10794,#10795);
#8966=AXIS2_PLACEMENT_3D('',#13191,#10796,#10797);
#8967=AXIS2_PLACEMENT_3D('',#13192,#10798,#10799);
#8968=AXIS2_PLACEMENT_3D('',#13193,#10800,#10801);
#8969=AXIS2_PLACEMENT_3D('',#13194,#10802,#10803);
#8970=AXIS2_PLACEMENT_3D('',#13195,#10804,#10805);
#8971=AXIS2_PLACEMENT_3D('',#13196,#10806,#10807);
#8972=AXIS2_PLACEMENT_3D('',#13197,#10808,#10809);
#8973=AXIS2_PLACEMENT_3D('',#13198,#10810,#10811);
#8974=AXIS2_PLACEMENT_3D('',#13199,#10812,#10813);
#8975=AXIS2_PLACEMENT_3D('',#13200,#10814,#10815);
#8976=AXIS2_PLACEMENT_3D('',#13201,#10816,#10817);
#8977=AXIS2_PLACEMENT_3D('',#13202,#10818,#10819);
#8978=AXIS2_PLACEMENT_3D('',#13203,#10820,#10821);
#8979=AXIS2_PLACEMENT_3D('',#13204,#10822,#10823);
#8980=AXIS2_PLACEMENT_3D('',#13205,#10824,#10825);
#8981=AXIS2_PLACEMENT_3D('',#13206,#10826,#10827);
#8982=AXIS2_PLACEMENT_3D('',#13207,#10828,#10829);
#8983=AXIS2_PLACEMENT_3D('',#13208,#10830,#10831);
#8984=AXIS2_PLACEMENT_3D('',#13209,#10832,#10833);
#8985=AXIS2_PLACEMENT_3D('',#13210,#10834,#10835);
#8986=AXIS2_PLACEMENT_3D('',#13211,#10836,#10837);
#8987=AXIS2_PLACEMENT_3D('',#13212,#10838,#10839);
#8988=AXIS2_PLACEMENT_3D('',#13213,#10840,#10841);
#8989=AXIS2_PLACEMENT_3D('',#13214,#10842,#10843);
#8990=AXIS2_PLACEMENT_3D('',#13215,#10844,#10845);
#8991=AXIS2_PLACEMENT_3D('',#13216,#10846,#10847);
#8992=AXIS2_PLACEMENT_3D('',#13217,#10848,#10849);
#8993=AXIS2_PLACEMENT_3D('',#13218,#10850,#10851);
#8994=AXIS2_PLACEMENT_3D('',#13219,#10852,#10853);
#8995=AXIS2_PLACEMENT_3D('',#13220,#10854,#10855);
#8996=AXIS2_PLACEMENT_3D('',#13221,#10856,#10857);
#8997=AXIS2_PLACEMENT_3D('',#13222,#10858,#10859);
#8998=AXIS2_PLACEMENT_3D('',#13223,#10860,#10861);
#8999=AXIS2_PLACEMENT_3D('',#13232,#10866,#10867);
#9000=AXIS2_PLACEMENT_3D('',#13241,#10872,#10873);
#9001=AXIS2_PLACEMENT_3D('',#13244,#10876,#10877);
#9002=AXIS2_PLACEMENT_3D('',#13247,#10880,#10881);
#9003=AXIS2_PLACEMENT_3D('',#13256,#10886,#10887);
#9004=AXIS2_PLACEMENT_3D('',#13265,#10892,#10893);
#9005=AXIS2_PLACEMENT_3D('',#13274,#10898,#10899);
#9006=AXIS2_PLACEMENT_3D('',#13283,#10904,#10905);
#9007=AXIS2_PLACEMENT_3D('',#13292,#10910,#10911);
#9008=AXIS2_PLACEMENT_3D('',#13301,#10916,#10917);
#9009=AXIS2_PLACEMENT_3D('',#13310,#10922,#10923);
#9010=AXIS2_PLACEMENT_3D('',#13319,#10928,#10929);
#9011=AXIS2_PLACEMENT_3D('',#13328,#10934,#10935);
#9012=AXIS2_PLACEMENT_3D('',#13337,#10940,#10941);
#9013=AXIS2_PLACEMENT_3D('',#13346,#10946,#10947);
#9014=AXIS2_PLACEMENT_3D('',#13355,#10952,#10953);
#9015=AXIS2_PLACEMENT_3D('',#13364,#10958,#10959);
#9016=AXIS2_PLACEMENT_3D('',#13373,#10964,#10965);
#9017=AXIS2_PLACEMENT_3D('',#13382,#10970,#10971);
#9018=AXIS2_PLACEMENT_3D('',#13391,#10976,#10977);
#9019=AXIS2_PLACEMENT_3D('',#13394,#10980,#10981);
#9020=AXIS2_PLACEMENT_3D('',#13397,#10984,#10985);
#9021=AXIS2_PLACEMENT_3D('',#13400,#10988,#10989);
#9022=AXIS2_PLACEMENT_3D('',#13403,#10992,#10993);
#9023=AXIS2_PLACEMENT_3D('',#13406,#10996,#10997);
#9024=AXIS2_PLACEMENT_3D('',#13409,#11000,#11001);
#9025=AXIS2_PLACEMENT_3D('',#13412,#11004,#11005);
#9026=AXIS2_PLACEMENT_3D('',#13415,#11008,#11009);
#9027=AXIS2_PLACEMENT_3D('',#13424,#11014,#11015);
#9028=AXIS2_PLACEMENT_3D('',#13433,#11020,#11021);
#9029=AXIS2_PLACEMENT_3D('',#13442,#11026,#11027);
#9030=AXIS2_PLACEMENT_3D('',#13451,#11032,#11033);
#9031=AXIS2_PLACEMENT_3D('',#13460,#11038,#11039);
#9032=AXIS2_PLACEMENT_3D('',#13469,#11044,#11045);
#9033=AXIS2_PLACEMENT_3D('',#13478,#11050,#11051);
#9034=AXIS2_PLACEMENT_3D('',#13487,#11056,#11057);
#9035=AXIS2_PLACEMENT_3D('',#13496,#11062,#11063);
#9036=AXIS2_PLACEMENT_3D('',#13505,#11068,#11069);
#9037=AXIS2_PLACEMENT_3D('',#13514,#11074,#11075);
#9038=AXIS2_PLACEMENT_3D('',#13523,#11080,#11081);
#9039=AXIS2_PLACEMENT_3D('',#13532,#11086,#11087);
#9040=AXIS2_PLACEMENT_3D('',#13541,#11092,#11093);
#9041=AXIS2_PLACEMENT_3D('',#13550,#11098,#11099);
#9042=AXIS2_PLACEMENT_3D('',#13559,#11104,#11105);
#9043=AXIS2_PLACEMENT_3D('',#13562,#11108,#11109);
#9044=AXIS2_PLACEMENT_3D('',#13565,#11112,#11113);
#9045=AXIS2_PLACEMENT_3D('',#13568,#11116,#11117);
#9046=AXIS2_PLACEMENT_3D('',#13571,#11120,#11121);
#9047=AXIS2_PLACEMENT_3D('',#13574,#11124,#11125);
#9048=AXIS2_PLACEMENT_3D('',#13577,#11128,#11129);
#9049=AXIS2_PLACEMENT_3D('',#13580,#11132,#11133);
#9050=AXIS2_PLACEMENT_3D('',#13583,#11136,#11137);
#9051=AXIS2_PLACEMENT_3D('',#13585,#11139,#11140);
#9052=AXIS2_PLACEMENT_3D('',#13587,#11142,#11143);
#9053=AXIS2_PLACEMENT_3D('',#13618,#11174,#11175);
#9054=AXIS2_PLACEMENT_3D('',#13619,#11176,#11177);
#9055=AXIS2_PLACEMENT_3D('',#13620,#11178,#11179);
#9056=AXIS2_PLACEMENT_3D('',#13621,#11180,#11181);
#9057=AXIS2_PLACEMENT_3D('',#13622,#11182,#11183);
#9058=AXIS2_PLACEMENT_3D('',#13623,#11184,#11185);
#9059=AXIS2_PLACEMENT_3D('',#13624,#11186,#11187);
#9060=AXIS2_PLACEMENT_3D('',#13625,#11188,#11189);
#9061=AXIS2_PLACEMENT_3D('',#13626,#11190,#11191);
#9062=AXIS2_PLACEMENT_3D('',#13627,#11192,#11193);
#9063=AXIS2_PLACEMENT_3D('',#13628,#11194,#11195);
#9064=AXIS2_PLACEMENT_3D('',#13629,#11196,#11197);
#9065=AXIS2_PLACEMENT_3D('',#13630,#11198,#11199);
#9066=AXIS2_PLACEMENT_3D('',#13631,#11200,#11201);
#9067=AXIS2_PLACEMENT_3D('',#13632,#11202,#11203);
#9068=AXIS2_PLACEMENT_3D('',#13633,#11204,#11205);
#9069=AXIS2_PLACEMENT_3D('',#13634,#11206,#11207);
#9070=AXIS2_PLACEMENT_3D('',#13635,#11208,#11209);
#9071=AXIS2_PLACEMENT_3D('',#13636,#11210,#11211);
#9072=AXIS2_PLACEMENT_3D('',#13637,#11212,#11213);
#9073=AXIS2_PLACEMENT_3D('',#13638,#11214,#11215);
#9074=AXIS2_PLACEMENT_3D('',#13639,#11216,#11217);
#9075=AXIS2_PLACEMENT_3D('',#13640,#11218,#11219);
#9076=AXIS2_PLACEMENT_3D('',#13641,#11220,#11221);
#9077=AXIS2_PLACEMENT_3D('',#13642,#11222,#11223);
#9078=AXIS2_PLACEMENT_3D('',#13643,#11224,#11225);
#9079=AXIS2_PLACEMENT_3D('',#13644,#11226,#11227);
#9080=AXIS2_PLACEMENT_3D('',#13645,#11228,#11229);
#9081=AXIS2_PLACEMENT_3D('',#13646,#11230,#11231);
#9082=AXIS2_PLACEMENT_3D('',#13647,#11232,#11233);
#9083=AXIS2_PLACEMENT_3D('',#13648,#11234,#11235);
#9084=AXIS2_PLACEMENT_3D('',#13649,#11236,#11237);
#9085=DIRECTION('',(0.,0.,1.));
#9086=DIRECTION('',(1.,0.,0.));
#9087=DIRECTION('',(1.,0.,0.));
#9088=DIRECTION('',(0.,0.,-1.));
#9089=DIRECTION('',(0.,1.,0.));
#9090=DIRECTION('',(0.,0.,1.));
#9091=DIRECTION('',(0.,-1.,0.));
#9092=DIRECTION('',(0.,0.,-1.));
#9093=DIRECTION('',(0.,1.,0.));
#9094=DIRECTION('',(0.,0.,1.));
#9095=DIRECTION('',(0.,-1.,0.));
#9096=DIRECTION('',(0.,0.,-1.));
#9097=DIRECTION('',(-1.,0.,0.));
#9098=DIRECTION('',(0.,0.,1.));
#9099=DIRECTION('',(0.,-1.,0.));
#9100=DIRECTION('',(0.,0.,1.));
#9101=DIRECTION('',(0.,-1.,0.));
#9102=DIRECTION('',(0.,0.,-1.));
#9103=DIRECTION('',(0.,-1.,0.));
#9104=DIRECTION('',(0.,0.,1.));
#9105=DIRECTION('',(0.,1.,0.));
#9106=DIRECTION('',(0.,0.,-1.));
#9107=DIRECTION('',(0.,1.,0.));
#9108=DIRECTION('',(0.,0.,1.));
#9109=DIRECTION('',(-1.,0.,0.));
#9110=DIRECTION('',(1.,0.,0.));
#9111=DIRECTION('',(1.,0.,0.));
#9112=DIRECTION('',(0.,0.,-1.));
#9113=DIRECTION('',(0.,1.,0.));
#9114=DIRECTION('',(0.,0.,1.));
#9115=DIRECTION('',(0.,-1.,0.));
#9116=DIRECTION('',(0.,0.,-1.));
#9117=DIRECTION('',(0.,1.,0.));
#9118=DIRECTION('',(0.,0.,1.));
#9119=DIRECTION('',(0.,-1.,0.));
#9120=DIRECTION('',(0.,0.,-1.));
#9121=DIRECTION('',(-1.,0.,0.));
#9122=DIRECTION('',(0.,0.,1.));
#9123=DIRECTION('',(0.,-1.,0.));
#9124=DIRECTION('',(0.,0.,1.));
#9125=DIRECTION('',(0.,-1.,0.));
#9126=DIRECTION('',(0.,0.,-1.));
#9127=DIRECTION('',(0.,-1.,0.));
#9128=DIRECTION('',(0.,0.,1.));
#9129=DIRECTION('',(0.,1.,0.));
#9130=DIRECTION('',(0.,0.,-1.));
#9131=DIRECTION('',(0.,1.,0.));
#9132=DIRECTION('',(0.,0.,1.));
#9133=DIRECTION('',(-1.,0.,0.));
#9134=DIRECTION('',(1.,0.,0.));
#9135=DIRECTION('',(0.,1.,0.));
#9136=DIRECTION('',(0.,0.,1.));
#9137=DIRECTION('',(0.,1.,0.));
#9138=DIRECTION('',(1.,0.,0.));
#9139=DIRECTION('',(0.,0.,1.));
#9140=DIRECTION('',(0.,1.,0.));
#9141=DIRECTION('',(1.,0.,0.));
#9142=DIRECTION('',(1.,0.,0.));
#9143=DIRECTION('',(0.,1.,0.));
#9144=DIRECTION('',(1.,0.,0.));
#9145=DIRECTION('',(0.,0.,-1.));
#9146=DIRECTION('',(0.,1.,0.));
#9147=DIRECTION('',(1.,0.,0.));
#9148=DIRECTION('',(-1.,0.,0.));
#9149=DIRECTION('',(-1.,0.,0.));
#9150=DIRECTION('',(0.,0.,-1.));
#9151=DIRECTION('',(1.,0.,0.));
#9152=DIRECTION('',(0.,0.,1.));
#9153=DIRECTION('',(0.,0.,1.));
#9154=DIRECTION('',(1.,0.,0.));
#9155=DIRECTION('',(-1.,0.,0.));
#9156=DIRECTION('',(0.,-1.,0.));
#9157=DIRECTION('',(-1.,0.,0.));
#9158=DIRECTION('',(0.,-1.,0.));
#9159=DIRECTION('',(1.,0.,0.));
#9160=DIRECTION('',(0.,0.,-1.));
#9161=DIRECTION('',(0.,1.,0.));
#9162=DIRECTION('',(0.,0.,1.));
#9163=DIRECTION('',(0.,-1.,0.));
#9164=DIRECTION('',(0.,0.,1.));
#9165=DIRECTION('',(0.,0.,-1.));
#9166=DIRECTION('',(-1.,0.,0.));
#9167=DIRECTION('',(0.,0.,1.));
#9168=DIRECTION('',(0.,-1.,0.));
#9169=DIRECTION('',(0.,0.,1.));
#9170=DIRECTION('',(0.,-1.,0.));
#9171=DIRECTION('',(0.,0.,-1.));
#9172=DIRECTION('',(0.,-1.,0.));
#9173=DIRECTION('',(0.,0.,1.));
#9174=DIRECTION('',(1.,0.,0.));
#9175=DIRECTION('',(-1.,0.,0.));
#9176=DIRECTION('',(0.,-1.,0.));
#9177=DIRECTION('',(-1.,0.,0.));
#9178=DIRECTION('',(-1.,0.,0.));
#9179=DIRECTION('',(0.,0.,1.));
#9180=DIRECTION('',(0.,-1.,0.));
#9181=DIRECTION('',(0.,0.,1.));
#9182=DIRECTION('',(0.,-1.,0.));
#9183=DIRECTION('',(0.,0.,-1.));
#9184=DIRECTION('',(0.,1.,0.));
#9185=DIRECTION('',(0.,0.,1.));
#9186=DIRECTION('',(0.,-1.,0.));
#9187=DIRECTION('',(0.,0.,-1.));
#9188=DIRECTION('',(-1.,0.,0.));
#9189=DIRECTION('',(1.,0.,0.));
#9190=DIRECTION('',(1.,0.,0.));
#9191=DIRECTION('',(0.,0.,-1.));
#9192=DIRECTION('',(0.,1.,0.));
#9193=DIRECTION('',(0.,-1.,0.));
#9194=DIRECTION('',(0.,0.,-1.));
#9195=DIRECTION('',(0.,0.,1.));
#9196=DIRECTION('',(1.,0.,0.));
#9197=DIRECTION('',(1.,0.,0.));
#9198=DIRECTION('',(-1.,0.,0.));
#9199=DIRECTION('',(0.,0.,1.));
#9200=DIRECTION('',(1.,0.,0.));
#9201=DIRECTION('',(1.,0.,0.));
#9202=DIRECTION('',(-1.,0.,0.));
#9203=DIRECTION('',(1.,0.,0.));
#9204=DIRECTION('',(0.,0.,-1.));
#9205=DIRECTION('',(0.,1.,0.));
#9206=DIRECTION('',(0.,0.,1.));
#9207=DIRECTION('',(0.,-1.,0.));
#9208=DIRECTION('',(0.,0.,1.));
#9209=DIRECTION('',(0.,-1.,0.));
#9210=DIRECTION('',(0.,0.,-1.));
#9211=DIRECTION('',(1.,0.,0.));
#9212=DIRECTION('',(0.,0.,-1.));
#9213=DIRECTION('',(0.,-1.,0.));
#9214=DIRECTION('',(0.,0.,-1.));
#9215=DIRECTION('',(0.,1.,0.));
#9216=DIRECTION('',(0.,0.,1.));
#9217=DIRECTION('',(0.,-1.,0.));
#9218=DIRECTION('',(0.,0.,1.));
#9219=DIRECTION('',(-1.,0.,0.));
#9220=DIRECTION('',(0.,0.,1.));
#9221=DIRECTION('',(0.,-1.,0.));
#9222=DIRECTION('',(0.,0.,1.));
#9223=DIRECTION('',(0.,1.,0.));
#9224=DIRECTION('',(0.,0.,-1.));
#9225=DIRECTION('',(0.,-1.,0.));
#9226=DIRECTION('',(0.,0.,-1.));
#9227=DIRECTION('',(-1.,0.,0.));
#9228=DIRECTION('',(0.,0.,1.));
#9229=DIRECTION('',(0.,1.,0.));
#9230=DIRECTION('',(0.,0.,-1.));
#9231=DIRECTION('',(0.,-1.,0.));
#9232=DIRECTION('',(0.,0.,-1.));
#9233=DIRECTION('',(0.,-1.,0.));
#9234=DIRECTION('',(0.,0.,1.));
#9235=DIRECTION('',(0.,1.,0.));
#9236=DIRECTION('',(0.,0.,1.));
#9237=DIRECTION('',(-1.,0.,0.));
#9238=DIRECTION('',(1.,0.,0.));
#9239=DIRECTION('',(0.,1.,0.));
#9240=DIRECTION('',(0.,0.,1.));
#9241=DIRECTION('',(1.,0.,0.));
#9242=DIRECTION('',(-1.,0.,0.));
#9243=DIRECTION('',(1.,0.,0.));
#9244=DIRECTION('',(0.,0.,-1.));
#9245=DIRECTION('',(0.,1.,0.));
#9246=DIRECTION('',(0.,0.,1.));
#9247=DIRECTION('',(0.,-1.,0.));
#9248=DIRECTION('',(0.,0.,1.));
#9249=DIRECTION('',(0.,-1.,0.));
#9250=DIRECTION('',(0.,0.,-1.));
#9251=DIRECTION('',(1.,0.,0.));
#9252=DIRECTION('',(0.,0.,-1.));
#9253=DIRECTION('',(0.,-1.,0.));
#9254=DIRECTION('',(0.,0.,-1.));
#9255=DIRECTION('',(0.,1.,0.));
#9256=DIRECTION('',(0.,0.,1.));
#9257=DIRECTION('',(0.,-1.,0.));
#9258=DIRECTION('',(0.,0.,1.));
#9259=DIRECTION('',(-1.,0.,0.));
#9260=DIRECTION('',(0.,0.,1.));
#9261=DIRECTION('',(0.,-1.,0.));
#9262=DIRECTION('',(0.,0.,1.));
#9263=DIRECTION('',(0.,1.,0.));
#9264=DIRECTION('',(0.,0.,-1.));
#9265=DIRECTION('',(0.,-1.,0.));
#9266=DIRECTION('',(0.,0.,-1.));
#9267=DIRECTION('',(-1.,0.,0.));
#9268=DIRECTION('',(0.,0.,1.));
#9269=DIRECTION('',(0.,1.,0.));
#9270=DIRECTION('',(0.,0.,-1.));
#9271=DIRECTION('',(0.,-1.,0.));
#9272=DIRECTION('',(0.,0.,-1.));
#9273=DIRECTION('',(0.,-1.,0.));
#9274=DIRECTION('',(0.,0.,1.));
#9275=DIRECTION('',(0.,1.,0.));
#9276=DIRECTION('',(0.,0.,1.));
#9277=DIRECTION('',(-1.,0.,0.));
#9278=DIRECTION('',(1.,0.,0.));
#9279=DIRECTION('',(0.,1.,0.));
#9280=DIRECTION('',(0.,0.,1.));
#9281=DIRECTION('',(1.,0.,0.));
#9282=DIRECTION('',(-1.,0.,0.));
#9283=DIRECTION('',(1.,0.,0.));
#9284=DIRECTION('',(0.,0.,-1.));
#9285=DIRECTION('',(0.,1.,0.));
#9286=DIRECTION('',(0.,0.,1.));
#9287=DIRECTION('',(0.,-1.,0.));
#9288=DIRECTION('',(0.,0.,1.));
#9289=DIRECTION('',(0.,-1.,0.));
#9290=DIRECTION('',(0.,0.,-1.));
#9291=DIRECTION('',(1.,0.,0.));
#9292=DIRECTION('',(0.,0.,-1.));
#9293=DIRECTION('',(0.,-1.,0.));
#9294=DIRECTION('',(0.,0.,-1.));
#9295=DIRECTION('',(0.,1.,0.));
#9296=DIRECTION('',(0.,0.,1.));
#9297=DIRECTION('',(0.,-1.,0.));
#9298=DIRECTION('',(0.,0.,1.));
#9299=DIRECTION('',(-1.,0.,0.));
#9300=DIRECTION('',(0.,0.,1.));
#9301=DIRECTION('',(0.,-1.,0.));
#9302=DIRECTION('',(0.,0.,1.));
#9303=DIRECTION('',(0.,1.,0.));
#9304=DIRECTION('',(0.,0.,-1.));
#9305=DIRECTION('',(0.,-1.,0.));
#9306=DIRECTION('',(0.,0.,-1.));
#9307=DIRECTION('',(-1.,0.,0.));
#9308=DIRECTION('',(0.,0.,1.));
#9309=DIRECTION('',(0.,1.,0.));
#9310=DIRECTION('',(0.,0.,-1.));
#9311=DIRECTION('',(0.,-1.,0.));
#9312=DIRECTION('',(0.,0.,-1.));
#9313=DIRECTION('',(0.,-1.,0.));
#9314=DIRECTION('',(0.,0.,1.));
#9315=DIRECTION('',(0.,1.,0.));
#9316=DIRECTION('',(0.,0.,1.));
#9317=DIRECTION('',(-1.,0.,0.));
#9318=DIRECTION('',(1.,0.,0.));
#9319=DIRECTION('',(0.,1.,0.));
#9320=DIRECTION('',(0.,0.,1.));
#9321=DIRECTION('',(1.,0.,0.));
#9322=DIRECTION('',(-1.,0.,0.));
#9323=DIRECTION('',(1.,0.,0.));
#9324=DIRECTION('',(0.,0.,-1.));
#9325=DIRECTION('',(0.,1.,0.));
#9326=DIRECTION('',(0.,0.,1.));
#9327=DIRECTION('',(0.,-1.,0.));
#9328=DIRECTION('',(0.,0.,1.));
#9329=DIRECTION('',(0.,-1.,0.));
#9330=DIRECTION('',(0.,0.,-1.));
#9331=DIRECTION('',(-1.,0.,0.));
#9332=DIRECTION('',(0.,0.,1.));
#9333=DIRECTION('',(0.,-1.,0.));
#9334=DIRECTION('',(0.,0.,1.));
#9335=DIRECTION('',(0.,1.,0.));
#9336=DIRECTION('',(0.,0.,-1.));
#9337=DIRECTION('',(0.,-1.,0.));
#9338=DIRECTION('',(0.,0.,-1.));
#9339=DIRECTION('',(0.,1.,0.));
#9340=DIRECTION('',(0.,0.,1.));
#9341=DIRECTION('',(-1.,0.,0.));
#9342=DIRECTION('',(1.,0.,0.));
#9343=DIRECTION('',(1.,0.,0.));
#9344=DIRECTION('',(0.,0.,-1.));
#9345=DIRECTION('',(0.,1.,0.));
#9346=DIRECTION('',(0.,0.,1.));
#9347=DIRECTION('',(0.,-1.,0.));
#9348=DIRECTION('',(0.,0.,1.));
#9349=DIRECTION('',(0.,-1.,0.));
#9350=DIRECTION('',(0.,0.,-1.));
#9351=DIRECTION('',(-1.,0.,0.));
#9352=DIRECTION('',(0.,0.,1.));
#9353=DIRECTION('',(0.,-1.,0.));
#9354=DIRECTION('',(0.,0.,1.));
#9355=DIRECTION('',(0.,1.,0.));
#9356=DIRECTION('',(0.,0.,-1.));
#9357=DIRECTION('',(0.,-1.,0.));
#9358=DIRECTION('',(0.,0.,-1.));
#9359=DIRECTION('',(0.,1.,0.));
#9360=DIRECTION('',(0.,0.,1.));
#9361=DIRECTION('',(-1.,0.,0.));
#9362=DIRECTION('',(1.,0.,0.));
#9363=DIRECTION('',(1.,0.,0.));
#9364=DIRECTION('',(0.,0.,-1.));
#9365=DIRECTION('',(0.,1.,0.));
#9366=DIRECTION('',(0.,0.,1.));
#9367=DIRECTION('',(0.,-1.,0.));
#9368=DIRECTION('',(0.,0.,1.));
#9369=DIRECTION('',(0.,-1.,0.));
#9370=DIRECTION('',(0.,0.,-1.));
#9371=DIRECTION('',(1.,0.,0.));
#9372=DIRECTION('',(0.,0.,-1.));
#9373=DIRECTION('',(0.,-1.,0.));
#9374=DIRECTION('',(0.,0.,-1.));
#9375=DIRECTION('',(0.,1.,0.));
#9376=DIRECTION('',(0.,0.,1.));
#9377=DIRECTION('',(0.,-1.,0.));
#9378=DIRECTION('',(0.,0.,1.));
#9379=DIRECTION('',(-1.,0.,0.));
#9380=DIRECTION('',(0.,0.,1.));
#9381=DIRECTION('',(0.,-1.,0.));
#9382=DIRECTION('',(0.,0.,1.));
#9383=DIRECTION('',(0.,1.,0.));
#9384=DIRECTION('',(0.,0.,-1.));
#9385=DIRECTION('',(0.,-1.,0.));
#9386=DIRECTION('',(0.,0.,-1.));
#9387=DIRECTION('',(-1.,0.,0.));
#9388=DIRECTION('',(0.,0.,1.));
#9389=DIRECTION('',(0.,1.,0.));
#9390=DIRECTION('',(0.,0.,-1.));
#9391=DIRECTION('',(0.,-1.,0.));
#9392=DIRECTION('',(0.,0.,-1.));
#9393=DIRECTION('',(0.,-1.,0.));
#9394=DIRECTION('',(0.,0.,1.));
#9395=DIRECTION('',(0.,1.,0.));
#9396=DIRECTION('',(0.,0.,1.));
#9397=DIRECTION('',(-1.,0.,0.));
#9398=DIRECTION('',(1.,0.,0.));
#9399=DIRECTION('',(0.,1.,0.));
#9400=DIRECTION('',(0.,0.,1.));
#9401=DIRECTION('',(1.,0.,0.));
#9402=DIRECTION('',(-1.,0.,0.));
#9403=DIRECTION('',(1.,0.,0.));
#9404=DIRECTION('',(0.,0.,-1.));
#9405=DIRECTION('',(0.,1.,0.));
#9406=DIRECTION('',(0.,0.,1.));
#9407=DIRECTION('',(0.,-1.,0.));
#9408=DIRECTION('',(0.,0.,-1.));
#9409=DIRECTION('',(1.,0.,0.));
#9410=DIRECTION('',(0.,0.,-1.));
#9411=DIRECTION('',(0.,-1.,0.));
#9412=DIRECTION('',(0.,0.,-1.));
#9413=DIRECTION('',(0.,-1.,0.));
#9414=DIRECTION('',(0.,0.,1.));
#9415=DIRECTION('',(-1.,0.,0.));
#9416=DIRECTION('',(0.,0.,1.));
#9417=DIRECTION('',(0.,-1.,0.));
#9418=DIRECTION('',(0.,0.,1.));
#9419=DIRECTION('',(0.,-1.,0.));
#9420=DIRECTION('',(0.,0.,-1.));
#9421=DIRECTION('',(-1.,0.,0.));
#9422=DIRECTION('',(0.,0.,1.));
#9423=DIRECTION('',(0.,1.,0.));
#9424=DIRECTION('',(0.,0.,-1.));
#9425=DIRECTION('',(0.,-1.,0.));
#9426=DIRECTION('',(0.,0.,1.));
#9427=DIRECTION('',(0.,1.,0.));
#9428=DIRECTION('',(0.,0.,1.));
#9429=DIRECTION('',(-1.,0.,0.));
#9430=DIRECTION('',(1.,0.,0.));
#9431=DIRECTION('',(0.,1.,0.));
#9432=DIRECTION('',(0.,0.,1.));
#9433=DIRECTION('',(1.,0.,0.));
#9434=DIRECTION('',(-1.,0.,0.));
#9435=DIRECTION('',(0.,0.,-1.));
#9436=DIRECTION('',(-1.,0.,0.));
#9437=DIRECTION('',(1.,0.,0.));
#9438=DIRECTION('',(1.,0.,0.));
#9439=DIRECTION('',(0.,0.,-1.));
#9440=DIRECTION('',(-1.,0.,0.));
#9441=DIRECTION('',(1.,0.,0.));
#9442=DIRECTION('',(1.,0.,0.));
#9443=DIRECTION('',(0.,0.,-1.));
#9444=DIRECTION('',(-1.,0.,0.));
#9445=DIRECTION('',(1.,0.,0.));
#9446=DIRECTION('',(0.,-1.,0.));
#9447=DIRECTION('',(1.,0.,0.));
#9448=DIRECTION('',(0.,0.,1.));
#9449=DIRECTION('',(1.,0.,0.));
#9450=DIRECTION('',(-1.,0.,0.));
#9451=DIRECTION('',(-1.,0.,0.));
#9452=DIRECTION('',(0.,0.,1.));
#9453=DIRECTION('',(1.,0.,0.));
#9454=DIRECTION('',(-1.,0.,0.));
#9455=DIRECTION('',(-1.,0.,0.));
#9456=DIRECTION('',(0.,0.,1.));
#9457=DIRECTION('',(1.,0.,0.));
#9458=DIRECTION('',(-1.,0.,0.));
#9459=DIRECTION('',(0.,-1.,0.));
#9460=DIRECTION('',(-1.,0.,0.));
#9461=DIRECTION('',(0.,0.,-1.));
#9462=DIRECTION('',(-1.,0.,0.));
#9463=DIRECTION('',(1.,0.,0.));
#9464=DIRECTION('',(0.,-1.,0.));
#9465=DIRECTION('',(1.,0.,0.));
#9466=DIRECTION('',(0.,0.,-1.));
#9467=DIRECTION('',(-1.,0.,0.));
#9468=DIRECTION('',(1.,0.,0.));
#9469=DIRECTION('',(1.,0.,0.));
#9470=DIRECTION('',(0.,0.,-1.));
#9471=DIRECTION('',(-1.,0.,0.));
#9472=DIRECTION('',(1.,0.,0.));
#9473=DIRECTION('',(1.,0.,0.));
#9474=DIRECTION('',(0.,0.,-1.));
#9475=DIRECTION('',(-1.,0.,0.));
#9476=DIRECTION('',(1.,0.,0.));
#9477=DIRECTION('',(0.,-1.,0.));
#9478=DIRECTION('',(1.,0.,0.));
#9479=DIRECTION('',(0.,0.,1.));
#9480=DIRECTION('',(1.,0.,0.));
#9481=DIRECTION('',(-1.,0.,0.));
#9482=DIRECTION('',(0.,-1.,0.));
#9483=DIRECTION('',(-1.,0.,0.));
#9484=DIRECTION('',(0.,0.,1.));
#9485=DIRECTION('',(1.,0.,0.));
#9486=DIRECTION('',(-1.,0.,0.));
#9487=DIRECTION('',(-1.,0.,0.));
#9488=DIRECTION('',(0.,0.,1.));
#9489=DIRECTION('',(1.,0.,0.));
#9490=DIRECTION('',(-1.,0.,0.));
#9491=DIRECTION('',(-1.,0.,0.));
#9492=DIRECTION('',(0.,0.,1.));
#9493=DIRECTION('',(1.,0.,0.));
#9494=DIRECTION('',(-1.,0.,0.));
#9495=DIRECTION('',(0.,-1.,0.));
#9496=DIRECTION('',(-1.,0.,0.));
#9497=DIRECTION('',(0.,1.,0.));
#9498=DIRECTION('',(0.,0.,1.));
#9499=DIRECTION('',(0.,0.,-1.));
#9500=DIRECTION('',(-1.,0.,0.));
#9501=DIRECTION('',(-1.,0.,0.));
#9502=DIRECTION('',(-1.,0.,0.));
#9503=DIRECTION('',(-1.,0.,0.));
#9504=DIRECTION('',(0.,0.,1.));
#9505=DIRECTION('',(-1.,0.,0.));
#9506=DIRECTION('',(-1.,0.,0.));
#9507=DIRECTION('',(-1.,0.,0.));
#9508=DIRECTION('',(0.,0.,-1.));
#9509=DIRECTION('',(-1.,0.,0.));
#9510=DIRECTION('',(-1.,0.,0.));
#9511=DIRECTION('',(-1.,0.,0.));
#9512=DIRECTION('',(0.,0.,1.));
#9513=DIRECTION('',(-1.,0.,0.));
#9514=DIRECTION('',(1.,0.,0.));
#9515=DIRECTION('',(0.,0.,1.));
#9516=DIRECTION('',(-1.,0.,0.));
#9517=DIRECTION('',(-1.,0.,0.));
#9518=DIRECTION('',(-1.,0.,0.));
#9519=DIRECTION('',(0.,0.,-1.));
#9520=DIRECTION('',(1.,0.,0.));
#9521=DIRECTION('',(-1.,0.,0.));
#9522=DIRECTION('',(1.,0.,0.));
#9523=DIRECTION('',(0.,0.,1.));
#9524=DIRECTION('',(-1.,0.,0.));
#9525=DIRECTION('',(-1.,0.,0.));
#9526=DIRECTION('',(-1.,0.,0.));
#9527=DIRECTION('',(1.,0.,0.));
#9528=DIRECTION('',(0.,0.,-1.));
#9529=DIRECTION('',(1.,0.,0.));
#9530=DIRECTION('',(-1.,0.,0.));
#9531=DIRECTION('',(0.,0.,-1.));
#9532=DIRECTION('',(-1.,0.,0.));
#9533=DIRECTION('',(1.,0.,0.));
#9534=DIRECTION('',(0.,-1.,0.));
#9535=DIRECTION('',(0.,0.,1.));
#9536=DIRECTION('',(1.,0.,0.));
#9537=DIRECTION('',(0.,-1.,0.));
#9538=DIRECTION('',(-1.,0.,0.));
#9539=DIRECTION('',(0.,1.,0.));
#9540=DIRECTION('',(0.,0.,1.));
#9541=DIRECTION('',(-1.,0.,0.));
#9542=DIRECTION('',(0.,0.,-1.));
#9543=DIRECTION('',(1.,0.,0.));
#9544=DIRECTION('',(0.,0.,1.));
#9545=DIRECTION('',(-1.,0.,0.));
#9546=DIRECTION('',(0.,0.,-1.));
#9547=DIRECTION('',(1.,0.,0.));
#9548=DIRECTION('',(0.,0.,1.));
#9549=DIRECTION('',(-1.,0.,0.));
#9550=DIRECTION('',(0.,0.,-1.));
#9551=DIRECTION('',(1.,0.,0.));
#9552=DIRECTION('',(0.,0.,1.));
#9553=DIRECTION('',(-1.,0.,0.));
#9554=DIRECTION('',(0.,0.,-1.));
#9555=DIRECTION('',(1.,0.,0.));
#9556=DIRECTION('',(0.,0.,1.));
#9557=DIRECTION('',(-1.,0.,0.));
#9558=DIRECTION('',(0.,0.,-1.));
#9559=DIRECTION('',(1.,0.,0.));
#9560=DIRECTION('',(0.,0.,1.));
#9561=DIRECTION('',(-1.,0.,0.));
#9562=DIRECTION('',(0.,0.,-1.));
#9563=DIRECTION('',(1.,0.,0.));
#9564=DIRECTION('',(0.,0.,1.));
#9565=DIRECTION('',(-1.,0.,0.));
#9566=DIRECTION('',(0.,0.,-1.));
#9567=DIRECTION('',(1.,0.,0.));
#9568=DIRECTION('',(0.,0.,1.));
#9569=DIRECTION('',(-1.,0.,0.));
#9570=DIRECTION('',(0.,0.,-1.));
#9571=DIRECTION('',(1.,0.,0.));
#9572=DIRECTION('',(0.,0.,1.));
#9573=DIRECTION('',(-1.,0.,0.));
#9574=DIRECTION('',(0.,0.,-1.));
#9575=DIRECTION('',(1.,0.,0.));
#9576=DIRECTION('',(0.,0.,1.));
#9577=DIRECTION('',(-1.,0.,0.));
#9578=DIRECTION('',(0.,0.,-1.));
#9579=DIRECTION('',(1.,0.,0.));
#9580=DIRECTION('',(0.,0.,1.));
#9581=DIRECTION('',(-1.,0.,0.));
#9582=DIRECTION('',(0.,0.,-1.));
#9583=DIRECTION('',(1.,0.,0.));
#9584=DIRECTION('',(0.,0.,1.));
#9585=DIRECTION('',(-1.,0.,0.));
#9586=DIRECTION('',(0.,0.,-1.));
#9587=DIRECTION('',(1.,0.,0.));
#9588=DIRECTION('',(0.,0.,1.));
#9589=DIRECTION('',(0.,0.,1.));
#9590=DIRECTION('',(-1.,0.,0.));
#9591=DIRECTION('',(-0.707106781186549,0.,-0.707106781186546));
#9592=DIRECTION('',(0.,0.,-1.));
#9593=DIRECTION('',(0.707106781186549,0.,-0.707106781186546));
#9594=DIRECTION('',(1.,0.,0.));
#9595=DIRECTION('',(-0.707106781186549,0.,0.707106781186546));
#9596=DIRECTION('',(-1.,0.,0.));
#9597=DIRECTION('',(0.,0.,-1.));
#9598=DIRECTION('',(1.,0.,0.));
#9599=DIRECTION('',(0.707106781186549,0.,0.707106781186546));
#9600=DIRECTION('',(0.,0.,1.));
#9601=DIRECTION('',(-0.707106781186548,0.,0.707106781186547));
#9602=DIRECTION('',(-1.,0.,0.));
#9603=DIRECTION('',(0.,0.,-1.));
#9604=DIRECTION('',(1.,0.,0.));
#9605=DIRECTION('',(0.,0.,1.));
#9606=DIRECTION('',(-1.,0.,0.));
#9607=DIRECTION('',(-0.707106781186548,0.,-0.707106781186547));
#9608=DIRECTION('',(0.,0.,-1.));
#9609=DIRECTION('',(1.,0.,0.));
#9610=DIRECTION('',(0.,0.,1.));
#9611=DIRECTION('',(0.,0.,-1.));
#9612=DIRECTION('',(-1.,0.,0.));
#9613=DIRECTION('',(0.,0.,1.));
#9614=DIRECTION('',(-1.,0.,0.));
#9615=DIRECTION('',(-1.,0.,0.));
#9616=DIRECTION('',(0.,0.,-1.));
#9617=DIRECTION('',(1.,0.,0.));
#9618=DIRECTION('',(0.,0.,-1.));
#9619=DIRECTION('',(1.,0.,0.));
#9620=DIRECTION('',(1.,0.,0.));
#9621=DIRECTION('',(1.,0.,0.));
#9622=DIRECTION('',(0.,0.,1.));
#9623=DIRECTION('',(1.,0.,0.));
#9624=DIRECTION('',(0.,0.,-1.));
#9625=DIRECTION('',(1.,0.,0.));
#9626=DIRECTION('',(1.,0.,0.));
#9627=DIRECTION('',(1.,0.,0.));
#9628=DIRECTION('',(0.,0.,1.));
#9629=DIRECTION('',(1.,0.,0.));
#9630=DIRECTION('',(0.,0.,1.));
#9631=DIRECTION('',(-1.,0.,0.));
#9632=DIRECTION('',(-1.,0.,0.));
#9633=DIRECTION('',(0.,0.,1.));
#9634=DIRECTION('',(0.,1.,0.));
#9635=DIRECTION('',(1.,0.,0.));
#9636=DIRECTION('',(-1.,0.,0.));
#9637=DIRECTION('',(0.,1.,0.));
#9638=DIRECTION('',(1.,0.,0.));
#9639=DIRECTION('',(0.,0.,-1.));
#9640=DIRECTION('',(0.,1.,0.));
#9641=DIRECTION('',(1.,0.,0.));
#9642=DIRECTION('',(1.,0.,0.));
#9643=DIRECTION('',(0.,1.,0.));
#9644=DIRECTION('',(1.,0.,0.));
#9645=DIRECTION('',(0.,-1.,0.));
#9646=DIRECTION('',(0.,0.,-1.));
#9647=DIRECTION('',(0.,0.,-1.));
#9648=DIRECTION('',(-1.,0.,0.));
#9649=DIRECTION('',(0.,-1.,0.));
#9650=DIRECTION('',(1.,0.,0.));
#9651=DIRECTION('',(0.,-1.,0.));
#9652=DIRECTION('',(0.,0.,-1.));
#9653=DIRECTION('',(-1.,0.,0.));
#9654=DIRECTION('',(0.,-1.,0.));
#9655=DIRECTION('',(-1.,0.,0.));
#9656=DIRECTION('',(0.,0.,1.));
#9657=DIRECTION('',(1.,0.,0.));
#9658=DIRECTION('',(0.,0.,-1.));
#9659=DIRECTION('',(0.,0.,-1.));
#9660=DIRECTION('',(0.,-1.,0.));
#9661=DIRECTION('',(0.,-0.832050270386,0.554700232152993));
#9662=DIRECTION('',(-1.,0.,0.));
#9663=DIRECTION('',(0.,0.,1.));
#9664=DIRECTION('',(0.,-0.832050270386,0.554700232152993));
#9665=DIRECTION('',(0.,-1.,0.));
#9666=DIRECTION('',(0.,0.,-1.));
#9667=DIRECTION('',(1.,0.,0.));
#9668=DIRECTION('',(0.,0.,-1.));
#9669=DIRECTION('',(0.,-1.,0.));
#9670=DIRECTION('',(0.,0.,-1.));
#9671=DIRECTION('',(-1.,0.,0.));
#9672=DIRECTION('',(1.,0.,0.));
#9673=DIRECTION('',(0.,0.,-1.));
#9674=DIRECTION('',(-1.,0.,0.));
#9675=DIRECTION('',(0.,0.,1.));
#9676=DIRECTION('',(0.,-1.,0.));
#9677=DIRECTION('',(0.,0.,1.));
#9678=DIRECTION('',(1.,0.,0.));
#9679=DIRECTION('',(0.,-1.,0.));
#9680=DIRECTION('',(1.,0.,0.));
#9681=DIRECTION('',(0.,0.,-1.));
#9682=DIRECTION('',(-1.,0.,0.));
#9683=DIRECTION('',(0.,0.,1.));
#9684=DIRECTION('',(0.,1.,0.));
#9685=DIRECTION('',(0.,0.,1.));
#9686=DIRECTION('',(-1.,0.,0.));
#9687=DIRECTION('',(0.,0.,-1.));
#9688=DIRECTION('',(-1.,0.,0.));
#9689=DIRECTION('',(-1.,0.,0.));
#9690=DIRECTION('',(0.,-0.554700232152993,-0.832050270386));
#9691=DIRECTION('',(0.,0.832050270386,-0.554700232152993));
#9692=DIRECTION('',(0.,1.,0.));
#9693=DIRECTION('',(0.,0.,1.));
#9694=DIRECTION('',(0.,-1.,0.));
#9695=DIRECTION('',(0.,0.,-1.));
#9696=DIRECTION('',(0.,-1.,0.));
#9697=DIRECTION('',(0.,0.,-1.));
#9698=DIRECTION('',(0.,-1.,0.));
#9699=DIRECTION('',(0.,0.,-1.));
#9700=DIRECTION('',(0.,-1.,0.));
#9701=DIRECTION('',(0.,-1.,0.));
#9702=DIRECTION('',(1.,0.,0.));
#9703=DIRECTION('',(0.,0.,-1.));
#9704=DIRECTION('',(0.,-1.,0.));
#9705=DIRECTION('',(0.,-1.,0.));
#9706=DIRECTION('',(0.,0.,-1.));
#9707=DIRECTION('',(0.,-1.,0.));
#9708=DIRECTION('',(0.,0.,-1.));
#9709=DIRECTION('',(-1.,0.,0.));
#9710=DIRECTION('',(0.,-1.,0.));
#9711=DIRECTION('',(0.,-1.,0.));
#9712=DIRECTION('',(0.,0.,-1.));
#9713=DIRECTION('',(0.,-1.,0.));
#9714=DIRECTION('',(-1.,0.,0.));
#9715=DIRECTION('',(0.,0.,1.));
#9716=DIRECTION('',(0.,-1.,0.));
#9717=DIRECTION('',(0.,-1.,0.));
#9718=DIRECTION('',(0.,0.,-1.));
#9719=DIRECTION('',(0.,-1.,0.));
#9720=DIRECTION('',(0.,0.,1.));
#9721=DIRECTION('',(1.,0.,0.));
#9722=DIRECTION('',(0.,0.,-1.));
#9723=DIRECTION('',(-1.,0.,0.));
#9724=DIRECTION('',(0.,0.,1.));
#9725=DIRECTION('',(1.,0.,0.));
#9726=DIRECTION('',(0.,0.,-1.));
#9727=DIRECTION('',(-1.,0.,0.));
#9728=DIRECTION('',(0.,0.,1.));
#9729=DIRECTION('',(1.,0.,0.));
#9730=DIRECTION('',(0.,0.,-1.));
#9731=DIRECTION('',(-1.,0.,0.));
#9732=DIRECTION('',(0.,0.,1.));
#9733=DIRECTION('',(1.,0.,0.));
#9734=DIRECTION('',(0.,0.,-1.));
#9735=DIRECTION('',(-1.,0.,0.));
#9736=DIRECTION('',(0.,0.,-1.));
#9737=DIRECTION('',(-1.,0.,0.));
#9738=DIRECTION('',(0.,0.,-1.));
#9739=DIRECTION('',(-1.,0.,0.));
#9740=DIRECTION('',(0.,0.,1.));
#9741=DIRECTION('',(1.,0.,0.));
#9742=DIRECTION('',(0.,0.,1.));
#9743=DIRECTION('',(1.,0.,0.));
#9744=DIRECTION('',(0.,0.,-1.));
#9745=DIRECTION('',(-1.,0.,0.));
#9746=DIRECTION('',(0.,0.,1.));
#9747=DIRECTION('',(1.,0.,0.));
#9748=DIRECTION('',(0.,0.,-1.));
#9749=DIRECTION('',(-1.,0.,0.));
#9750=DIRECTION('',(0.,0.,1.));
#9751=DIRECTION('',(1.,0.,0.));
#9752=DIRECTION('',(0.,0.,-1.));
#9753=DIRECTION('',(-1.,0.,0.));
#9754=DIRECTION('',(0.,0.,1.));
#9755=DIRECTION('',(1.,0.,0.));
#9756=DIRECTION('',(0.,0.,-1.));
#9757=DIRECTION('',(-1.,0.,0.));
#9758=DIRECTION('',(0.,0.,1.));
#9759=DIRECTION('',(1.,0.,0.));
#9760=DIRECTION('',(0.,0.,-1.));
#9761=DIRECTION('',(-1.,0.,0.));
#9762=DIRECTION('',(0.,0.,1.));
#9763=DIRECTION('',(1.,0.,0.));
#9764=DIRECTION('',(0.,0.,-1.));
#9765=DIRECTION('',(-1.,0.,0.));
#9766=DIRECTION('',(0.,0.,-1.));
#9767=DIRECTION('',(-1.,0.,0.));
#9768=DIRECTION('',(0.,0.,1.));
#9769=DIRECTION('',(1.,0.,0.));
#9770=DIRECTION('',(0.,-1.,0.));
#9771=DIRECTION('',(0.,0.,-1.));
#9772=DIRECTION('',(-1.,0.,0.));
#9773=DIRECTION('',(0.,0.,-1.));
#9774=DIRECTION('',(-1.,0.,0.));
#9775=DIRECTION('',(0.,-1.,0.));
#9776=DIRECTION('',(0.,0.,-1.));
#9777=DIRECTION('',(-1.,0.,0.));
#9778=DIRECTION('',(0.,0.,-1.));
#9779=DIRECTION('',(-1.,0.,0.));
#9780=DIRECTION('',(0.,0.,-1.));
#9781=DIRECTION('',(-1.,0.,0.));
#9782=DIRECTION('',(0.,0.,-1.));
#9783=DIRECTION('',(-1.,0.,0.));
#9784=DIRECTION('',(0.,0.,-1.));
#9785=DIRECTION('',(-1.,0.,0.));
#9786=DIRECTION('',(0.,1.,0.));
#9787=DIRECTION('',(-1.,0.,0.));
#9788=DIRECTION('',(0.,1.,0.));
#9789=DIRECTION('',(-1.,0.,0.));
#9790=DIRECTION('',(0.,0.,1.));
#9791=DIRECTION('',(0.,1.,0.));
#9792=DIRECTION('',(0.,0.,1.));
#9793=DIRECTION('',(0.,0.,1.));
#9794=DIRECTION('',(1.,0.,0.));
#9795=DIRECTION('',(0.,1.,0.));
#9796=DIRECTION('',(1.,0.,0.));
#9797=DIRECTION('',(1.,0.,0.));
#9798=DIRECTION('',(0.,0.,-1.));
#9799=DIRECTION('',(0.,1.,0.));
#9800=DIRECTION('',(0.,0.,-1.));
#9801=DIRECTION('',(0.707106781186547,0.,-0.707106781186548));
#9802=DIRECTION('',(-0.707106781186548,0.,-0.707106781186547));
#9803=DIRECTION('',(-0.707106781186548,0.,-0.707106781186547));
#9804=DIRECTION('',(0.,1.,0.));
#9805=DIRECTION('',(0.,0.,1.));
#9806=DIRECTION('',(-0.707106781186547,0.,-0.707106781186548));
#9807=DIRECTION('',(-0.707106781186548,0.,0.707106781186547));
#9808=DIRECTION('',(0.,1.,0.));
#9809=DIRECTION('',(-0.707106781186548,0.,0.707106781186547));
#9810=DIRECTION('',(0.,1.,0.));
#9811=DIRECTION('',(-1.,0.,0.));
#9812=DIRECTION('',(0.,0.,1.));
#9813=DIRECTION('',(0.,1.,0.));
#9814=DIRECTION('',(0.,0.,1.));
#9815=DIRECTION('',(0.,0.,1.));
#9816=DIRECTION('',(1.,0.,0.));
#9817=DIRECTION('',(0.,1.,0.));
#9818=DIRECTION('',(1.,0.,0.));
#9819=DIRECTION('',(1.,0.,0.));
#9820=DIRECTION('',(0.,0.,-1.));
#9821=DIRECTION('',(0.,1.,0.));
#9822=DIRECTION('',(0.,0.,-1.));
#9823=DIRECTION('',(0.,0.,-1.));
#9824=DIRECTION('',(-1.,0.,0.));
#9825=DIRECTION('',(-1.,0.,0.));
#9826=DIRECTION('',(0.,1.,0.));
#9827=DIRECTION('',(0.,0.,1.));
#9828=DIRECTION('',(-0.707106781186547,0.,-0.707106781186549));
#9829=DIRECTION('',(-0.707106781186549,0.,0.707106781186546));
#9830=DIRECTION('',(0.,1.,0.));
#9831=DIRECTION('',(-0.707106781186549,0.,0.707106781186546));
#9832=DIRECTION('',(0.,1.,0.));
#9833=DIRECTION('',(-1.,0.,0.));
#9834=DIRECTION('',(0.,0.,1.));
#9835=DIRECTION('',(0.,1.,0.));
#9836=DIRECTION('',(0.,0.,1.));
#9837=DIRECTION('',(-0.707106781186547,0.,0.707106781186549));
#9838=DIRECTION('',(0.707106781186549,0.,0.707106781186546));
#9839=DIRECTION('',(0.,1.,0.));
#9840=DIRECTION('',(0.707106781186549,0.,0.707106781186546));
#9841=DIRECTION('',(0.,0.,1.));
#9842=DIRECTION('',(1.,0.,0.));
#9843=DIRECTION('',(0.,1.,0.));
#9844=DIRECTION('',(1.,0.,0.));
#9845=DIRECTION('',(1.,0.,0.));
#9846=DIRECTION('',(0.,0.,-1.));
#9847=DIRECTION('',(0.,1.,0.));
#9848=DIRECTION('',(0.,0.,-1.));
#9849=DIRECTION('',(0.,0.,-1.));
#9850=DIRECTION('',(-1.,0.,0.));
#9851=DIRECTION('',(-1.,0.,0.));
#9852=DIRECTION('',(0.,1.,0.));
#9853=DIRECTION('',(0.,0.,1.));
#9854=DIRECTION('',(-1.,0.,0.));
#9855=DIRECTION('',(0.,0.,1.));
#9856=DIRECTION('',(0.,1.,0.));
#9857=DIRECTION('',(0.,0.,1.));
#9858=DIRECTION('',(0.,1.,0.));
#9859=DIRECTION('',(0.,0.,1.));
#9860=DIRECTION('',(1.,0.,0.));
#9861=DIRECTION('',(0.,1.,0.));
#9862=DIRECTION('',(1.,0.,0.));
#9863=DIRECTION('',(0.707106781186547,0.,0.707106781186549));
#9864=DIRECTION('',(0.707106781186549,0.,-0.707106781186546));
#9865=DIRECTION('',(0.,1.,0.));
#9866=DIRECTION('',(0.707106781186549,0.,-0.707106781186546));
#9867=DIRECTION('',(1.,0.,0.));
#9868=DIRECTION('',(0.,0.,-1.));
#9869=DIRECTION('',(0.,1.,0.));
#9870=DIRECTION('',(0.,0.,-1.));
#9871=DIRECTION('',(0.707106781186547,0.,-0.707106781186549));
#9872=DIRECTION('',(-0.707106781186549,0.,-0.707106781186546));
#9873=DIRECTION('',(0.,1.,0.));
#9874=DIRECTION('',(-0.707106781186549,0.,-0.707106781186546));
#9875=DIRECTION('',(0.,0.,-1.));
#9876=DIRECTION('',(-1.,0.,0.));
#9877=DIRECTION('',(-1.,0.,0.));
#9878=DIRECTION('',(0.,1.,0.));
#9879=DIRECTION('',(0.,0.,1.));
#9880=DIRECTION('',(0.,0.,-1.));
#9881=DIRECTION('',(-1.,0.,0.));
#9882=DIRECTION('',(0.,1.,0.));
#9883=DIRECTION('',(-1.,0.,0.));
#9884=DIRECTION('',(0.,1.,0.));
#9885=DIRECTION('',(-1.,0.,0.));
#9886=DIRECTION('',(0.,0.,1.));
#9887=DIRECTION('',(0.,1.,0.));
#9888=DIRECTION('',(0.,0.,1.));
#9889=DIRECTION('',(0.,0.,1.));
#9890=DIRECTION('',(1.,0.,0.));
#9891=DIRECTION('',(0.,1.,0.));
#9892=DIRECTION('',(1.,0.,0.));
#9893=DIRECTION('',(1.,0.,0.));
#9894=DIRECTION('',(0.,0.,-1.));
#9895=DIRECTION('',(0.,0.,-1.));
#9896=DIRECTION('',(0.,1.,0.));
#9897=DIRECTION('',(0.,0.,1.));
#9898=DIRECTION('',(0.,0.,-1.));
#9899=DIRECTION('',(-1.,0.,0.));
#9900=DIRECTION('',(0.,1.,0.));
#9901=DIRECTION('',(-1.,0.,0.));
#9902=DIRECTION('',(0.,1.,0.));
#9903=DIRECTION('',(-1.,0.,0.));
#9904=DIRECTION('',(0.,0.,1.));
#9905=DIRECTION('',(0.,1.,0.));
#9906=DIRECTION('',(0.,0.,1.));
#9907=DIRECTION('',(0.,0.,1.));
#9908=DIRECTION('',(1.,0.,0.));
#9909=DIRECTION('',(0.,1.,0.));
#9910=DIRECTION('',(1.,0.,0.));
#9911=DIRECTION('',(1.,0.,0.));
#9912=DIRECTION('',(0.,0.,-1.));
#9913=DIRECTION('',(0.,0.,-1.));
#9914=DIRECTION('',(0.,1.,0.));
#9915=DIRECTION('',(0.,0.,1.));
#9916=DIRECTION('',(0.,0.,-1.));
#9917=DIRECTION('',(-1.,0.,0.));
#9918=DIRECTION('',(0.,1.,0.));
#9919=DIRECTION('',(-1.,0.,0.));
#9920=DIRECTION('',(0.,1.,0.));
#9921=DIRECTION('',(-1.,0.,0.));
#9922=DIRECTION('',(0.,0.,1.));
#9923=DIRECTION('',(0.,1.,0.));
#9924=DIRECTION('',(0.,0.,1.));
#9925=DIRECTION('',(0.,0.,1.));
#9926=DIRECTION('',(1.,0.,0.));
#9927=DIRECTION('',(0.,1.,0.));
#9928=DIRECTION('',(1.,0.,0.));
#9929=DIRECTION('',(1.,0.,0.));
#9930=DIRECTION('',(0.,0.,-1.));
#9931=DIRECTION('',(0.,0.,-1.));
#9932=DIRECTION('',(0.,1.,0.));
#9933=DIRECTION('',(0.,0.,1.));
#9934=DIRECTION('',(0.,0.,-1.));
#9935=DIRECTION('',(-1.,0.,0.));
#9936=DIRECTION('',(0.,1.,0.));
#9937=DIRECTION('',(-1.,0.,0.));
#9938=DIRECTION('',(0.,1.,0.));
#9939=DIRECTION('',(-1.,0.,0.));
#9940=DIRECTION('',(0.,0.,1.));
#9941=DIRECTION('',(0.,1.,0.));
#9942=DIRECTION('',(0.,0.,1.));
#9943=DIRECTION('',(0.,0.,1.));
#9944=DIRECTION('',(1.,0.,0.));
#9945=DIRECTION('',(0.,1.,0.));
#9946=DIRECTION('',(1.,0.,0.));
#9947=DIRECTION('',(1.,0.,0.));
#9948=DIRECTION('',(0.,0.,-1.));
#9949=DIRECTION('',(0.,0.,-1.));
#9950=DIRECTION('',(0.,1.,0.));
#9951=DIRECTION('',(0.,0.,1.));
#9952=DIRECTION('',(0.,0.,-1.));
#9953=DIRECTION('',(-1.,0.,0.));
#9954=DIRECTION('',(0.,1.,0.));
#9955=DIRECTION('',(-1.,0.,0.));
#9956=DIRECTION('',(0.,1.,0.));
#9957=DIRECTION('',(-1.,0.,0.));
#9958=DIRECTION('',(0.,0.,1.));
#9959=DIRECTION('',(0.,1.,0.));
#9960=DIRECTION('',(0.,0.,1.));
#9961=DIRECTION('',(0.,0.,1.));
#9962=DIRECTION('',(1.,0.,0.));
#9963=DIRECTION('',(0.,1.,0.));
#9964=DIRECTION('',(1.,0.,0.));
#9965=DIRECTION('',(1.,0.,0.));
#9966=DIRECTION('',(0.,0.,-1.));
#9967=DIRECTION('',(0.,0.,-1.));
#9968=DIRECTION('',(0.,1.,0.));
#9969=DIRECTION('',(0.,0.,1.));
#9970=DIRECTION('',(0.,0.,-1.));
#9971=DIRECTION('',(-1.,0.,0.));
#9972=DIRECTION('',(0.,1.,0.));
#9973=DIRECTION('',(-1.,0.,0.));
#9974=DIRECTION('',(0.,1.,0.));
#9975=DIRECTION('',(-1.,0.,0.));
#9976=DIRECTION('',(0.,0.,1.));
#9977=DIRECTION('',(0.,1.,0.));
#9978=DIRECTION('',(0.,0.,1.));
#9979=DIRECTION('',(0.,0.,1.));
#9980=DIRECTION('',(1.,0.,0.));
#9981=DIRECTION('',(0.,1.,0.));
#9982=DIRECTION('',(1.,0.,0.));
#9983=DIRECTION('',(1.,0.,0.));
#9984=DIRECTION('',(0.,0.,-1.));
#9985=DIRECTION('',(0.,0.,-1.));
#9986=DIRECTION('',(0.,1.,0.));
#9987=DIRECTION('',(0.,0.,1.));
#9988=DIRECTION('',(0.,0.,-1.));
#9989=DIRECTION('',(-1.,0.,0.));
#9990=DIRECTION('',(0.,1.,0.));
#9991=DIRECTION('',(-1.,0.,0.));
#9992=DIRECTION('',(0.,1.,0.));
#9993=DIRECTION('',(-1.,0.,0.));
#9994=DIRECTION('',(0.,0.,1.));
#9995=DIRECTION('',(0.,1.,0.));
#9996=DIRECTION('',(0.,0.,1.));
#9997=DIRECTION('',(0.,0.,1.));
#9998=DIRECTION('',(1.,0.,0.));
#9999=DIRECTION('',(0.,1.,0.));
#10000=DIRECTION('',(1.,0.,0.));
#10001=DIRECTION('',(1.,0.,0.));
#10002=DIRECTION('',(0.,0.,-1.));
#10003=DIRECTION('',(0.,0.,-1.));
#10004=DIRECTION('',(0.,1.,0.));
#10005=DIRECTION('',(0.,0.,1.));
#10006=DIRECTION('',(0.,0.,-1.));
#10007=DIRECTION('',(-1.,0.,0.));
#10008=DIRECTION('',(0.,1.,0.));
#10009=DIRECTION('',(-1.,0.,0.));
#10010=DIRECTION('',(0.,1.,0.));
#10011=DIRECTION('',(-1.,0.,0.));
#10012=DIRECTION('',(0.,0.,1.));
#10013=DIRECTION('',(0.,1.,0.));
#10014=DIRECTION('',(0.,0.,1.));
#10015=DIRECTION('',(0.,0.,1.));
#10016=DIRECTION('',(1.,0.,0.));
#10017=DIRECTION('',(0.,1.,0.));
#10018=DIRECTION('',(1.,0.,0.));
#10019=DIRECTION('',(1.,0.,0.));
#10020=DIRECTION('',(0.,0.,-1.));
#10021=DIRECTION('',(0.,0.,-1.));
#10022=DIRECTION('',(0.,1.,0.));
#10023=DIRECTION('',(0.,0.,1.));
#10024=DIRECTION('',(0.,0.,-1.));
#10025=DIRECTION('',(-1.,0.,0.));
#10026=DIRECTION('',(0.,1.,0.));
#10027=DIRECTION('',(-1.,0.,0.));
#10028=DIRECTION('',(0.,1.,0.));
#10029=DIRECTION('',(-1.,0.,0.));
#10030=DIRECTION('',(0.,0.,1.));
#10031=DIRECTION('',(0.,1.,0.));
#10032=DIRECTION('',(0.,0.,1.));
#10033=DIRECTION('',(0.,0.,1.));
#10034=DIRECTION('',(1.,0.,0.));
#10035=DIRECTION('',(0.,1.,0.));
#10036=DIRECTION('',(1.,0.,0.));
#10037=DIRECTION('',(1.,0.,0.));
#10038=DIRECTION('',(0.,0.,-1.));
#10039=DIRECTION('',(0.,0.,-1.));
#10040=DIRECTION('',(0.,1.,0.));
#10041=DIRECTION('',(0.,0.,1.));
#10042=DIRECTION('',(0.,0.,-1.));
#10043=DIRECTION('',(-1.,0.,0.));
#10044=DIRECTION('',(0.,1.,0.));
#10045=DIRECTION('',(-1.,0.,0.));
#10046=DIRECTION('',(0.,1.,0.));
#10047=DIRECTION('',(-1.,0.,0.));
#10048=DIRECTION('',(0.,0.,1.));
#10049=DIRECTION('',(0.,1.,0.));
#10050=DIRECTION('',(0.,0.,1.));
#10051=DIRECTION('',(0.,0.,1.));
#10052=DIRECTION('',(1.,0.,0.));
#10053=DIRECTION('',(0.,1.,0.));
#10054=DIRECTION('',(1.,0.,0.));
#10055=DIRECTION('',(1.,0.,0.));
#10056=DIRECTION('',(0.,0.,-1.));
#10057=DIRECTION('',(0.,0.,-1.));
#10058=DIRECTION('',(0.,1.,0.));
#10059=DIRECTION('',(0.,0.,1.));
#10060=DIRECTION('',(0.,0.,-1.));
#10061=DIRECTION('',(-1.,0.,0.));
#10062=DIRECTION('',(0.,1.,0.));
#10063=DIRECTION('',(-1.,0.,0.));
#10064=DIRECTION('',(0.,1.,0.));
#10065=DIRECTION('',(-1.,0.,0.));
#10066=DIRECTION('',(0.,0.,1.));
#10067=DIRECTION('',(0.,1.,0.));
#10068=DIRECTION('',(0.,0.,1.));
#10069=DIRECTION('',(0.,0.,1.));
#10070=DIRECTION('',(1.,0.,0.));
#10071=DIRECTION('',(0.,1.,0.));
#10072=DIRECTION('',(1.,0.,0.));
#10073=DIRECTION('',(1.,0.,0.));
#10074=DIRECTION('',(0.,0.,-1.));
#10075=DIRECTION('',(0.,0.,-1.));
#10076=DIRECTION('',(0.,1.,0.));
#10077=DIRECTION('',(0.,0.,1.));
#10078=DIRECTION('',(0.,0.,-1.));
#10079=DIRECTION('',(-1.,0.,0.));
#10080=DIRECTION('',(0.,1.,0.));
#10081=DIRECTION('',(-1.,0.,0.));
#10082=DIRECTION('',(0.,1.,0.));
#10083=DIRECTION('',(-1.,0.,0.));
#10084=DIRECTION('',(0.,0.,1.));
#10085=DIRECTION('',(0.,1.,0.));
#10086=DIRECTION('',(0.,0.,1.));
#10087=DIRECTION('',(0.,0.,1.));
#10088=DIRECTION('',(1.,0.,0.));
#10089=DIRECTION('',(0.,1.,0.));
#10090=DIRECTION('',(1.,0.,0.));
#10091=DIRECTION('',(1.,0.,0.));
#10092=DIRECTION('',(0.,0.,-1.));
#10093=DIRECTION('',(0.,0.,-1.));
#10094=DIRECTION('',(0.,1.,0.));
#10095=DIRECTION('',(0.,0.,1.));
#10096=DIRECTION('',(0.,0.,1.));
#10097=DIRECTION('',(1.,0.,0.));
#10098=DIRECTION('',(1.,0.,0.));
#10099=DIRECTION('',(0.,0.,-1.));
#10100=DIRECTION('',(0.,1.53666449643615E-17,1.));
#10101=DIRECTION('',(0.,-1.,0.));
#10102=DIRECTION('',(0.,0.,-1.));
#10103=DIRECTION('',(0.,-1.,0.));
#10104=DIRECTION('',(-1.,0.,0.));
#10105=DIRECTION('',(0.,0.,1.));
#10106=DIRECTION('',(0.,-1.53666449643615E-17,-1.));
#10107=DIRECTION('',(0.,1.,0.));
#10108=DIRECTION('',(0.,0.,-1.));
#10109=DIRECTION('',(0.,1.,0.));
#10110=DIRECTION('',(0.,0.,1.));
#10111=DIRECTION('',(1.,0.,0.));
#10112=DIRECTION('',(-1.,0.,0.));
#10113=DIRECTION('',(1.,0.,0.));
#10114=DIRECTION('',(0.,0.,1.));
#10115=DIRECTION('',(1.,0.,0.));
#10116=DIRECTION('',(-1.,0.,0.));
#10117=DIRECTION('',(1.,0.,0.));
#10118=DIRECTION('',(-1.,0.,0.));
#10119=DIRECTION('',(0.,0.,1.));
#10120=DIRECTION('',(1.,0.,0.));
#10121=DIRECTION('',(0.,0.,-1.));
#10122=DIRECTION('',(-1.,0.,0.));
#10123=DIRECTION('',(1.,0.,0.));
#10124=DIRECTION('',(0.,0.,-1.));
#10125=DIRECTION('',(-1.,0.,0.));
#10126=DIRECTION('',(-1.,0.,0.));
#10127=DIRECTION('',(0.,0.,1.));
#10128=DIRECTION('',(-1.,0.,0.));
#10129=DIRECTION('',(0.,0.,1.));
#10130=DIRECTION('',(-1.,0.,0.));
#10131=DIRECTION('',(1.,0.,0.));
#10132=DIRECTION('',(0.,0.,-1.));
#10133=DIRECTION('',(-1.,0.,0.));
#10134=DIRECTION('',(-1.,0.,0.));
#10135=DIRECTION('',(0.,0.,1.));
#10136=DIRECTION('',(1.,0.,0.));
#10137=DIRECTION('',(0.,0.,-1.));
#10138=DIRECTION('',(-1.,0.,0.));
#10139=DIRECTION('',(-1.,0.,0.));
#10140=DIRECTION('',(0.,0.,1.));
#10141=DIRECTION('',(-1.,0.,0.));
#10142=DIRECTION('',(-1.,0.,0.));
#10143=DIRECTION('',(0.,0.,1.));
#10144=DIRECTION('',(1.,0.,0.));
#10145=DIRECTION('',(0.,0.,-1.));
#10146=DIRECTION('',(-1.,0.,0.));
#10147=DIRECTION('',(-1.,0.,0.));
#10148=DIRECTION('',(0.,0.,1.));
#10149=DIRECTION('',(-1.,0.,0.));
#10150=DIRECTION('',(-1.,0.,0.));
#10151=DIRECTION('',(0.,0.,1.));
#10152=DIRECTION('',(1.,0.,0.));
#10153=DIRECTION('',(0.,0.,-1.));
#10154=DIRECTION('',(-1.,0.,0.));
#10155=DIRECTION('',(-1.,0.,0.));
#10156=DIRECTION('',(0.,0.,1.));
#10157=DIRECTION('',(-1.,0.,0.));
#10158=DIRECTION('',(-1.,0.,0.));
#10159=DIRECTION('',(0.,0.,1.));
#10160=DIRECTION('',(1.,0.,0.));
#10161=DIRECTION('',(0.,0.,-1.));
#10162=DIRECTION('',(-1.,0.,0.));
#10163=DIRECTION('',(-1.,0.,0.));
#10164=DIRECTION('',(0.,0.,1.));
#10165=DIRECTION('',(-1.,0.,0.));
#10166=DIRECTION('',(-1.,0.,0.));
#10167=DIRECTION('',(0.,0.,1.));
#10168=DIRECTION('',(1.,0.,0.));
#10169=DIRECTION('',(0.,0.,-1.));
#10170=DIRECTION('',(-1.,0.,0.));
#10171=DIRECTION('',(-1.,0.,0.));
#10172=DIRECTION('',(0.,0.,1.));
#10173=DIRECTION('',(-1.,0.,0.));
#10174=DIRECTION('',(-1.,0.,0.));
#10175=DIRECTION('',(0.,0.,1.));
#10176=DIRECTION('',(1.,0.,0.));
#10177=DIRECTION('',(0.,0.,-1.));
#10178=DIRECTION('',(-1.,0.,0.));
#10179=DIRECTION('',(-1.,0.,0.));
#10180=DIRECTION('',(0.,0.,1.));
#10181=DIRECTION('',(-1.,0.,0.));
#10182=DIRECTION('',(0.,1.,0.));
#10183=DIRECTION('',(0.,0.,1.));
#10184=DIRECTION('',(0.,0.,-1.));
#10185=DIRECTION('',(0.,0.,-1.));
#10186=DIRECTION('',(-1.,0.,0.));
#10187=DIRECTION('',(0.,1.,0.));
#10188=DIRECTION('',(0.,0.,1.));
#10189=DIRECTION('',(0.,0.,1.));
#10190=DIRECTION('',(-1.,0.,0.));
#10191=DIRECTION('',(0.,0.,-1.));
#10192=DIRECTION('',(0.,1.,0.));
#10193=DIRECTION('',(0.,0.,1.));
#10194=DIRECTION('',(0.,0.,-1.));
#10195=DIRECTION('',(0.,0.,1.));
#10196=DIRECTION('',(-1.,0.,0.));
#10197=DIRECTION('',(0.,1.,0.));
#10198=DIRECTION('',(0.,0.,1.));
#10199=DIRECTION('',(0.,0.,-1.));
#10200=DIRECTION('',(0.,0.,1.));
#10201=DIRECTION('',(-1.,0.,0.));
#10202=DIRECTION('',(0.,1.,0.));
#10203=DIRECTION('',(0.,0.,1.));
#10204=DIRECTION('',(0.,0.,-1.));
#10205=DIRECTION('',(0.,0.,1.));
#10206=DIRECTION('',(-1.,0.,0.));
#10207=DIRECTION('',(0.,1.,0.));
#10208=DIRECTION('',(0.,0.,1.));
#10209=DIRECTION('',(0.,0.,-1.));
#10210=DIRECTION('',(0.,0.,1.));
#10211=DIRECTION('',(-1.,0.,0.));
#10212=DIRECTION('',(0.,1.,0.));
#10213=DIRECTION('',(0.,0.,1.));
#10214=DIRECTION('',(0.,0.,-1.));
#10215=DIRECTION('',(0.,0.,1.));
#10216=DIRECTION('',(-1.,0.,0.));
#10217=DIRECTION('',(0.,1.,0.));
#10218=DIRECTION('',(0.,0.,1.));
#10219=DIRECTION('',(0.,0.,-1.));
#10220=DIRECTION('',(0.,0.,1.));
#10221=DIRECTION('',(-1.,0.,0.));
#10222=DIRECTION('',(0.,0.,1.));
#10223=DIRECTION('',(1.,0.,0.));
#10224=DIRECTION('',(0.,1.,0.));
#10225=DIRECTION('',(0.,1.,0.));
#10226=DIRECTION('',(-1.,0.,0.));
#10227=DIRECTION('',(0.,0.,1.));
#10228=DIRECTION('',(1.,0.,0.));
#10229=DIRECTION('',(0.,-1.,0.));
#10230=DIRECTION('',(-1.,0.,0.));
#10231=DIRECTION('',(0.,1.,0.));
#10232=DIRECTION('',(0.,0.,1.));
#10233=DIRECTION('',(1.,0.,0.));
#10234=DIRECTION('',(0.,1.,0.));
#10235=DIRECTION('',(0.,-1.,0.));
#10236=DIRECTION('',(-1.,0.,0.));
#10237=DIRECTION('',(0.,0.,1.));
#10238=DIRECTION('',(1.,0.,0.));
#10239=DIRECTION('',(0.,1.,0.));
#10240=DIRECTION('',(0.,-1.,0.));
#10241=DIRECTION('',(-1.,0.,0.));
#10242=DIRECTION('',(0.,0.,1.));
#10243=DIRECTION('',(1.,0.,0.));
#10244=DIRECTION('',(0.,1.,0.));
#10245=DIRECTION('',(0.,-1.,0.));
#10246=DIRECTION('',(-1.,0.,0.));
#10247=DIRECTION('',(0.,0.,1.));
#10248=DIRECTION('',(1.,0.,0.));
#10249=DIRECTION('',(0.,1.,0.));
#10250=DIRECTION('',(0.,-1.,0.));
#10251=DIRECTION('',(-1.,0.,0.));
#10252=DIRECTION('',(0.,0.,1.));
#10253=DIRECTION('',(1.,0.,0.));
#10254=DIRECTION('',(0.,1.,0.));
#10255=DIRECTION('',(0.,-1.,0.));
#10256=DIRECTION('',(-1.,0.,0.));
#10257=DIRECTION('',(0.,0.,1.));
#10258=DIRECTION('',(1.,0.,0.));
#10259=DIRECTION('',(0.,1.,0.));
#10260=DIRECTION('',(0.,-1.,0.));
#10261=DIRECTION('',(-1.,0.,0.));
#10262=DIRECTION('',(0.,-1.,0.));
#10263=DIRECTION('',(0.,0.,-1.));
#10264=DIRECTION('',(0.,0.,1.));
#10265=DIRECTION('',(0.,0.,1.));
#10266=DIRECTION('',(-1.,0.,0.));
#10267=DIRECTION('',(0.,-1.,0.));
#10268=DIRECTION('',(0.,0.,-1.));
#10269=DIRECTION('',(0.,0.,-1.));
#10270=DIRECTION('',(-1.,0.,0.));
#10271=DIRECTION('',(0.,0.,1.));
#10272=DIRECTION('',(0.,-1.,0.));
#10273=DIRECTION('',(0.,0.,-1.));
#10274=DIRECTION('',(0.,0.,1.));
#10275=DIRECTION('',(0.,0.,-1.));
#10276=DIRECTION('',(-1.,0.,0.));
#10277=DIRECTION('',(0.,-1.,0.));
#10278=DIRECTION('',(0.,0.,-1.));
#10279=DIRECTION('',(0.,0.,1.));
#10280=DIRECTION('',(0.,0.,-1.));
#10281=DIRECTION('',(-1.,0.,0.));
#10282=DIRECTION('',(0.,-1.,0.));
#10283=DIRECTION('',(0.,0.,-1.));
#10284=DIRECTION('',(0.,0.,1.));
#10285=DIRECTION('',(0.,0.,-1.));
#10286=DIRECTION('',(-1.,0.,0.));
#10287=DIRECTION('',(0.,-1.,0.));
#10288=DIRECTION('',(0.,0.,-1.));
#10289=DIRECTION('',(0.,0.,1.));
#10290=DIRECTION('',(0.,0.,-1.));
#10291=DIRECTION('',(-1.,0.,0.));
#10292=DIRECTION('',(0.,-1.,0.));
#10293=DIRECTION('',(0.,0.,-1.));
#10294=DIRECTION('',(0.,0.,1.));
#10295=DIRECTION('',(0.,0.,-1.));
#10296=DIRECTION('',(-1.,0.,0.));
#10297=DIRECTION('',(0.,-1.,0.));
#10298=DIRECTION('',(0.,0.,-1.));
#10299=DIRECTION('',(0.,0.,1.));
#10300=DIRECTION('',(0.,0.,-1.));
#10301=DIRECTION('',(-1.,0.,0.));
#10302=DIRECTION('',(-1.,0.,0.));
#10303=DIRECTION('',(0.,0.,1.));
#10304=DIRECTION('',(-1.,0.,0.));
#10305=DIRECTION('',(1.,0.,0.));
#10306=DIRECTION('',(0.,0.,-1.));
#10307=DIRECTION('',(1.,0.,0.));
#10308=DIRECTION('',(0.,0.,-1.));
#10309=DIRECTION('',(-1.,0.,0.));
#10310=DIRECTION('',(0.,0.,1.));
#10311=DIRECTION('',(-1.,0.,0.));
#10312=DIRECTION('',(0.,0.,1.));
#10313=DIRECTION('',(-1.,0.,0.));
#10314=DIRECTION('',(1.,0.,0.));
#10315=DIRECTION('',(0.,0.,-1.));
#10316=DIRECTION('',(-1.,0.,0.));
#10317=DIRECTION('',(0.,0.,1.));
#10318=DIRECTION('',(-1.,0.,0.));
#10319=DIRECTION('',(1.,0.,0.));
#10320=DIRECTION('',(0.,0.,-1.));
#10321=DIRECTION('',(-1.,0.,0.));
#10322=DIRECTION('',(0.,0.,1.));
#10323=DIRECTION('',(-1.,0.,0.));
#10324=DIRECTION('',(0.,0.,1.));
#10325=DIRECTION('',(-1.,0.,0.));
#10326=DIRECTION('',(1.,0.,0.));
#10327=DIRECTION('',(0.,0.,-1.));
#10328=DIRECTION('',(-1.,0.,0.));
#10329=DIRECTION('',(0.,0.,1.));
#10330=DIRECTION('',(-1.,0.,0.));
#10331=DIRECTION('',(0.,0.,1.));
#10332=DIRECTION('',(-1.,0.,0.));
#10333=DIRECTION('',(1.,0.,0.));
#10334=DIRECTION('',(0.,0.,-1.));
#10335=DIRECTION('',(-1.,0.,0.));
#10336=DIRECTION('',(0.,0.,1.));
#10337=DIRECTION('',(-1.,0.,0.));
#10338=DIRECTION('',(0.,0.,1.));
#10339=DIRECTION('',(-1.,0.,0.));
#10340=DIRECTION('',(1.,0.,0.));
#10341=DIRECTION('',(0.,0.,-1.));
#10342=DIRECTION('',(-1.,0.,0.));
#10343=DIRECTION('',(0.,0.,1.));
#10344=DIRECTION('',(-1.,0.,0.));
#10345=DIRECTION('',(0.,0.,1.));
#10346=DIRECTION('',(-1.,0.,0.));
#10347=DIRECTION('',(1.,0.,0.));
#10348=DIRECTION('',(0.,0.,-1.));
#10349=DIRECTION('',(-1.,0.,0.));
#10350=DIRECTION('',(0.,0.,1.));
#10351=DIRECTION('',(-1.,0.,0.));
#10352=DIRECTION('',(0.,0.,1.));
#10353=DIRECTION('',(-1.,0.,0.));
#10354=DIRECTION('',(1.,0.,0.));
#10355=DIRECTION('',(0.,0.,-1.));
#10356=DIRECTION('',(-1.,0.,0.));
#10357=DIRECTION('',(0.,0.,1.));
#10358=DIRECTION('',(0.,-4.58363757326219E-17,1.));
#10359=DIRECTION('',(0.,-1.,-4.58363757326219E-17));
#10360=DIRECTION('',(0.,1.,4.58363757326219E-17));
#10361=DIRECTION('',(0.,1.,4.58363757326219E-17));
#10362=DIRECTION('',(-1.,0.,0.));
#10363=DIRECTION('',(0.,-4.58363757326219E-17,1.));
#10364=DIRECTION('',(0.,-1.,-4.58363757326219E-17));
#10365=DIRECTION('',(0.,-1.,-4.58363757326219E-17));
#10366=DIRECTION('',(-1.,0.,0.));
#10367=DIRECTION('',(0.,1.,4.58363757326219E-17));
#10368=DIRECTION('',(0.,-4.58363757326219E-17,1.));
#10369=DIRECTION('',(0.,-1.,-4.58363757326219E-17));
#10370=DIRECTION('',(0.,1.,4.58363757326219E-17));
#10371=DIRECTION('',(0.,-1.,-4.58363757326219E-17));
#10372=DIRECTION('',(-1.,0.,0.));
#10373=DIRECTION('',(0.,-4.58363757326219E-17,1.));
#10374=DIRECTION('',(0.,-1.,-4.58363757326219E-17));
#10375=DIRECTION('',(0.,1.,4.58363757326219E-17));
#10376=DIRECTION('',(0.,-1.,-4.58363757326219E-17));
#10377=DIRECTION('',(-1.,0.,0.));
#10378=DIRECTION('',(0.,-4.58363757326219E-17,1.));
#10379=DIRECTION('',(0.,-1.,-4.58363757326219E-17));
#10380=DIRECTION('',(0.,1.,4.58363757326219E-17));
#10381=DIRECTION('',(0.,-1.,-4.58363757326219E-17));
#10382=DIRECTION('',(-1.,0.,0.));
#10383=DIRECTION('',(0.,-4.58363757326219E-17,1.));
#10384=DIRECTION('',(0.,-1.,-4.58363757326219E-17));
#10385=DIRECTION('',(0.,1.,4.58363757326219E-17));
#10386=DIRECTION('',(0.,-1.,-4.58363757326219E-17));
#10387=DIRECTION('',(-1.,0.,0.));
#10388=DIRECTION('',(0.,-4.58363757326219E-17,1.));
#10389=DIRECTION('',(0.,-1.,-4.58363757326219E-17));
#10390=DIRECTION('',(0.,1.,4.58363757326219E-17));
#10391=DIRECTION('',(0.,-1.,-4.58363757326219E-17));
#10392=DIRECTION('',(-1.,0.,0.));
#10393=DIRECTION('',(0.,-4.58363757326219E-17,1.));
#10394=DIRECTION('',(0.,-1.,-4.58363757326219E-17));
#10395=DIRECTION('',(0.,1.,4.58363757326219E-17));
#10396=DIRECTION('',(0.,-1.,-4.58363757326219E-17));
#10397=DIRECTION('',(-1.,0.,0.));
#10398=DIRECTION('',(0.,0.,-1.));
#10399=DIRECTION('',(-1.,0.,0.));
#10400=DIRECTION('',(0.,-1.,0.));
#10401=DIRECTION('',(1.,0.,0.));
#10402=DIRECTION('',(0.,-1.,0.));
#10403=DIRECTION('',(0.,0.,-1.));
#10404=DIRECTION('',(-1.,0.,0.));
#10405=DIRECTION('',(0.,1.,0.));
#10406=DIRECTION('',(0.,-1.,0.));
#10407=DIRECTION('',(1.,0.,0.));
#10408=DIRECTION('',(0.,0.,-1.));
#10409=DIRECTION('',(-1.,0.,0.));
#10410=DIRECTION('',(0.,-1.,0.));
#10411=DIRECTION('',(1.,0.,0.));
#10412=DIRECTION('',(0.,1.,0.));
#10413=DIRECTION('',(0.,0.,-1.));
#10414=DIRECTION('',(-1.,0.,0.));
#10415=DIRECTION('',(0.,-1.,0.));
#10416=DIRECTION('',(1.,0.,0.));
#10417=DIRECTION('',(0.,1.,0.));
#10418=DIRECTION('',(0.,0.,-1.));
#10419=DIRECTION('',(-1.,0.,0.));
#10420=DIRECTION('',(0.,-1.,0.));
#10421=DIRECTION('',(1.,0.,0.));
#10422=DIRECTION('',(0.,1.,0.));
#10423=DIRECTION('',(0.,0.,-1.));
#10424=DIRECTION('',(-1.,0.,0.));
#10425=DIRECTION('',(0.,-1.,0.));
#10426=DIRECTION('',(1.,0.,0.));
#10427=DIRECTION('',(0.,1.,0.));
#10428=DIRECTION('',(0.,0.,-1.));
#10429=DIRECTION('',(-1.,0.,0.));
#10430=DIRECTION('',(0.,-1.,0.));
#10431=DIRECTION('',(1.,0.,0.));
#10432=DIRECTION('',(0.,1.,0.));
#10433=DIRECTION('',(0.,0.,-1.));
#10434=DIRECTION('',(-1.,0.,0.));
#10435=DIRECTION('',(0.,-1.,0.));
#10436=DIRECTION('',(1.,0.,0.));
#10437=DIRECTION('',(0.,1.,0.));
#10438=DIRECTION('',(-1.,0.,0.));
#10439=DIRECTION('',(0.,0.,1.));
#10440=DIRECTION('',(1.,0.,0.));
#10441=DIRECTION('',(0.,0.,-1.));
#10442=DIRECTION('',(-1.,0.,0.));
#10443=DIRECTION('',(1.,0.,0.));
#10444=DIRECTION('',(0.,0.,-1.));
#10445=DIRECTION('',(-1.,0.,0.));
#10446=DIRECTION('',(-1.,0.,0.));
#10447=DIRECTION('',(0.,0.,1.));
#10448=DIRECTION('',(-1.,0.,0.));
#10449=DIRECTION('',(0.,0.,1.));
#10450=DIRECTION('',(-1.,0.,0.));
#10451=DIRECTION('',(1.,0.,0.));
#10452=DIRECTION('',(0.,0.,-1.));
#10453=DIRECTION('',(-1.,0.,0.));
#10454=DIRECTION('',(-1.,0.,0.));
#10455=DIRECTION('',(0.,0.,1.));
#10456=DIRECTION('',(1.,0.,0.));
#10457=DIRECTION('',(0.,0.,-1.));
#10458=DIRECTION('',(-1.,0.,0.));
#10459=DIRECTION('',(-1.,0.,0.));
#10460=DIRECTION('',(0.,0.,1.));
#10461=DIRECTION('',(-1.,0.,0.));
#10462=DIRECTION('',(-1.,0.,0.));
#10463=DIRECTION('',(0.,0.,1.));
#10464=DIRECTION('',(1.,0.,0.));
#10465=DIRECTION('',(0.,0.,-1.));
#10466=DIRECTION('',(-1.,0.,0.));
#10467=DIRECTION('',(-1.,0.,0.));
#10468=DIRECTION('',(0.,0.,1.));
#10469=DIRECTION('',(-1.,0.,0.));
#10470=DIRECTION('',(-1.,0.,0.));
#10471=DIRECTION('',(0.,0.,1.));
#10472=DIRECTION('',(1.,0.,0.));
#10473=DIRECTION('',(0.,0.,-1.));
#10474=DIRECTION('',(-1.,0.,0.));
#10475=DIRECTION('',(-1.,0.,0.));
#10476=DIRECTION('',(0.,0.,1.));
#10477=DIRECTION('',(-1.,0.,0.));
#10478=DIRECTION('',(-1.,0.,0.));
#10479=DIRECTION('',(0.,0.,1.));
#10480=DIRECTION('',(1.,0.,0.));
#10481=DIRECTION('',(0.,0.,-1.));
#10482=DIRECTION('',(-1.,0.,0.));
#10483=DIRECTION('',(-1.,0.,0.));
#10484=DIRECTION('',(0.,0.,1.));
#10485=DIRECTION('',(-1.,0.,0.));
#10486=DIRECTION('',(-1.,0.,0.));
#10487=DIRECTION('',(0.,0.,1.));
#10488=DIRECTION('',(1.,0.,0.));
#10489=DIRECTION('',(0.,0.,-1.));
#10490=DIRECTION('',(-1.,0.,0.));
#10491=DIRECTION('',(-1.,0.,0.));
#10492=DIRECTION('',(0.,0.,1.));
#10493=DIRECTION('',(-1.,0.,0.));
#10494=DIRECTION('',(-1.,0.,0.));
#10495=DIRECTION('',(0.,0.,1.));
#10496=DIRECTION('',(1.,0.,0.));
#10497=DIRECTION('',(0.,0.,-1.));
#10498=DIRECTION('',(-1.,0.,0.));
#10499=DIRECTION('',(-1.,0.,0.));
#10500=DIRECTION('',(0.,0.,1.));
#10501=DIRECTION('',(-1.,0.,0.));
#10502=DIRECTION('',(0.,1.,0.));
#10503=DIRECTION('',(0.,0.,1.));
#10504=DIRECTION('',(0.,0.,-1.));
#10505=DIRECTION('',(0.,0.,-1.));
#10506=DIRECTION('',(-1.,0.,0.));
#10507=DIRECTION('',(0.,1.,0.));
#10508=DIRECTION('',(0.,0.,1.));
#10509=DIRECTION('',(0.,0.,1.));
#10510=DIRECTION('',(-1.,0.,0.));
#10511=DIRECTION('',(0.,0.,-1.));
#10512=DIRECTION('',(0.,1.,0.));
#10513=DIRECTION('',(0.,0.,1.));
#10514=DIRECTION('',(0.,0.,-1.));
#10515=DIRECTION('',(0.,0.,1.));
#10516=DIRECTION('',(-1.,0.,0.));
#10517=DIRECTION('',(0.,1.,0.));
#10518=DIRECTION('',(0.,0.,1.));
#10519=DIRECTION('',(0.,0.,-1.));
#10520=DIRECTION('',(0.,0.,1.));
#10521=DIRECTION('',(-1.,0.,0.));
#10522=DIRECTION('',(0.,1.,0.));
#10523=DIRECTION('',(0.,0.,1.));
#10524=DIRECTION('',(0.,0.,-1.));
#10525=DIRECTION('',(0.,0.,1.));
#10526=DIRECTION('',(-1.,0.,0.));
#10527=DIRECTION('',(0.,1.,0.));
#10528=DIRECTION('',(0.,0.,1.));
#10529=DIRECTION('',(0.,0.,-1.));
#10530=DIRECTION('',(0.,0.,1.));
#10531=DIRECTION('',(-1.,0.,0.));
#10532=DIRECTION('',(0.,1.,0.));
#10533=DIRECTION('',(0.,0.,1.));
#10534=DIRECTION('',(0.,0.,-1.));
#10535=DIRECTION('',(0.,0.,1.));
#10536=DIRECTION('',(-1.,0.,0.));
#10537=DIRECTION('',(0.,1.,0.));
#10538=DIRECTION('',(0.,0.,1.));
#10539=DIRECTION('',(0.,0.,-1.));
#10540=DIRECTION('',(0.,0.,1.));
#10541=DIRECTION('',(-1.,0.,0.));
#10542=DIRECTION('',(0.,0.,1.));
#10543=DIRECTION('',(1.,0.,0.));
#10544=DIRECTION('',(0.,1.,0.));
#10545=DIRECTION('',(0.,1.,0.));
#10546=DIRECTION('',(-1.,0.,0.));
#10547=DIRECTION('',(0.,0.,1.));
#10548=DIRECTION('',(1.,0.,0.));
#10549=DIRECTION('',(0.,-1.,0.));
#10550=DIRECTION('',(-1.,0.,0.));
#10551=DIRECTION('',(0.,1.,0.));
#10552=DIRECTION('',(0.,0.,1.));
#10553=DIRECTION('',(1.,0.,0.));
#10554=DIRECTION('',(0.,1.,0.));
#10555=DIRECTION('',(0.,-1.,0.));
#10556=DIRECTION('',(-1.,0.,0.));
#10557=DIRECTION('',(0.,0.,1.));
#10558=DIRECTION('',(1.,0.,0.));
#10559=DIRECTION('',(0.,1.,0.));
#10560=DIRECTION('',(0.,-1.,0.));
#10561=DIRECTION('',(-1.,0.,0.));
#10562=DIRECTION('',(0.,0.,1.));
#10563=DIRECTION('',(1.,0.,0.));
#10564=DIRECTION('',(0.,1.,0.));
#10565=DIRECTION('',(0.,-1.,0.));
#10566=DIRECTION('',(-1.,0.,0.));
#10567=DIRECTION('',(0.,0.,1.));
#10568=DIRECTION('',(1.,0.,0.));
#10569=DIRECTION('',(0.,1.,0.));
#10570=DIRECTION('',(0.,-1.,0.));
#10571=DIRECTION('',(-1.,0.,0.));
#10572=DIRECTION('',(0.,0.,1.));
#10573=DIRECTION('',(1.,0.,0.));
#10574=DIRECTION('',(0.,1.,0.));
#10575=DIRECTION('',(0.,-1.,0.));
#10576=DIRECTION('',(-1.,0.,0.));
#10577=DIRECTION('',(0.,0.,1.));
#10578=DIRECTION('',(1.,0.,0.));
#10579=DIRECTION('',(0.,1.,0.));
#10580=DIRECTION('',(0.,-1.,0.));
#10581=DIRECTION('',(-1.,0.,0.));
#10582=DIRECTION('',(0.,-1.,0.));
#10583=DIRECTION('',(0.,0.,-1.));
#10584=DIRECTION('',(0.,0.,1.));
#10585=DIRECTION('',(0.,0.,1.));
#10586=DIRECTION('',(-1.,0.,0.));
#10587=DIRECTION('',(0.,-1.,0.));
#10588=DIRECTION('',(0.,0.,-1.));
#10589=DIRECTION('',(0.,0.,-1.));
#10590=DIRECTION('',(-1.,0.,0.));
#10591=DIRECTION('',(0.,0.,1.));
#10592=DIRECTION('',(0.,-1.,0.));
#10593=DIRECTION('',(0.,0.,-1.));
#10594=DIRECTION('',(0.,0.,1.));
#10595=DIRECTION('',(0.,0.,-1.));
#10596=DIRECTION('',(-1.,0.,0.));
#10597=DIRECTION('',(0.,-1.,0.));
#10598=DIRECTION('',(0.,0.,-1.));
#10599=DIRECTION('',(0.,0.,1.));
#10600=DIRECTION('',(0.,0.,-1.));
#10601=DIRECTION('',(-1.,0.,0.));
#10602=DIRECTION('',(0.,-1.,0.));
#10603=DIRECTION('',(0.,0.,-1.));
#10604=DIRECTION('',(0.,0.,1.));
#10605=DIRECTION('',(0.,0.,-1.));
#10606=DIRECTION('',(-1.,0.,0.));
#10607=DIRECTION('',(0.,-1.,0.));
#10608=DIRECTION('',(0.,0.,-1.));
#10609=DIRECTION('',(0.,0.,1.));
#10610=DIRECTION('',(0.,0.,-1.));
#10611=DIRECTION('',(-1.,0.,0.));
#10612=DIRECTION('',(0.,-1.,0.));
#10613=DIRECTION('',(0.,0.,-1.));
#10614=DIRECTION('',(0.,0.,1.));
#10615=DIRECTION('',(0.,0.,-1.));
#10616=DIRECTION('',(-1.,0.,0.));
#10617=DIRECTION('',(0.,-1.,0.));
#10618=DIRECTION('',(0.,0.,-1.));
#10619=DIRECTION('',(0.,0.,1.));
#10620=DIRECTION('',(0.,0.,-1.));
#10621=DIRECTION('',(-1.,0.,0.));
#10622=DIRECTION('',(-1.,0.,0.));
#10623=DIRECTION('',(0.,0.,1.));
#10624=DIRECTION('',(-1.,0.,0.));
#10625=DIRECTION('',(1.,0.,0.));
#10626=DIRECTION('',(0.,0.,-1.));
#10627=DIRECTION('',(1.,0.,0.));
#10628=DIRECTION('',(0.,0.,-1.));
#10629=DIRECTION('',(-1.,0.,0.));
#10630=DIRECTION('',(0.,0.,1.));
#10631=DIRECTION('',(-1.,0.,0.));
#10632=DIRECTION('',(0.,0.,1.));
#10633=DIRECTION('',(-1.,0.,0.));
#10634=DIRECTION('',(1.,0.,0.));
#10635=DIRECTION('',(0.,0.,-1.));
#10636=DIRECTION('',(-1.,0.,0.));
#10637=DIRECTION('',(0.,0.,1.));
#10638=DIRECTION('',(-1.,0.,0.));
#10639=DIRECTION('',(1.,0.,0.));
#10640=DIRECTION('',(0.,0.,-1.));
#10641=DIRECTION('',(-1.,0.,0.));
#10642=DIRECTION('',(0.,0.,1.));
#10643=DIRECTION('',(-1.,0.,0.));
#10644=DIRECTION('',(0.,0.,1.));
#10645=DIRECTION('',(-1.,0.,0.));
#10646=DIRECTION('',(1.,0.,0.));
#10647=DIRECTION('',(0.,0.,-1.));
#10648=DIRECTION('',(-1.,0.,0.));
#10649=DIRECTION('',(0.,0.,1.));
#10650=DIRECTION('',(-1.,0.,0.));
#10651=DIRECTION('',(0.,0.,1.));
#10652=DIRECTION('',(-1.,0.,0.));
#10653=DIRECTION('',(1.,0.,0.));
#10654=DIRECTION('',(0.,0.,-1.));
#10655=DIRECTION('',(-1.,0.,0.));
#10656=DIRECTION('',(0.,0.,1.));
#10657=DIRECTION('',(-1.,0.,0.));
#10658=DIRECTION('',(0.,0.,1.));
#10659=DIRECTION('',(-1.,0.,0.));
#10660=DIRECTION('',(1.,0.,0.));
#10661=DIRECTION('',(0.,0.,-1.));
#10662=DIRECTION('',(-1.,0.,0.));
#10663=DIRECTION('',(0.,0.,1.));
#10664=DIRECTION('',(-1.,0.,0.));
#10665=DIRECTION('',(0.,0.,1.));
#10666=DIRECTION('',(-1.,0.,0.));
#10667=DIRECTION('',(1.,0.,0.));
#10668=DIRECTION('',(0.,0.,-1.));
#10669=DIRECTION('',(-1.,0.,0.));
#10670=DIRECTION('',(0.,0.,1.));
#10671=DIRECTION('',(-1.,0.,0.));
#10672=DIRECTION('',(0.,0.,1.));
#10673=DIRECTION('',(-1.,0.,0.));
#10674=DIRECTION('',(1.,0.,0.));
#10675=DIRECTION('',(0.,0.,-1.));
#10676=DIRECTION('',(-1.,0.,0.));
#10677=DIRECTION('',(0.,0.,1.));
#10678=DIRECTION('',(0.,1.06808176695989E-16,1.));
#10679=DIRECTION('',(0.,-1.,1.06808176695989E-16));
#10680=DIRECTION('',(0.,1.,-1.06808176695989E-16));
#10681=DIRECTION('',(0.,1.,-1.06808176695989E-16));
#10682=DIRECTION('',(1.,0.,0.));
#10683=DIRECTION('',(0.,1.06808176695989E-16,1.));
#10684=DIRECTION('',(0.,-1.,1.06808176695989E-16));
#10685=DIRECTION('',(0.,-1.,1.06808176695989E-16));
#10686=DIRECTION('',(1.,0.,0.));
#10687=DIRECTION('',(0.,1.,-1.06808176695989E-16));
#10688=DIRECTION('',(0.,1.06808176695989E-16,1.));
#10689=DIRECTION('',(0.,-1.,1.06808176695989E-16));
#10690=DIRECTION('',(0.,1.,-1.06808176695989E-16));
#10691=DIRECTION('',(0.,-1.,1.06808176695989E-16));
#10692=DIRECTION('',(1.,0.,0.));
#10693=DIRECTION('',(0.,1.06808176695989E-16,1.));
#10694=DIRECTION('',(0.,-1.,1.06808176695989E-16));
#10695=DIRECTION('',(0.,1.,-1.06808176695989E-16));
#10696=DIRECTION('',(0.,-1.,1.06808176695989E-16));
#10697=DIRECTION('',(1.,0.,0.));
#10698=DIRECTION('',(0.,1.06808176695989E-16,1.));
#10699=DIRECTION('',(0.,-1.,1.06808176695989E-16));
#10700=DIRECTION('',(0.,1.,-1.06808176695989E-16));
#10701=DIRECTION('',(0.,-1.,1.06808176695989E-16));
#10702=DIRECTION('',(1.,0.,0.));
#10703=DIRECTION('',(0.,1.06808176695989E-16,1.));
#10704=DIRECTION('',(0.,-1.,1.06808176695989E-16));
#10705=DIRECTION('',(0.,1.,-1.06808176695989E-16));
#10706=DIRECTION('',(0.,-1.,1.06808176695989E-16));
#10707=DIRECTION('',(1.,0.,0.));
#10708=DIRECTION('',(0.,1.06808176695989E-16,1.));
#10709=DIRECTION('',(0.,-1.,1.06808176695989E-16));
#10710=DIRECTION('',(0.,1.,-1.06808176695989E-16));
#10711=DIRECTION('',(0.,-1.,1.06808176695989E-16));
#10712=DIRECTION('',(1.,0.,0.));
#10713=DIRECTION('',(0.,1.06808176695989E-16,1.));
#10714=DIRECTION('',(0.,-1.,1.06808176695989E-16));
#10715=DIRECTION('',(0.,1.,-1.06808176695989E-16));
#10716=DIRECTION('',(0.,-1.,1.06808176695989E-16));
#10717=DIRECTION('',(1.,0.,0.));
#10718=DIRECTION('',(0.,0.,-1.));
#10719=DIRECTION('',(-1.,0.,0.));
#10720=DIRECTION('',(0.,-1.,0.));
#10721=DIRECTION('',(-1.,0.,0.));
#10722=DIRECTION('',(0.,-1.,0.));
#10723=DIRECTION('',(0.,0.,-1.));
#10724=DIRECTION('',(-1.,0.,0.));
#10725=DIRECTION('',(0.,1.,0.));
#10726=DIRECTION('',(0.,-1.,0.));
#10727=DIRECTION('',(-1.,0.,0.));
#10728=DIRECTION('',(0.,0.,-1.));
#10729=DIRECTION('',(-1.,0.,0.));
#10730=DIRECTION('',(0.,-1.,0.));
#10731=DIRECTION('',(-1.,0.,0.));
#10732=DIRECTION('',(0.,1.,0.));
#10733=DIRECTION('',(0.,0.,-1.));
#10734=DIRECTION('',(-1.,0.,0.));
#10735=DIRECTION('',(0.,-1.,0.));
#10736=DIRECTION('',(-1.,0.,0.));
#10737=DIRECTION('',(0.,1.,0.));
#10738=DIRECTION('',(0.,0.,-1.));
#10739=DIRECTION('',(-1.,0.,0.));
#10740=DIRECTION('',(0.,-1.,0.));
#10741=DIRECTION('',(-1.,0.,0.));
#10742=DIRECTION('',(0.,1.,0.));
#10743=DIRECTION('',(0.,0.,-1.));
#10744=DIRECTION('',(-1.,0.,0.));
#10745=DIRECTION('',(0.,-1.,0.));
#10746=DIRECTION('',(-1.,0.,0.));
#10747=DIRECTION('',(0.,1.,0.));
#10748=DIRECTION('',(0.,0.,-1.));
#10749=DIRECTION('',(-1.,0.,0.));
#10750=DIRECTION('',(0.,-1.,0.));
#10751=DIRECTION('',(-1.,0.,0.));
#10752=DIRECTION('',(0.,1.,0.));
#10753=DIRECTION('',(0.,0.,-1.));
#10754=DIRECTION('',(-1.,0.,0.));
#10755=DIRECTION('',(0.,-1.,0.));
#10756=DIRECTION('',(-1.,0.,0.));
#10757=DIRECTION('',(0.,1.,0.));
#10758=DIRECTION('',(0.,1.,0.));
#10759=DIRECTION('',(0.,0.,1.));
#10760=DIRECTION('',(0.,0.,-1.));
#10761=DIRECTION('',(0.,0.,-1.));
#10762=DIRECTION('',(0.,0.,-1.));
#10763=DIRECTION('',(0.,0.,1.));
#10764=DIRECTION('',(0.,0.,-1.));
#10765=DIRECTION('',(0.,0.,-1.));
#10766=DIRECTION('',(0.,0.,1.));
#10767=DIRECTION('',(0.,0.,-1.));
#10768=DIRECTION('',(0.,0.,-1.));
#10769=DIRECTION('',(0.,0.,-1.));
#10770=DIRECTION('',(0.,0.,-1.));
#10771=DIRECTION('',(0.,0.,-1.));
#10772=DIRECTION('',(0.,0.,-1.));
#10773=DIRECTION('',(0.,0.,-1.));
#10774=DIRECTION('',(0.,0.,-1.));
#10775=DIRECTION('',(0.,0.,-1.));
#10776=DIRECTION('',(0.,0.,-1.));
#10777=DIRECTION('',(0.,0.,-1.));
#10778=DIRECTION('',(0.,0.,-1.));
#10779=DIRECTION('',(0.,0.,-1.));
#10780=DIRECTION('',(0.,0.,-1.));
#10781=DIRECTION('',(0.,0.,-1.));
#10782=DIRECTION('',(0.,0.,-1.));
#10783=DIRECTION('',(0.,0.,-1.));
#10784=DIRECTION('',(0.,0.,-1.));
#10785=DIRECTION('',(0.,0.,-1.));
#10786=DIRECTION('',(0.,0.,-1.));
#10787=DIRECTION('',(0.,0.,-1.));
#10788=DIRECTION('',(0.,0.,-1.));
#10789=DIRECTION('',(0.,0.,-1.));
#10790=DIRECTION('',(0.,0.,-1.));
#10791=DIRECTION('',(0.,0.,-1.));
#10792=DIRECTION('',(1.,0.,0.));
#10793=DIRECTION('',(0.,0.,-1.));
#10794=DIRECTION('',(1.,0.,0.));
#10795=DIRECTION('',(0.,0.,-1.));
#10796=DIRECTION('',(1.,0.,0.));
#10797=DIRECTION('',(0.,0.,-1.));
#10798=DIRECTION('',(1.,0.,0.));
#10799=DIRECTION('',(0.,0.,-1.));
#10800=DIRECTION('',(-1.,0.,0.));
#10801=DIRECTION('',(0.,0.,1.));
#10802=DIRECTION('',(1.,0.,0.));
#10803=DIRECTION('',(0.,0.,-1.));
#10804=DIRECTION('',(1.,0.,0.));
#10805=DIRECTION('',(0.,0.,-1.));
#10806=DIRECTION('',(-1.,0.,0.));
#10807=DIRECTION('',(0.,0.,1.));
#10808=DIRECTION('',(1.,0.,0.));
#10809=DIRECTION('',(0.,0.,-1.));
#10810=DIRECTION('',(-1.,0.,0.));
#10811=DIRECTION('',(0.,0.,1.));
#10812=DIRECTION('',(1.,0.,0.));
#10813=DIRECTION('',(0.,0.,-1.));
#10814=DIRECTION('',(-1.,0.,0.));
#10815=DIRECTION('',(0.,0.,1.));
#10816=DIRECTION('',(1.,0.,0.));
#10817=DIRECTION('',(0.,0.,-1.));
#10818=DIRECTION('',(-1.,0.,0.));
#10819=DIRECTION('',(0.,0.,1.));
#10820=DIRECTION('',(1.,0.,0.));
#10821=DIRECTION('',(0.,0.,-1.));
#10822=DIRECTION('',(-1.,0.,0.));
#10823=DIRECTION('',(0.,0.,1.));
#10824=DIRECTION('',(1.,0.,0.));
#10825=DIRECTION('',(0.,0.,-1.));
#10826=DIRECTION('',(-1.,0.,0.));
#10827=DIRECTION('',(0.,0.,1.));
#10828=DIRECTION('',(-1.,0.,0.));
#10829=DIRECTION('',(0.,0.,1.));
#10830=DIRECTION('',(1.,0.,0.));
#10831=DIRECTION('',(0.,0.,-1.));
#10832=DIRECTION('',(1.,0.,0.));
#10833=DIRECTION('',(0.,0.,-1.));
#10834=DIRECTION('',(-1.,0.,0.));
#10835=DIRECTION('',(0.,0.,1.));
#10836=DIRECTION('',(1.,0.,0.));
#10837=DIRECTION('',(0.,0.,-1.));
#10838=DIRECTION('',(-1.,0.,0.));
#10839=DIRECTION('',(0.,0.,1.));
#10840=DIRECTION('',(1.,0.,0.));
#10841=DIRECTION('',(0.,0.,-1.));
#10842=DIRECTION('',(-1.,0.,0.));
#10843=DIRECTION('',(0.,0.,1.));
#10844=DIRECTION('',(1.,0.,0.));
#10845=DIRECTION('',(0.,0.,-1.));
#10846=DIRECTION('',(-1.,0.,0.));
#10847=DIRECTION('',(0.,0.,1.));
#10848=DIRECTION('',(1.,0.,0.));
#10849=DIRECTION('',(0.,0.,-1.));
#10850=DIRECTION('',(-1.,0.,0.));
#10851=DIRECTION('',(0.,0.,1.));
#10852=DIRECTION('',(-1.,0.,0.));
#10853=DIRECTION('',(0.,0.,1.));
#10854=DIRECTION('',(1.,0.,0.));
#10855=DIRECTION('',(0.,0.,-1.));
#10856=DIRECTION('',(0.,1.,-1.53666449643615E-17));
#10857=DIRECTION('',(0.,1.53666449643615E-17,1.));
#10858=DIRECTION('',(0.,0.,1.));
#10859=DIRECTION('',(1.,0.,0.));
#10860=DIRECTION('',(1.,0.,0.));
#10861=DIRECTION('',(0.,0.,-1.));
#10862=DIRECTION('',(0.,1.53666449643615E-17,-1.));
#10863=DIRECTION('',(0.,-1.,0.));
#10864=DIRECTION('',(0.,0.,-1.));
#10865=DIRECTION('',(0.,-1.,0.));
#10866=DIRECTION('',(-1.,0.,0.));
#10867=DIRECTION('',(0.,0.,1.));
#10868=DIRECTION('',(0.,-1.53666449643615E-17,1.));
#10869=DIRECTION('',(0.,1.,0.));
#10870=DIRECTION('',(0.,0.,-1.));
#10871=DIRECTION('',(0.,1.,0.));
#10872=DIRECTION('',(0.,0.,1.));
#10873=DIRECTION('',(1.,0.,0.));
#10874=DIRECTION('',(1.,0.,0.));
#10875=DIRECTION('',(-1.,0.,0.));
#10876=DIRECTION('',(0.,0.,1.));
#10877=DIRECTION('',(1.,0.,0.));
#10878=DIRECTION('',(1.,0.,0.));
#10879=DIRECTION('',(-1.,0.,0.));
#10880=DIRECTION('',(0.,0.,-1.));
#10881=DIRECTION('',(-1.,0.,0.));
#10882=DIRECTION('',(-4.9771316019244E-16,-1.,0.));
#10883=DIRECTION('',(-1.,0.,0.));
#10884=DIRECTION('',(0.,-1.,0.));
#10885=DIRECTION('',(-1.,0.,0.));
#10886=DIRECTION('',(0.,0.,-1.));
#10887=DIRECTION('',(-1.,0.,0.));
#10888=DIRECTION('',(0.,1.,0.));
#10889=DIRECTION('',(-1.,0.,0.));
#10890=DIRECTION('',(0.,-1.,0.));
#10891=DIRECTION('',(-1.,0.,0.));
#10892=DIRECTION('',(0.,0.,-1.));
#10893=DIRECTION('',(-1.,0.,0.));
#10894=DIRECTION('',(0.,1.,0.));
#10895=DIRECTION('',(-1.,0.,0.));
#10896=DIRECTION('',(0.,-1.,0.));
#10897=DIRECTION('',(-1.,0.,0.));
#10898=DIRECTION('',(0.,0.,-1.));
#10899=DIRECTION('',(-1.,0.,0.));
#10900=DIRECTION('',(0.,1.,0.));
#10901=DIRECTION('',(-1.,0.,0.));
#10902=DIRECTION('',(0.,-1.,0.));
#10903=DIRECTION('',(-1.,0.,0.));
#10904=DIRECTION('',(0.,0.,-1.));
#10905=DIRECTION('',(-1.,0.,0.));
#10906=DIRECTION('',(0.,1.,0.));
#10907=DIRECTION('',(-1.,0.,0.));
#10908=DIRECTION('',(0.,-1.,0.));
#10909=DIRECTION('',(-1.,0.,0.));
#10910=DIRECTION('',(0.,0.,-1.));
#10911=DIRECTION('',(-1.,0.,0.));
#10912=DIRECTION('',(0.,1.,0.));
#10913=DIRECTION('',(-1.,0.,0.));
#10914=DIRECTION('',(0.,-1.,0.));
#10915=DIRECTION('',(-1.,0.,0.));
#10916=DIRECTION('',(0.,0.,-1.));
#10917=DIRECTION('',(-1.,0.,0.));
#10918=DIRECTION('',(0.,1.,0.));
#10919=DIRECTION('',(-1.,0.,0.));
#10920=DIRECTION('',(0.,-1.,0.));
#10921=DIRECTION('',(-1.,0.,0.));
#10922=DIRECTION('',(0.,0.,-1.));
#10923=DIRECTION('',(-1.,0.,0.));
#10924=DIRECTION('',(0.,1.,0.));
#10925=DIRECTION('',(-1.,0.,0.));
#10926=DIRECTION('',(0.,-1.,0.));
#10927=DIRECTION('',(-1.,0.,0.));
#10928=DIRECTION('',(0.,-4.58363757326219E-17,1.));
#10929=DIRECTION('',(0.,-1.,-4.58363757326219E-17));
#10930=DIRECTION('',(4.9771316019244E-16,1.,4.58363757326219E-17));
#10931=DIRECTION('',(1.,0.,0.));
#10932=DIRECTION('',(0.,1.,4.58363757326219E-17));
#10933=DIRECTION('',(-1.,0.,0.));
#10934=DIRECTION('',(0.,-4.58363757326219E-17,1.));
#10935=DIRECTION('',(0.,-1.,-4.58363757326219E-17));
#10936=DIRECTION('',(0.,-1.,-4.58363757326219E-17));
#10937=DIRECTION('',(-1.,0.,0.));
#10938=DIRECTION('',(0.,1.,4.58363757326219E-17));
#10939=DIRECTION('',(1.,0.,0.));
#10940=DIRECTION('',(0.,-4.58363757326219E-17,1.));
#10941=DIRECTION('',(0.,-1.,-4.58363757326219E-17));
#10942=DIRECTION('',(0.,-1.,-4.58363757326219E-17));
#10943=DIRECTION('',(-1.,0.,0.));
#10944=DIRECTION('',(0.,1.,4.58363757326219E-17));
#10945=DIRECTION('',(1.,0.,0.));
#10946=DIRECTION('',(0.,-4.58363757326219E-17,1.));
#10947=DIRECTION('',(0.,-1.,-4.58363757326219E-17));
#10948=DIRECTION('',(0.,-1.,-4.58363757326219E-17));
#10949=DIRECTION('',(-1.,0.,0.));
#10950=DIRECTION('',(0.,1.,4.58363757326219E-17));
#10951=DIRECTION('',(1.,0.,0.));
#10952=DIRECTION('',(0.,-4.58363757326219E-17,1.));
#10953=DIRECTION('',(0.,-1.,-4.58363757326219E-17));
#10954=DIRECTION('',(0.,-1.,-4.58363757326219E-17));
#10955=DIRECTION('',(-1.,0.,0.));
#10956=DIRECTION('',(0.,1.,4.58363757326219E-17));
#10957=DIRECTION('',(1.,0.,0.));
#10958=DIRECTION('',(0.,-4.58363757326219E-17,1.));
#10959=DIRECTION('',(0.,-1.,-4.58363757326219E-17));
#10960=DIRECTION('',(0.,-1.,-4.58363757326219E-17));
#10961=DIRECTION('',(-1.,0.,0.));
#10962=DIRECTION('',(0.,1.,4.58363757326219E-17));
#10963=DIRECTION('',(1.,0.,0.));
#10964=DIRECTION('',(0.,-4.58363757326219E-17,1.));
#10965=DIRECTION('',(0.,-1.,-4.58363757326219E-17));
#10966=DIRECTION('',(0.,-1.,-4.58363757326219E-17));
#10967=DIRECTION('',(-1.,0.,0.));
#10968=DIRECTION('',(0.,1.,4.58363757326219E-17));
#10969=DIRECTION('',(1.,0.,0.));
#10970=DIRECTION('',(0.,-4.58363757326219E-17,1.));
#10971=DIRECTION('',(0.,-1.,-4.58363757326219E-17));
#10972=DIRECTION('',(0.,-1.,-4.58363757326219E-17));
#10973=DIRECTION('',(-1.,0.,0.));
#10974=DIRECTION('',(0.,1.,4.58363757326219E-17));
#10975=DIRECTION('',(1.,0.,0.));
#10976=DIRECTION('',(0.,-1.,0.));
#10977=DIRECTION('',(0.,0.,-1.));
#10978=DIRECTION('',(0.,0.,1.));
#10979=DIRECTION('',(0.,0.,1.));
#10980=DIRECTION('',(0.,-1.,0.));
#10981=DIRECTION('',(0.,0.,-1.));
#10982=DIRECTION('',(0.,0.,-1.));
#10983=DIRECTION('',(0.,0.,1.));
#10984=DIRECTION('',(0.,-1.,0.));
#10985=DIRECTION('',(0.,0.,-1.));
#10986=DIRECTION('',(0.,0.,-1.));
#10987=DIRECTION('',(0.,0.,1.));
#10988=DIRECTION('',(0.,-1.,0.));
#10989=DIRECTION('',(0.,0.,-1.));
#10990=DIRECTION('',(0.,0.,-1.));
#10991=DIRECTION('',(0.,0.,1.));
#10992=DIRECTION('',(0.,-1.,0.));
#10993=DIRECTION('',(0.,0.,-1.));
#10994=DIRECTION('',(0.,0.,-1.));
#10995=DIRECTION('',(0.,0.,1.));
#10996=DIRECTION('',(0.,-1.,0.));
#10997=DIRECTION('',(0.,0.,-1.));
#10998=DIRECTION('',(0.,0.,-1.));
#10999=DIRECTION('',(0.,0.,1.));
#11000=DIRECTION('',(0.,-1.,0.));
#11001=DIRECTION('',(0.,0.,-1.));
#11002=DIRECTION('',(0.,0.,-1.));
#11003=DIRECTION('',(0.,0.,1.));
#11004=DIRECTION('',(0.,-1.,0.));
#11005=DIRECTION('',(0.,0.,-1.));
#11006=DIRECTION('',(0.,0.,-1.));
#11007=DIRECTION('',(0.,0.,1.));
#11008=DIRECTION('',(0.,0.,-1.));
#11009=DIRECTION('',(-1.,0.,0.));
#11010=DIRECTION('',(-4.9771316019244E-16,-1.,0.));
#11011=DIRECTION('',(-1.,0.,0.));
#11012=DIRECTION('',(0.,-1.,0.));
#11013=DIRECTION('',(1.,0.,0.));
#11014=DIRECTION('',(0.,0.,-1.));
#11015=DIRECTION('',(-1.,0.,0.));
#11016=DIRECTION('',(0.,1.,0.));
#11017=DIRECTION('',(1.,0.,0.));
#11018=DIRECTION('',(0.,-1.,0.));
#11019=DIRECTION('',(-1.,0.,0.));
#11020=DIRECTION('',(0.,0.,-1.));
#11021=DIRECTION('',(-1.,0.,0.));
#11022=DIRECTION('',(0.,1.,0.));
#11023=DIRECTION('',(1.,0.,0.));
#11024=DIRECTION('',(0.,-1.,0.));
#11025=DIRECTION('',(-1.,0.,0.));
#11026=DIRECTION('',(0.,0.,-1.));
#11027=DIRECTION('',(-1.,0.,0.));
#11028=DIRECTION('',(0.,1.,0.));
#11029=DIRECTION('',(1.,0.,0.));
#11030=DIRECTION('',(0.,-1.,0.));
#11031=DIRECTION('',(-1.,0.,0.));
#11032=DIRECTION('',(0.,0.,-1.));
#11033=DIRECTION('',(-1.,0.,0.));
#11034=DIRECTION('',(0.,1.,0.));
#11035=DIRECTION('',(1.,0.,0.));
#11036=DIRECTION('',(0.,-1.,0.));
#11037=DIRECTION('',(-1.,0.,0.));
#11038=DIRECTION('',(0.,0.,-1.));
#11039=DIRECTION('',(-1.,0.,0.));
#11040=DIRECTION('',(0.,1.,0.));
#11041=DIRECTION('',(1.,0.,0.));
#11042=DIRECTION('',(0.,-1.,0.));
#11043=DIRECTION('',(-1.,0.,0.));
#11044=DIRECTION('',(0.,0.,-1.));
#11045=DIRECTION('',(-1.,0.,0.));
#11046=DIRECTION('',(0.,1.,0.));
#11047=DIRECTION('',(1.,0.,0.));
#11048=DIRECTION('',(0.,-1.,0.));
#11049=DIRECTION('',(-1.,0.,0.));
#11050=DIRECTION('',(0.,0.,-1.));
#11051=DIRECTION('',(-1.,0.,0.));
#11052=DIRECTION('',(0.,1.,0.));
#11053=DIRECTION('',(1.,0.,0.));
#11054=DIRECTION('',(0.,-1.,0.));
#11055=DIRECTION('',(-1.,0.,0.));
#11056=DIRECTION('',(0.,0.,1.));
#11057=DIRECTION('',(1.,0.,0.));
#11058=DIRECTION('',(4.9771316019244E-16,1.,0.));
#11059=DIRECTION('',(-1.,0.,0.));
#11060=DIRECTION('',(0.,1.,0.));
#11061=DIRECTION('',(-1.,0.,0.));
#11062=DIRECTION('',(0.,0.,1.));
#11063=DIRECTION('',(1.,0.,0.));
#11064=DIRECTION('',(0.,-1.,0.));
#11065=DIRECTION('',(-1.,0.,0.));
#11066=DIRECTION('',(0.,1.,0.));
#11067=DIRECTION('',(-1.,0.,0.));
#11068=DIRECTION('',(0.,0.,1.));
#11069=DIRECTION('',(1.,0.,0.));
#11070=DIRECTION('',(0.,-1.,0.));
#11071=DIRECTION('',(-1.,0.,0.));
#11072=DIRECTION('',(0.,1.,0.));
#11073=DIRECTION('',(-1.,0.,0.));
#11074=DIRECTION('',(0.,0.,1.));
#11075=DIRECTION('',(1.,0.,0.));
#11076=DIRECTION('',(0.,-1.,0.));
#11077=DIRECTION('',(-1.,0.,0.));
#11078=DIRECTION('',(0.,1.,0.));
#11079=DIRECTION('',(-1.,0.,0.));
#11080=DIRECTION('',(0.,0.,1.));
#11081=DIRECTION('',(1.,0.,0.));
#11082=DIRECTION('',(0.,-1.,0.));
#11083=DIRECTION('',(-1.,0.,0.));
#11084=DIRECTION('',(0.,1.,0.));
#11085=DIRECTION('',(-1.,0.,0.));
#11086=DIRECTION('',(0.,0.,1.));
#11087=DIRECTION('',(1.,0.,0.));
#11088=DIRECTION('',(0.,-1.,0.));
#11089=DIRECTION('',(-1.,0.,0.));
#11090=DIRECTION('',(0.,1.,0.));
#11091=DIRECTION('',(-1.,0.,0.));
#11092=DIRECTION('',(0.,0.,1.));
#11093=DIRECTION('',(1.,0.,0.));
#11094=DIRECTION('',(0.,-1.,0.));
#11095=DIRECTION('',(-1.,0.,0.));
#11096=DIRECTION('',(0.,1.,0.));
#11097=DIRECTION('',(-1.,0.,0.));
#11098=DIRECTION('',(0.,0.,1.));
#11099=DIRECTION('',(1.,0.,0.));
#11100=DIRECTION('',(0.,-1.,0.));
#11101=DIRECTION('',(-1.,0.,0.));
#11102=DIRECTION('',(0.,1.,0.));
#11103=DIRECTION('',(-1.,0.,0.));
#11104=DIRECTION('',(0.,-1.,0.));
#11105=DIRECTION('',(0.,0.,-1.));
#11106=DIRECTION('',(0.,0.,1.));
#11107=DIRECTION('',(0.,0.,1.));
#11108=DIRECTION('',(0.,-1.,0.));
#11109=DIRECTION('',(0.,0.,-1.));
#11110=DIRECTION('',(0.,0.,-1.));
#11111=DIRECTION('',(0.,0.,1.));
#11112=DIRECTION('',(0.,-1.,0.));
#11113=DIRECTION('',(0.,0.,-1.));
#11114=DIRECTION('',(0.,0.,-1.));
#11115=DIRECTION('',(0.,0.,1.));
#11116=DIRECTION('',(0.,-1.,0.));
#11117=DIRECTION('',(0.,0.,-1.));
#11118=DIRECTION('',(0.,0.,-1.));
#11119=DIRECTION('',(0.,0.,1.));
#11120=DIRECTION('',(0.,-1.,0.));
#11121=DIRECTION('',(0.,0.,-1.));
#11122=DIRECTION('',(0.,0.,-1.));
#11123=DIRECTION('',(0.,0.,1.));
#11124=DIRECTION('',(0.,-1.,0.));
#11125=DIRECTION('',(0.,0.,-1.));
#11126=DIRECTION('',(0.,0.,-1.));
#11127=DIRECTION('',(0.,0.,1.));
#11128=DIRECTION('',(0.,-1.,0.));
#11129=DIRECTION('',(0.,0.,-1.));
#11130=DIRECTION('',(0.,0.,-1.));
#11131=DIRECTION('',(0.,0.,1.));
#11132=DIRECTION('',(0.,-1.,0.));
#11133=DIRECTION('',(0.,0.,-1.));
#11134=DIRECTION('',(0.,0.,-1.));
#11135=DIRECTION('',(0.,0.,1.));
#11136=DIRECTION('',(1.,0.,0.));
#11137=DIRECTION('',(0.,0.,-1.));
#11138=DIRECTION('',(0.,0.,-1.));
#11139=DIRECTION('',(1.,0.,0.));
#11140=DIRECTION('',(0.,0.,-1.));
#11141=DIRECTION('',(0.,0.,-1.));
#11142=DIRECTION('',(0.,-1.,0.));
#11143=DIRECTION('',(0.,0.,-1.));
#11144=DIRECTION('',(0.,0.,-1.));
#11145=DIRECTION('',(0.,0.,-1.));
#11146=DIRECTION('',(0.,0.,-1.));
#11147=DIRECTION('',(0.,0.,-1.));
#11148=DIRECTION('',(0.,0.,-1.));
#11149=DIRECTION('',(0.,0.,-1.));
#11150=DIRECTION('',(0.,0.,-1.));
#11151=DIRECTION('',(0.,0.,-1.));
#11152=DIRECTION('',(0.,0.,-1.));
#11153=DIRECTION('',(0.,0.,-1.));
#11154=DIRECTION('',(0.,0.,-1.));
#11155=DIRECTION('',(0.,0.,-1.));
#11156=DIRECTION('',(0.,0.,-1.));
#11157=DIRECTION('',(0.,0.,-1.));
#11158=DIRECTION('',(0.,0.,-1.));
#11159=DIRECTION('',(0.,0.,1.));
#11160=DIRECTION('',(0.,0.,-1.));
#11161=DIRECTION('',(0.,0.,-1.));
#11162=DIRECTION('',(0.,0.,-1.));
#11163=DIRECTION('',(0.,0.,-1.));
#11164=DIRECTION('',(0.,0.,-1.));
#11165=DIRECTION('',(0.,0.,-1.));
#11166=DIRECTION('',(0.,0.,-1.));
#11167=DIRECTION('',(0.,0.,-1.));
#11168=DIRECTION('',(0.,0.,-1.));
#11169=DIRECTION('',(0.,0.,-1.));
#11170=DIRECTION('',(0.,0.,-1.));
#11171=DIRECTION('',(0.,0.,-1.));
#11172=DIRECTION('',(0.,0.,-1.));
#11173=DIRECTION('',(0.,0.,1.));
#11174=DIRECTION('',(1.,0.,0.));
#11175=DIRECTION('',(0.,0.,-1.));
#11176=DIRECTION('',(1.,0.,0.));
#11177=DIRECTION('',(0.,0.,-1.));
#11178=DIRECTION('',(-1.,0.,0.));
#11179=DIRECTION('',(0.,0.,1.));
#11180=DIRECTION('',(1.,0.,0.));
#11181=DIRECTION('',(0.,0.,-1.));
#11182=DIRECTION('',(-1.,0.,0.));
#11183=DIRECTION('',(0.,0.,1.));
#11184=DIRECTION('',(1.,0.,0.));
#11185=DIRECTION('',(0.,0.,-1.));
#11186=DIRECTION('',(-1.,0.,0.));
#11187=DIRECTION('',(0.,0.,1.));
#11188=DIRECTION('',(1.,0.,0.));
#11189=DIRECTION('',(0.,0.,-1.));
#11190=DIRECTION('',(-1.,0.,0.));
#11191=DIRECTION('',(0.,0.,1.));
#11192=DIRECTION('',(1.,0.,0.));
#11193=DIRECTION('',(0.,0.,-1.));
#11194=DIRECTION('',(-1.,0.,0.));
#11195=DIRECTION('',(0.,0.,1.));
#11196=DIRECTION('',(1.,0.,0.));
#11197=DIRECTION('',(0.,0.,-1.));
#11198=DIRECTION('',(-1.,0.,0.));
#11199=DIRECTION('',(0.,0.,1.));
#11200=DIRECTION('',(1.,0.,0.));
#11201=DIRECTION('',(0.,0.,-1.));
#11202=DIRECTION('',(-1.,0.,0.));
#11203=DIRECTION('',(0.,0.,1.));
#11204=DIRECTION('',(1.,-4.9771316019244E-16,0.));
#11205=DIRECTION('',(4.9771316019244E-16,1.,0.));
#11206=DIRECTION('',(-1.,0.,0.));
#11207=DIRECTION('',(0.,0.,1.));
#11208=DIRECTION('',(1.,0.,0.));
#11209=DIRECTION('',(0.,0.,-1.));
#11210=DIRECTION('',(-1.,0.,0.));
#11211=DIRECTION('',(0.,0.,1.));
#11212=DIRECTION('',(1.,0.,0.));
#11213=DIRECTION('',(0.,0.,-1.));
#11214=DIRECTION('',(-1.,0.,0.));
#11215=DIRECTION('',(0.,0.,1.));
#11216=DIRECTION('',(1.,0.,0.));
#11217=DIRECTION('',(0.,0.,-1.));
#11218=DIRECTION('',(-1.,0.,0.));
#11219=DIRECTION('',(0.,0.,1.));
#11220=DIRECTION('',(1.,0.,0.));
#11221=DIRECTION('',(0.,0.,-1.));
#11222=DIRECTION('',(-1.,0.,0.));
#11223=DIRECTION('',(0.,0.,1.));
#11224=DIRECTION('',(1.,0.,0.));
#11225=DIRECTION('',(0.,0.,-1.));
#11226=DIRECTION('',(-1.,0.,0.));
#11227=DIRECTION('',(0.,0.,1.));
#11228=DIRECTION('',(1.,0.,0.));
#11229=DIRECTION('',(0.,0.,-1.));
#11230=DIRECTION('',(1.,-4.9771316019244E-16,0.));
#11231=DIRECTION('',(4.9771316019244E-16,1.,0.));
#11232=DIRECTION('',(-1.,0.,0.));
#11233=DIRECTION('',(0.,0.,1.));
#11234=DIRECTION('',(0.,-1.,-1.53666449643615E-17));
#11235=DIRECTION('',(0.,1.53666449643615E-17,-1.));
#11236=DIRECTION('',(0.,0.,1.));
#11237=DIRECTION('',(1.,0.,0.));
#11238=CARTESIAN_POINT('',(0.,0.,0.));
#11239=CARTESIAN_POINT('',(0.145,0.405,-0.189));
#11240=CARTESIAN_POINT('',(0.145,0.405,-0.189));
#11241=CARTESIAN_POINT('',(0.145,0.,-0.189));
#11242=CARTESIAN_POINT('',(0.145,0.025,-0.189));
#11243=CARTESIAN_POINT('',(0.145,0.,-0.189));
#11244=CARTESIAN_POINT('',(0.145,0.,-0.164));
#11245=CARTESIAN_POINT('',(0.145,0.405,-0.164));
#11246=CARTESIAN_POINT('',(0.145,0.025,-0.164));
#11247=CARTESIAN_POINT('',(0.145,0.025,0.));
#11248=CARTESIAN_POINT('',(0.145,0.025,-0.178));
#11249=CARTESIAN_POINT('',(0.145,0.405,-0.178));
#11250=CARTESIAN_POINT('',(0.145,0.405,-0.178));
#11251=CARTESIAN_POINT('',(0.145,0.405,-0.189));
#11252=CARTESIAN_POINT('',(0.145,0.405,-0.212));
#11253=CARTESIAN_POINT('',(0.145,0.405,-0.212));
#11254=CARTESIAN_POINT('',(0.145,0.025,-0.212));
#11255=CARTESIAN_POINT('',(0.145,0.025,-0.189));
#11256=CARTESIAN_POINT('',(0.185,0.405,0.189));
#11257=CARTESIAN_POINT('',(0.185,0.405,-0.189));
#11258=CARTESIAN_POINT('',(0.185,0.025,-0.189));
#11259=CARTESIAN_POINT('',(0.185,0.,-0.189));
#11260=CARTESIAN_POINT('',(0.185,0.025,0.189));
#11261=CARTESIAN_POINT('',(0.185,0.025,-0.212));
#11262=CARTESIAN_POINT('',(0.185,0.405,-0.212));
#11263=CARTESIAN_POINT('',(0.185,0.405,-0.212));
#11264=CARTESIAN_POINT('',(0.185,0.405,0.189));
#11265=CARTESIAN_POINT('',(0.185,0.405,-0.178));
#11266=CARTESIAN_POINT('',(0.185,0.405,-0.178));
#11267=CARTESIAN_POINT('',(0.185,0.025,-0.178));
#11268=CARTESIAN_POINT('',(0.185,0.025,0.));
#11269=CARTESIAN_POINT('',(0.185,0.025,-0.164));
#11270=CARTESIAN_POINT('',(0.185,0.405,-0.164));
#11271=CARTESIAN_POINT('',(0.185,0.,-0.164));
#11272=CARTESIAN_POINT('',(0.185,0.,0.189));
#11273=CARTESIAN_POINT('',(0.66,0.,0.));
#11274=CARTESIAN_POINT('',(0.66,0.,-0.189));
#11275=CARTESIAN_POINT('',(0.66,0.,-0.164));
#11276=CARTESIAN_POINT('',(-0.185,0.405,-0.189));
#11277=CARTESIAN_POINT('',(-0.185,0.405,-0.189));
#11278=CARTESIAN_POINT('',(-0.185,0.,-0.189));
#11279=CARTESIAN_POINT('',(-0.185,0.025,-0.189));
#11280=CARTESIAN_POINT('',(-0.185,0.,-0.189));
#11281=CARTESIAN_POINT('',(-0.185,0.,-0.164));
#11282=CARTESIAN_POINT('',(-0.185,0.405,-0.164));
#11283=CARTESIAN_POINT('',(-0.185,0.025,-0.164));
#11284=CARTESIAN_POINT('',(-0.185,0.025,0.));
#11285=CARTESIAN_POINT('',(-0.185,0.025,-0.178));
#11286=CARTESIAN_POINT('',(-0.185,0.405,-0.178));
#11287=CARTESIAN_POINT('',(-0.185,0.405,-0.178));
#11288=CARTESIAN_POINT('',(-0.185,0.405,-0.189));
#11289=CARTESIAN_POINT('',(-0.185,0.405,-0.212));
#11290=CARTESIAN_POINT('',(-0.185,0.405,-0.212));
#11291=CARTESIAN_POINT('',(-0.185,0.025,-0.212));
#11292=CARTESIAN_POINT('',(-0.185,0.025,-0.189));
#11293=CARTESIAN_POINT('',(-0.145,0.405,0.189));
#11294=CARTESIAN_POINT('',(-0.145,0.405,-0.189));
#11295=CARTESIAN_POINT('',(-0.145,0.025,-0.189));
#11296=CARTESIAN_POINT('',(-0.145,0.,-0.189));
#11297=CARTESIAN_POINT('',(-0.145,0.025,0.189));
#11298=CARTESIAN_POINT('',(-0.145,0.025,-0.212));
#11299=CARTESIAN_POINT('',(-0.145,0.405,-0.212));
#11300=CARTESIAN_POINT('',(-0.145,0.405,-0.212));
#11301=CARTESIAN_POINT('',(-0.145,0.405,0.189));
#11302=CARTESIAN_POINT('',(-0.145,0.405,-0.178));
#11303=CARTESIAN_POINT('',(-0.145,0.405,-0.178));
#11304=CARTESIAN_POINT('',(-0.145,0.025,-0.178));
#11305=CARTESIAN_POINT('',(-0.145,0.025,0.));
#11306=CARTESIAN_POINT('',(-0.145,0.025,-0.164));
#11307=CARTESIAN_POINT('',(-0.145,0.405,-0.164));
#11308=CARTESIAN_POINT('',(-0.145,0.,-0.164));
#11309=CARTESIAN_POINT('',(-0.145,0.,0.189));
#11310=CARTESIAN_POINT('',(0.33,0.,0.));
#11311=CARTESIAN_POINT('',(0.33,0.,-0.189));
#11312=CARTESIAN_POINT('',(0.33,0.,-0.164));
#11313=CARTESIAN_POINT('',(0.,0.,0.));
#11314=CARTESIAN_POINT('',(0.725,0.,-0.0299999999999999));
#11315=CARTESIAN_POINT('',(0.725,0.,-0.055));
#11316=CARTESIAN_POINT('',(0.7,0.,-0.03));
#11317=CARTESIAN_POINT('',(0.7,0.,-0.03));
#11318=CARTESIAN_POINT('',(0.7,0.,0.03));
#11319=CARTESIAN_POINT('',(0.725,0.,0.0299999999999999));
#11320=CARTESIAN_POINT('',(0.725,0.,0.0549999999999999));
#11321=CARTESIAN_POINT('',(0.725,0.,0.055));
#11322=CARTESIAN_POINT('',(0.835,0.,0.055));
#11323=CARTESIAN_POINT('',(0.835,0.,0.0300000000000001));
#11324=CARTESIAN_POINT('',(0.86,0.,0.03));
#11325=CARTESIAN_POINT('',(0.86,0.,0.03));
#11326=CARTESIAN_POINT('',(0.86,0.,-0.03));
#11327=CARTESIAN_POINT('',(0.835,0.,-0.0300000000000001));
#11328=CARTESIAN_POINT('',(0.835,0.,-0.0549999999999999));
#11329=CARTESIAN_POINT('',(0.835,0.,-0.055));
#11330=CARTESIAN_POINT('',(0.,0.,-0.189));
#11331=CARTESIAN_POINT('',(0.9015,0.,-0.189));
#11332=CARTESIAN_POINT('',(0.6865,0.,-0.189));
#11333=CARTESIAN_POINT('',(0.9015,0.,0.212));
#11334=CARTESIAN_POINT('',(0.9015,0.,0.212));
#11335=CARTESIAN_POINT('',(0.6865,0.,0.212));
#11336=CARTESIAN_POINT('',(0.6865,0.,0.212));
#11337=CARTESIAN_POINT('',(0.6865,0.,-0.212));
#11338=CARTESIAN_POINT('',(-0.6365,0.405,-0.212));
#11339=CARTESIAN_POINT('',(-0.6365,0.025,-0.212));
#11340=CARTESIAN_POINT('',(-0.6365,0.025,-0.212));
#11341=CARTESIAN_POINT('',(-0.9015,0.025,-0.212));
#11342=CARTESIAN_POINT('',(-0.9015,0.405,-0.212));
#11343=CARTESIAN_POINT('',(-0.9015,0.405,-0.212));
#11344=CARTESIAN_POINT('',(-0.6365,0.405,-0.212));
#11345=CARTESIAN_POINT('',(-0.6365,0.405,-0.212));
#11346=CARTESIAN_POINT('',(-0.6365,0.405,-0.212));
#11347=CARTESIAN_POINT('',(-0.9015,0.405,-0.212));
#11348=CARTESIAN_POINT('',(-0.9015,0.405,-0.189));
#11349=CARTESIAN_POINT('',(-0.9015,0.,-0.189));
#11350=CARTESIAN_POINT('',(-0.9015,0.025,-0.189));
#11351=CARTESIAN_POINT('',(-0.9015,0.,-0.212));
#11352=CARTESIAN_POINT('',(-0.9015,0.,0.212));
#11353=CARTESIAN_POINT('',(-0.9015,0.405,0.212));
#11354=CARTESIAN_POINT('',(-0.9015,0.405,0.212));
#11355=CARTESIAN_POINT('',(-0.9015,0.405,-0.212));
#11356=CARTESIAN_POINT('',(-0.9015,0.025,-0.212));
#11357=CARTESIAN_POINT('',(0.9015,0.405,0.212));
#11358=CARTESIAN_POINT('',(0.9015,0.405,-0.189));
#11359=CARTESIAN_POINT('',(0.9015,0.025,-0.189));
#11360=CARTESIAN_POINT('',(0.9015,0.025,0.212));
#11361=CARTESIAN_POINT('',(0.9015,0.025,-0.212));
#11362=CARTESIAN_POINT('',(0.9015,0.405,-0.212));
#11363=CARTESIAN_POINT('',(0.9015,0.405,-0.212));
#11364=CARTESIAN_POINT('',(0.9015,0.405,0.212));
#11365=CARTESIAN_POINT('',(0.9015,0.405,0.212));
#11366=CARTESIAN_POINT('',(0.9015,0.405,0.212));
#11367=CARTESIAN_POINT('',(0.9015,0.405,-0.212));
#11368=CARTESIAN_POINT('',(0.9015,0.025,-0.212));
#11369=CARTESIAN_POINT('',(0.6365,0.025,-0.212));
#11370=CARTESIAN_POINT('',(0.6365,0.405,-0.212));
#11371=CARTESIAN_POINT('',(0.6365,0.405,-0.212));
#11372=CARTESIAN_POINT('',(0.9015,0.405,-0.212));
#11373=CARTESIAN_POINT('',(-0.6865,0.03,0.212));
#11374=CARTESIAN_POINT('',(-0.6865,0.03,-0.189));
#11375=CARTESIAN_POINT('',(-0.6865,0.025,-0.189));
#11376=CARTESIAN_POINT('',(-0.6865,0.,-0.189));
#11377=CARTESIAN_POINT('',(-0.6865,0.025,0.));
#11378=CARTESIAN_POINT('',(-0.6865,0.025,0.212));
#11379=CARTESIAN_POINT('',(-0.6865,0.03,0.212));
#11380=CARTESIAN_POINT('',(-0.6865,0.,0.212));
#11381=CARTESIAN_POINT('',(-0.6865,0.,0.212));
#11382=CARTESIAN_POINT('',(0.,0.,0.));
#11383=CARTESIAN_POINT('',(-0.78,0.,0.));
#11384=CARTESIAN_POINT('',(-0.78,0.,-0.0675));
#11385=CARTESIAN_POINT('',(0.,0.,-0.189));
#11386=CARTESIAN_POINT('',(-0.9015,0.,0.212));
#11387=CARTESIAN_POINT('',(0.6865,0.03,-0.212));
#11388=CARTESIAN_POINT('',(0.6865,0.03,-0.189));
#11389=CARTESIAN_POINT('',(0.6865,0.025,-0.189));
#11390=CARTESIAN_POINT('',(0.6865,0.03,0.212));
#11391=CARTESIAN_POINT('',(0.6865,0.025,0.212));
#11392=CARTESIAN_POINT('',(0.6865,0.025,0.));
#11393=CARTESIAN_POINT('',(-0.145,0.405,-0.212));
#11394=CARTESIAN_POINT('',(-0.145,0.025,-0.212));
#11395=CARTESIAN_POINT('',(-0.145,0.405,-0.212));
#11396=CARTESIAN_POINT('',(0.185,0.405,-0.212));
#11397=CARTESIAN_POINT('',(0.185,0.025,-0.212));
#11398=CARTESIAN_POINT('',(0.185,0.405,-0.212));
#11399=CARTESIAN_POINT('',(-0.515,0.405,-0.189));
#11400=CARTESIAN_POINT('',(-0.515,0.405,0.164));
#11401=CARTESIAN_POINT('',(-0.515,0.,0.164));
#11402=CARTESIAN_POINT('',(-0.515,0.025,0.164));
#11403=CARTESIAN_POINT('',(-0.515,0.,-0.189));
#11404=CARTESIAN_POINT('',(-0.515,0.,0.189));
#11405=CARTESIAN_POINT('',(-0.515,0.405,0.189));
#11406=CARTESIAN_POINT('',(-0.515,0.405,0.189));
#11407=CARTESIAN_POINT('',(-0.515,0.405,-0.189));
#11408=CARTESIAN_POINT('',(-0.515,0.405,0.178));
#11409=CARTESIAN_POINT('',(-0.515,0.405,0.178));
#11410=CARTESIAN_POINT('',(-0.515,0.025,0.178));
#11411=CARTESIAN_POINT('',(-0.515,0.025,0.));
#11412=CARTESIAN_POINT('',(-0.515,0.405,-0.189));
#11413=CARTESIAN_POINT('',(-0.515,0.405,-0.164));
#11414=CARTESIAN_POINT('',(-0.515,0.025,-0.164));
#11415=CARTESIAN_POINT('',(-0.515,0.,-0.164));
#11416=CARTESIAN_POINT('',(-0.515,0.025,0.));
#11417=CARTESIAN_POINT('',(-0.515,0.025,-0.178));
#11418=CARTESIAN_POINT('',(-0.515,0.405,-0.178));
#11419=CARTESIAN_POINT('',(-0.515,0.405,-0.178));
#11420=CARTESIAN_POINT('',(-0.515,0.405,-0.189));
#11421=CARTESIAN_POINT('',(-0.515,0.405,-0.189));
#11422=CARTESIAN_POINT('',(-0.515,0.405,-0.189));
#11423=CARTESIAN_POINT('',(-0.515,0.,-0.189));
#11424=CARTESIAN_POINT('',(-0.515,0.,-0.189));
#11425=CARTESIAN_POINT('',(-0.475,0.405,0.189));
#11426=CARTESIAN_POINT('',(-0.475,0.405,0.164));
#11427=CARTESIAN_POINT('',(-0.475,0.025,0.164));
#11428=CARTESIAN_POINT('',(-0.475,0.,0.164));
#11429=CARTESIAN_POINT('',(-0.475,0.025,0.));
#11430=CARTESIAN_POINT('',(-0.475,0.025,0.178));
#11431=CARTESIAN_POINT('',(-0.475,0.405,0.178));
#11432=CARTESIAN_POINT('',(-0.475,0.405,0.178));
#11433=CARTESIAN_POINT('',(-0.475,0.405,0.189));
#11434=CARTESIAN_POINT('',(-0.475,0.405,0.189));
#11435=CARTESIAN_POINT('',(-0.475,0.405,0.189));
#11436=CARTESIAN_POINT('',(-0.475,0.,0.189));
#11437=CARTESIAN_POINT('',(-0.475,0.,0.189));
#11438=CARTESIAN_POINT('',(-0.475,0.405,0.189));
#11439=CARTESIAN_POINT('',(-0.475,0.405,-0.164));
#11440=CARTESIAN_POINT('',(-0.475,0.,-0.164));
#11441=CARTESIAN_POINT('',(-0.475,0.025,-0.164));
#11442=CARTESIAN_POINT('',(-0.475,0.,0.189));
#11443=CARTESIAN_POINT('',(-0.475,0.,-0.189));
#11444=CARTESIAN_POINT('',(-0.475,0.405,-0.189));
#11445=CARTESIAN_POINT('',(-0.475,0.405,-0.189));
#11446=CARTESIAN_POINT('',(-0.475,0.405,0.189));
#11447=CARTESIAN_POINT('',(-0.475,0.405,-0.178));
#11448=CARTESIAN_POINT('',(-0.475,0.405,-0.178));
#11449=CARTESIAN_POINT('',(-0.475,0.025,-0.178));
#11450=CARTESIAN_POINT('',(-0.475,0.025,0.));
#11451=CARTESIAN_POINT('',(0.,0.,0.));
#11452=CARTESIAN_POINT('',(0.,0.,0.164));
#11453=CARTESIAN_POINT('',(-0.515,0.,0.189));
#11454=CARTESIAN_POINT('',(0.,0.,0.));
#11455=CARTESIAN_POINT('',(0.,0.,-0.164));
#11456=CARTESIAN_POINT('',(-0.475,0.,-0.189));
#11457=CARTESIAN_POINT('',(0.475,0.405,-0.189));
#11458=CARTESIAN_POINT('',(0.475,0.405,0.164));
#11459=CARTESIAN_POINT('',(0.475,0.,0.164));
#11460=CARTESIAN_POINT('',(0.475,0.025,0.164));
#11461=CARTESIAN_POINT('',(0.475,0.,-0.189));
#11462=CARTESIAN_POINT('',(0.475,0.,0.189));
#11463=CARTESIAN_POINT('',(0.475,0.405,0.189));
#11464=CARTESIAN_POINT('',(0.475,0.405,0.189));
#11465=CARTESIAN_POINT('',(0.475,0.405,-0.189));
#11466=CARTESIAN_POINT('',(0.475,0.405,0.178));
#11467=CARTESIAN_POINT('',(0.475,0.405,0.178));
#11468=CARTESIAN_POINT('',(0.475,0.025,0.178));
#11469=CARTESIAN_POINT('',(0.475,0.025,0.));
#11470=CARTESIAN_POINT('',(0.475,0.405,-0.189));
#11471=CARTESIAN_POINT('',(0.475,0.405,-0.164));
#11472=CARTESIAN_POINT('',(0.475,0.025,-0.164));
#11473=CARTESIAN_POINT('',(0.475,0.,-0.164));
#11474=CARTESIAN_POINT('',(0.475,0.025,0.));
#11475=CARTESIAN_POINT('',(0.475,0.025,-0.178));
#11476=CARTESIAN_POINT('',(0.475,0.405,-0.178));
#11477=CARTESIAN_POINT('',(0.475,0.405,-0.178));
#11478=CARTESIAN_POINT('',(0.475,0.405,-0.189));
#11479=CARTESIAN_POINT('',(0.475,0.405,-0.189));
#11480=CARTESIAN_POINT('',(0.475,0.405,-0.189));
#11481=CARTESIAN_POINT('',(0.475,0.,-0.189));
#11482=CARTESIAN_POINT('',(0.475,0.,-0.189));
#11483=CARTESIAN_POINT('',(0.515,0.405,0.189));
#11484=CARTESIAN_POINT('',(0.515,0.405,0.164));
#11485=CARTESIAN_POINT('',(0.515,0.025,0.164));
#11486=CARTESIAN_POINT('',(0.515,0.,0.164));
#11487=CARTESIAN_POINT('',(0.515,0.025,0.));
#11488=CARTESIAN_POINT('',(0.515,0.025,0.178));
#11489=CARTESIAN_POINT('',(0.515,0.405,0.178));
#11490=CARTESIAN_POINT('',(0.515,0.405,0.178));
#11491=CARTESIAN_POINT('',(0.515,0.405,0.189));
#11492=CARTESIAN_POINT('',(0.515,0.405,0.189));
#11493=CARTESIAN_POINT('',(0.515,0.405,0.189));
#11494=CARTESIAN_POINT('',(0.515,0.,0.189));
#11495=CARTESIAN_POINT('',(0.515,0.,0.189));
#11496=CARTESIAN_POINT('',(0.515,0.405,0.189));
#11497=CARTESIAN_POINT('',(0.515,0.405,-0.164));
#11498=CARTESIAN_POINT('',(0.515,0.,-0.164));
#11499=CARTESIAN_POINT('',(0.515,0.025,-0.164));
#11500=CARTESIAN_POINT('',(0.515,0.,0.189));
#11501=CARTESIAN_POINT('',(0.515,0.,-0.189));
#11502=CARTESIAN_POINT('',(0.515,0.405,-0.189));
#11503=CARTESIAN_POINT('',(0.515,0.405,-0.189));
#11504=CARTESIAN_POINT('',(0.515,0.405,0.189));
#11505=CARTESIAN_POINT('',(0.515,0.405,-0.178));
#11506=CARTESIAN_POINT('',(0.515,0.405,-0.178));
#11507=CARTESIAN_POINT('',(0.515,0.025,-0.178));
#11508=CARTESIAN_POINT('',(0.515,0.025,0.));
#11509=CARTESIAN_POINT('',(0.99,0.,0.));
#11510=CARTESIAN_POINT('',(0.99,0.,0.164));
#11511=CARTESIAN_POINT('',(0.475,0.,0.189));
#11512=CARTESIAN_POINT('',(0.99,0.,0.));
#11513=CARTESIAN_POINT('',(0.99,0.,-0.164));
#11514=CARTESIAN_POINT('',(0.515,0.,-0.189));
#11515=CARTESIAN_POINT('',(0.31,0.405,-0.189));
#11516=CARTESIAN_POINT('',(0.31,0.405,0.164));
#11517=CARTESIAN_POINT('',(0.31,0.,0.164));
#11518=CARTESIAN_POINT('',(0.31,0.025,0.164));
#11519=CARTESIAN_POINT('',(0.31,0.,-0.189));
#11520=CARTESIAN_POINT('',(0.31,0.,0.189));
#11521=CARTESIAN_POINT('',(0.31,0.405,0.189));
#11522=CARTESIAN_POINT('',(0.31,0.405,0.189));
#11523=CARTESIAN_POINT('',(0.31,0.405,-0.189));
#11524=CARTESIAN_POINT('',(0.31,0.405,0.178));
#11525=CARTESIAN_POINT('',(0.31,0.405,0.178));
#11526=CARTESIAN_POINT('',(0.31,0.025,0.178));
#11527=CARTESIAN_POINT('',(0.31,0.025,0.));
#11528=CARTESIAN_POINT('',(0.31,0.405,-0.189));
#11529=CARTESIAN_POINT('',(0.31,0.405,-0.164));
#11530=CARTESIAN_POINT('',(0.31,0.025,-0.164));
#11531=CARTESIAN_POINT('',(0.31,0.,-0.164));
#11532=CARTESIAN_POINT('',(0.31,0.025,0.));
#11533=CARTESIAN_POINT('',(0.31,0.025,-0.178));
#11534=CARTESIAN_POINT('',(0.31,0.405,-0.178));
#11535=CARTESIAN_POINT('',(0.31,0.405,-0.178));
#11536=CARTESIAN_POINT('',(0.31,0.405,-0.189));
#11537=CARTESIAN_POINT('',(0.31,0.405,-0.189));
#11538=CARTESIAN_POINT('',(0.31,0.405,-0.189));
#11539=CARTESIAN_POINT('',(0.31,0.,-0.189));
#11540=CARTESIAN_POINT('',(0.31,0.,-0.189));
#11541=CARTESIAN_POINT('',(0.35,0.405,0.189));
#11542=CARTESIAN_POINT('',(0.35,0.405,0.164));
#11543=CARTESIAN_POINT('',(0.35,0.025,0.164));
#11544=CARTESIAN_POINT('',(0.35,0.,0.164));
#11545=CARTESIAN_POINT('',(0.35,0.025,0.));
#11546=CARTESIAN_POINT('',(0.35,0.025,0.178));
#11547=CARTESIAN_POINT('',(0.35,0.405,0.178));
#11548=CARTESIAN_POINT('',(0.35,0.405,0.178));
#11549=CARTESIAN_POINT('',(0.35,0.405,0.189));
#11550=CARTESIAN_POINT('',(0.35,0.405,0.189));
#11551=CARTESIAN_POINT('',(0.35,0.405,0.189));
#11552=CARTESIAN_POINT('',(0.35,0.,0.189));
#11553=CARTESIAN_POINT('',(0.35,0.,0.189));
#11554=CARTESIAN_POINT('',(0.35,0.405,0.189));
#11555=CARTESIAN_POINT('',(0.35,0.405,-0.164));
#11556=CARTESIAN_POINT('',(0.35,0.,-0.164));
#11557=CARTESIAN_POINT('',(0.35,0.025,-0.164));
#11558=CARTESIAN_POINT('',(0.35,0.,0.189));
#11559=CARTESIAN_POINT('',(0.35,0.,-0.189));
#11560=CARTESIAN_POINT('',(0.35,0.405,-0.189));
#11561=CARTESIAN_POINT('',(0.35,0.405,-0.189));
#11562=CARTESIAN_POINT('',(0.35,0.405,0.189));
#11563=CARTESIAN_POINT('',(0.35,0.405,-0.178));
#11564=CARTESIAN_POINT('',(0.35,0.405,-0.178));
#11565=CARTESIAN_POINT('',(0.35,0.025,-0.178));
#11566=CARTESIAN_POINT('',(0.35,0.025,0.));
#11567=CARTESIAN_POINT('',(0.825,0.,0.));
#11568=CARTESIAN_POINT('',(0.825,0.,0.164));
#11569=CARTESIAN_POINT('',(0.31,0.,0.189));
#11570=CARTESIAN_POINT('',(0.825,0.,0.));
#11571=CARTESIAN_POINT('',(0.825,0.,-0.164));
#11572=CARTESIAN_POINT('',(0.35,0.,-0.189));
#11573=CARTESIAN_POINT('',(0.145,0.405,-0.189));
#11574=CARTESIAN_POINT('',(0.145,0.405,0.164));
#11575=CARTESIAN_POINT('',(0.145,0.,0.164));
#11576=CARTESIAN_POINT('',(0.145,0.025,0.164));
#11577=CARTESIAN_POINT('',(0.145,0.,-0.189));
#11578=CARTESIAN_POINT('',(0.145,0.,0.189));
#11579=CARTESIAN_POINT('',(0.145,0.405,0.189));
#11580=CARTESIAN_POINT('',(0.145,0.405,0.189));
#11581=CARTESIAN_POINT('',(0.145,0.405,-0.189));
#11582=CARTESIAN_POINT('',(0.145,0.405,0.178));
#11583=CARTESIAN_POINT('',(0.145,0.405,0.178));
#11584=CARTESIAN_POINT('',(0.145,0.025,0.178));
#11585=CARTESIAN_POINT('',(0.145,0.025,0.));
#11586=CARTESIAN_POINT('',(0.185,0.405,0.189));
#11587=CARTESIAN_POINT('',(0.185,0.405,0.164));
#11588=CARTESIAN_POINT('',(0.185,0.025,0.164));
#11589=CARTESIAN_POINT('',(0.185,0.,0.164));
#11590=CARTESIAN_POINT('',(0.185,0.025,0.));
#11591=CARTESIAN_POINT('',(0.185,0.025,0.178));
#11592=CARTESIAN_POINT('',(0.185,0.405,0.178));
#11593=CARTESIAN_POINT('',(0.185,0.405,0.178));
#11594=CARTESIAN_POINT('',(0.185,0.405,0.189));
#11595=CARTESIAN_POINT('',(0.185,0.405,0.189));
#11596=CARTESIAN_POINT('',(0.185,0.405,0.189));
#11597=CARTESIAN_POINT('',(0.185,0.,0.189));
#11598=CARTESIAN_POINT('',(0.185,0.,0.189));
#11599=CARTESIAN_POINT('',(0.66,0.,0.));
#11600=CARTESIAN_POINT('',(0.66,0.,0.164));
#11601=CARTESIAN_POINT('',(0.145,0.,0.189));
#11602=CARTESIAN_POINT('',(-0.185,0.405,-0.189));
#11603=CARTESIAN_POINT('',(-0.185,0.405,0.164));
#11604=CARTESIAN_POINT('',(-0.185,0.,0.164));
#11605=CARTESIAN_POINT('',(-0.185,0.025,0.164));
#11606=CARTESIAN_POINT('',(-0.185,0.,-0.189));
#11607=CARTESIAN_POINT('',(-0.185,0.,0.189));
#11608=CARTESIAN_POINT('',(-0.185,0.405,0.189));
#11609=CARTESIAN_POINT('',(-0.185,0.405,0.189));
#11610=CARTESIAN_POINT('',(-0.185,0.405,-0.189));
#11611=CARTESIAN_POINT('',(-0.185,0.405,0.178));
#11612=CARTESIAN_POINT('',(-0.185,0.405,0.178));
#11613=CARTESIAN_POINT('',(-0.185,0.025,0.178));
#11614=CARTESIAN_POINT('',(-0.185,0.025,0.));
#11615=CARTESIAN_POINT('',(-0.145,0.405,0.189));
#11616=CARTESIAN_POINT('',(-0.145,0.405,0.164));
#11617=CARTESIAN_POINT('',(-0.145,0.025,0.164));
#11618=CARTESIAN_POINT('',(-0.145,0.,0.164));
#11619=CARTESIAN_POINT('',(-0.145,0.025,0.));
#11620=CARTESIAN_POINT('',(-0.145,0.025,0.178));
#11621=CARTESIAN_POINT('',(-0.145,0.405,0.178));
#11622=CARTESIAN_POINT('',(-0.145,0.405,0.178));
#11623=CARTESIAN_POINT('',(-0.145,0.405,0.189));
#11624=CARTESIAN_POINT('',(-0.145,0.405,0.189));
#11625=CARTESIAN_POINT('',(-0.145,0.405,0.189));
#11626=CARTESIAN_POINT('',(-0.145,0.,0.189));
#11627=CARTESIAN_POINT('',(-0.145,0.,0.189));
#11628=CARTESIAN_POINT('',(0.33,0.,0.));
#11629=CARTESIAN_POINT('',(0.33,0.,0.164));
#11630=CARTESIAN_POINT('',(-0.185,0.,0.189));
#11631=CARTESIAN_POINT('',(-0.35,0.405,-0.189));
#11632=CARTESIAN_POINT('',(-0.35,0.405,0.164));
#11633=CARTESIAN_POINT('',(-0.35,0.,0.164));
#11634=CARTESIAN_POINT('',(-0.35,0.025,0.164));
#11635=CARTESIAN_POINT('',(-0.35,0.,-0.189));
#11636=CARTESIAN_POINT('',(-0.35,0.,0.189));
#11637=CARTESIAN_POINT('',(-0.35,0.405,0.189));
#11638=CARTESIAN_POINT('',(-0.35,0.405,0.189));
#11639=CARTESIAN_POINT('',(-0.35,0.405,-0.189));
#11640=CARTESIAN_POINT('',(-0.35,0.405,0.178));
#11641=CARTESIAN_POINT('',(-0.35,0.405,0.178));
#11642=CARTESIAN_POINT('',(-0.35,0.025,0.178));
#11643=CARTESIAN_POINT('',(-0.35,0.025,0.));
#11644=CARTESIAN_POINT('',(-0.35,0.405,-0.189));
#11645=CARTESIAN_POINT('',(-0.35,0.405,-0.164));
#11646=CARTESIAN_POINT('',(-0.35,0.025,-0.164));
#11647=CARTESIAN_POINT('',(-0.35,0.,-0.164));
#11648=CARTESIAN_POINT('',(-0.35,0.025,0.));
#11649=CARTESIAN_POINT('',(-0.35,0.025,-0.178));
#11650=CARTESIAN_POINT('',(-0.35,0.405,-0.178));
#11651=CARTESIAN_POINT('',(-0.35,0.405,-0.178));
#11652=CARTESIAN_POINT('',(-0.35,0.405,-0.189));
#11653=CARTESIAN_POINT('',(-0.35,0.405,-0.189));
#11654=CARTESIAN_POINT('',(-0.35,0.405,-0.189));
#11655=CARTESIAN_POINT('',(-0.35,0.,-0.189));
#11656=CARTESIAN_POINT('',(-0.35,0.,-0.189));
#11657=CARTESIAN_POINT('',(-0.31,0.405,0.189));
#11658=CARTESIAN_POINT('',(-0.31,0.405,0.164));
#11659=CARTESIAN_POINT('',(-0.31,0.025,0.164));
#11660=CARTESIAN_POINT('',(-0.31,0.,0.164));
#11661=CARTESIAN_POINT('',(-0.31,0.025,0.));
#11662=CARTESIAN_POINT('',(-0.31,0.025,0.178));
#11663=CARTESIAN_POINT('',(-0.31,0.405,0.178));
#11664=CARTESIAN_POINT('',(-0.31,0.405,0.178));
#11665=CARTESIAN_POINT('',(-0.31,0.405,0.189));
#11666=CARTESIAN_POINT('',(-0.31,0.405,0.189));
#11667=CARTESIAN_POINT('',(-0.31,0.405,0.189));
#11668=CARTESIAN_POINT('',(-0.31,0.,0.189));
#11669=CARTESIAN_POINT('',(-0.31,0.,0.189));
#11670=CARTESIAN_POINT('',(-0.31,0.405,0.189));
#11671=CARTESIAN_POINT('',(-0.31,0.405,-0.164));
#11672=CARTESIAN_POINT('',(-0.31,0.,-0.164));
#11673=CARTESIAN_POINT('',(-0.31,0.025,-0.164));
#11674=CARTESIAN_POINT('',(-0.31,0.,0.189));
#11675=CARTESIAN_POINT('',(-0.31,0.,-0.189));
#11676=CARTESIAN_POINT('',(-0.31,0.405,-0.189));
#11677=CARTESIAN_POINT('',(-0.31,0.405,-0.189));
#11678=CARTESIAN_POINT('',(-0.31,0.405,0.189));
#11679=CARTESIAN_POINT('',(-0.31,0.405,-0.178));
#11680=CARTESIAN_POINT('',(-0.31,0.405,-0.178));
#11681=CARTESIAN_POINT('',(-0.31,0.025,-0.178));
#11682=CARTESIAN_POINT('',(-0.31,0.025,0.));
#11683=CARTESIAN_POINT('',(0.165,0.,0.));
#11684=CARTESIAN_POINT('',(0.165,0.,0.164));
#11685=CARTESIAN_POINT('',(-0.35,0.,0.189));
#11686=CARTESIAN_POINT('',(0.165,0.,0.));
#11687=CARTESIAN_POINT('',(0.165,0.,-0.164));
#11688=CARTESIAN_POINT('',(-0.31,0.,-0.189));
#11689=CARTESIAN_POINT('',(-0.02,0.405,-0.189));
#11690=CARTESIAN_POINT('',(-0.02,0.405,0.164));
#11691=CARTESIAN_POINT('',(-0.02,0.,0.164));
#11692=CARTESIAN_POINT('',(-0.0199999999999999,0.025,0.164));
#11693=CARTESIAN_POINT('',(-0.02,0.,-0.189));
#11694=CARTESIAN_POINT('',(-0.02,0.,0.189));
#11695=CARTESIAN_POINT('',(-0.02,0.405,0.189));
#11696=CARTESIAN_POINT('',(-0.02,0.025,0.189));
#11697=CARTESIAN_POINT('',(-0.02,0.025,0.));
#11698=CARTESIAN_POINT('',(-0.02,0.405,-0.189));
#11699=CARTESIAN_POINT('',(-0.02,0.405,-0.164));
#11700=CARTESIAN_POINT('',(-0.0199999999999999,0.025,-0.164));
#11701=CARTESIAN_POINT('',(-0.02,0.,-0.164));
#11702=CARTESIAN_POINT('',(-0.02,0.025,0.));
#11703=CARTESIAN_POINT('',(-0.02,0.025,-0.189));
#11704=CARTESIAN_POINT('',(-0.02,0.405,-0.189));
#11705=CARTESIAN_POINT('',(-0.02,0.,-0.189));
#11706=CARTESIAN_POINT('',(-0.02,0.,-0.189));
#11707=CARTESIAN_POINT('',(0.02,0.405,0.189));
#11708=CARTESIAN_POINT('',(0.02,0.405,0.164));
#11709=CARTESIAN_POINT('',(0.0199999999999999,0.025,0.164));
#11710=CARTESIAN_POINT('',(0.02,0.,0.164));
#11711=CARTESIAN_POINT('',(0.02,0.025,0.));
#11712=CARTESIAN_POINT('',(0.02,0.025,0.189));
#11713=CARTESIAN_POINT('',(0.02,0.405,0.189));
#11714=CARTESIAN_POINT('',(0.02,0.,0.189));
#11715=CARTESIAN_POINT('',(0.02,0.,0.189));
#11716=CARTESIAN_POINT('',(0.02,0.405,0.189));
#11717=CARTESIAN_POINT('',(0.02,0.405,-0.164));
#11718=CARTESIAN_POINT('',(0.02,0.,-0.164));
#11719=CARTESIAN_POINT('',(0.0199999999999999,0.025,-0.164));
#11720=CARTESIAN_POINT('',(0.02,0.,0.189));
#11721=CARTESIAN_POINT('',(0.02,0.,-0.189));
#11722=CARTESIAN_POINT('',(0.02,0.405,-0.189));
#11723=CARTESIAN_POINT('',(0.02,0.025,-0.189));
#11724=CARTESIAN_POINT('',(0.02,0.025,0.));
#11725=CARTESIAN_POINT('',(0.495,0.,0.));
#11726=CARTESIAN_POINT('',(0.495,0.,0.164));
#11727=CARTESIAN_POINT('',(-0.02,0.,0.189));
#11728=CARTESIAN_POINT('',(0.495,0.,0.));
#11729=CARTESIAN_POINT('',(0.495,0.,-0.164));
#11730=CARTESIAN_POINT('',(0.02,0.,-0.189));
#11731=CARTESIAN_POINT('',(-0.6365,0.405,0.178));
#11732=CARTESIAN_POINT('',(-0.6365,0.405,0.178));
#11733=CARTESIAN_POINT('',(-0.6365,0.025,0.178));
#11734=CARTESIAN_POINT('',(-0.6365,0.405,0.178));
#11735=CARTESIAN_POINT('',(-0.6365,0.025,0.178));
#11736=CARTESIAN_POINT('',(-0.6365,0.405,0.178));
#11737=CARTESIAN_POINT('',(-0.6365,0.405,0.178));
#11738=CARTESIAN_POINT('',(-0.6365,0.025,0.178));
#11739=CARTESIAN_POINT('',(-0.1025,0.025,0.178));
#11740=CARTESIAN_POINT('',(-0.1025,0.405,0.178));
#11741=CARTESIAN_POINT('',(-0.1025,0.405,0.178));
#11742=CARTESIAN_POINT('',(-0.6365,0.405,0.178));
#11743=CARTESIAN_POINT('',(-0.1025,0.405,-0.178));
#11744=CARTESIAN_POINT('',(-0.1025,0.025,-0.178));
#11745=CARTESIAN_POINT('',(-0.1025,0.405,-0.178));
#11746=CARTESIAN_POINT('',(-0.1025,0.405,-0.178));
#11747=CARTESIAN_POINT('',(-0.1025,0.405,-0.178));
#11748=CARTESIAN_POINT('',(-0.1025,0.025,-0.178));
#11749=CARTESIAN_POINT('',(-0.1025,0.405,-0.178));
#11750=CARTESIAN_POINT('',(-0.1025,0.405,-0.178));
#11751=CARTESIAN_POINT('',(-0.1025,0.405,-0.178));
#11752=CARTESIAN_POINT('',(-0.1025,0.405,-0.178));
#11753=CARTESIAN_POINT('',(-0.1025,0.025,-0.178));
#11754=CARTESIAN_POINT('',(-0.1025,0.025,-0.178));
#11755=CARTESIAN_POINT('',(0.102499999999999,0.405,0.178));
#11756=CARTESIAN_POINT('',(0.102499999999999,0.405,0.178));
#11757=CARTESIAN_POINT('',(0.102499999999999,0.405,0.178));
#11758=CARTESIAN_POINT('',(0.102499999999999,0.405,0.178));
#11759=CARTESIAN_POINT('',(0.102499999999999,0.025,0.178));
#11760=CARTESIAN_POINT('',(0.102499999999999,0.025,0.178));
#11761=CARTESIAN_POINT('',(0.102499999999999,0.405,0.178));
#11762=CARTESIAN_POINT('',(0.102499999999999,0.025,0.178));
#11763=CARTESIAN_POINT('',(0.102499999999999,0.405,0.178));
#11764=CARTESIAN_POINT('',(0.102499999999999,0.405,0.178));
#11765=CARTESIAN_POINT('',(0.102499999999999,0.025,0.178));
#11766=CARTESIAN_POINT('',(0.102499999999999,0.405,0.178));
#11767=CARTESIAN_POINT('',(0.102499999999999,0.405,0.178));
#11768=CARTESIAN_POINT('',(0.102499999999999,0.025,0.178));
#11769=CARTESIAN_POINT('',(0.6365,0.025,0.178));
#11770=CARTESIAN_POINT('',(0.6365,0.405,0.178));
#11771=CARTESIAN_POINT('',(0.6365,0.405,0.178));
#11772=CARTESIAN_POINT('',(0.102499999999999,0.405,0.178));
#11773=CARTESIAN_POINT('',(0.6365,0.405,-0.178));
#11774=CARTESIAN_POINT('',(0.6365,0.025,-0.178));
#11775=CARTESIAN_POINT('',(0.102499999999999,0.025,-0.178));
#11776=CARTESIAN_POINT('',(0.102499999999999,0.405,-0.178));
#11777=CARTESIAN_POINT('',(0.102499999999999,0.405,-0.178));
#11778=CARTESIAN_POINT('',(0.6365,0.405,-0.178));
#11779=CARTESIAN_POINT('',(0.6365,0.405,-0.178));
#11780=CARTESIAN_POINT('',(0.6365,0.405,-0.178));
#11781=CARTESIAN_POINT('',(0.6365,0.025,-0.178));
#11782=CARTESIAN_POINT('',(0.6365,0.405,-0.178));
#11783=CARTESIAN_POINT('',(0.6365,0.405,-0.178));
#11784=CARTESIAN_POINT('',(0.6365,0.025,-0.178));
#11785=CARTESIAN_POINT('',(0.6365,0.405,-0.178));
#11786=CARTESIAN_POINT('',(0.6365,0.405,-0.178));
#11787=CARTESIAN_POINT('',(0.6365,0.405,-0.178));
#11788=CARTESIAN_POINT('',(0.6365,0.405,-0.178));
#11789=CARTESIAN_POINT('',(0.6365,0.025,-0.178));
#11790=CARTESIAN_POINT('',(0.6365,0.025,-0.178));
#11791=CARTESIAN_POINT('',(0.,0.025,0.));
#11792=CARTESIAN_POINT('',(-0.6365,0.025,-0.178));
#11793=CARTESIAN_POINT('',(-0.6365,0.025,-0.178));
#11794=CARTESIAN_POINT('',(-0.1025,0.025,-0.178));
#11795=CARTESIAN_POINT('',(0.6865,0.025,-0.164));
#11796=CARTESIAN_POINT('',(0.6865,0.025,-0.164));
#11797=CARTESIAN_POINT('',(0.6865,0.025,-0.164));
#11798=CARTESIAN_POINT('',(-0.1025,0.025,-0.189));
#11799=CARTESIAN_POINT('',(-0.1025,0.025,-0.189));
#11800=CARTESIAN_POINT('',(0.102499999999999,0.025,-0.189));
#11801=CARTESIAN_POINT('',(0.6865,0.025,-0.164));
#11802=CARTESIAN_POINT('',(0.102499999999999,0.025,-0.189));
#11803=CARTESIAN_POINT('',(0.102499999999999,0.025,-0.189));
#11804=CARTESIAN_POINT('',(0.102499999999999,0.025,-0.178));
#11805=CARTESIAN_POINT('',(0.6865,0.025,-0.164));
#11806=CARTESIAN_POINT('',(0.6865,0.025,-0.164));
#11807=CARTESIAN_POINT('',(0.6865,0.025,-0.164));
#11808=CARTESIAN_POINT('',(0.6365,0.025,-0.212));
#11809=CARTESIAN_POINT('',(1.6,0.025,-0.189));
#11810=CARTESIAN_POINT('',(0.6365,0.025,0.212));
#11811=CARTESIAN_POINT('',(0.6365,0.025,0.212));
#11812=CARTESIAN_POINT('',(0.6365,0.025,0.178));
#11813=CARTESIAN_POINT('',(0.6865,0.025,0.164));
#11814=CARTESIAN_POINT('',(0.6865,0.025,0.164));
#11815=CARTESIAN_POINT('',(0.6865,0.025,0.164));
#11816=CARTESIAN_POINT('',(0.102499999999999,0.025,0.189));
#11817=CARTESIAN_POINT('',(0.102499999999999,0.025,0.189));
#11818=CARTESIAN_POINT('',(-0.1025,0.025,0.189));
#11819=CARTESIAN_POINT('',(0.6865,0.025,0.164));
#11820=CARTESIAN_POINT('',(-0.1025,0.025,0.189));
#11821=CARTESIAN_POINT('',(-0.1025,0.025,0.189));
#11822=CARTESIAN_POINT('',(-0.1025,0.025,0.178));
#11823=CARTESIAN_POINT('',(0.6865,0.025,0.164));
#11824=CARTESIAN_POINT('',(0.6865,0.025,0.164));
#11825=CARTESIAN_POINT('',(0.6865,0.025,0.164));
#11826=CARTESIAN_POINT('',(-0.6365,0.025,0.178));
#11827=CARTESIAN_POINT('',(-0.6365,0.025,0.178));
#11828=CARTESIAN_POINT('',(-0.6365,0.025,0.212));
#11829=CARTESIAN_POINT('',(-0.6365,0.025,0.212));
#11830=CARTESIAN_POINT('',(-0.9015,0.025,0.212));
#11831=CARTESIAN_POINT('',(1.6,0.025,-0.189));
#11832=CARTESIAN_POINT('',(-0.6365,0.405,0.178));
#11833=CARTESIAN_POINT('',(-0.6365,0.405,0.178));
#11834=CARTESIAN_POINT('',(-0.6365,0.405,0.178));
#11835=CARTESIAN_POINT('',(-0.6365,0.405,0.178));
#11836=CARTESIAN_POINT('',(-0.1025,0.405,-0.178));
#11837=CARTESIAN_POINT('',(-0.6365,0.405,-0.178));
#11838=CARTESIAN_POINT('',(-0.6365,0.405,-0.178));
#11839=CARTESIAN_POINT('',(-0.1025,0.405,-0.178));
#11840=CARTESIAN_POINT('',(0.,0.405,0.));
#11841=CARTESIAN_POINT('',(-0.34,0.405,-0.155));
#11842=CARTESIAN_POINT('',(-0.34,0.405,-0.155));
#11843=CARTESIAN_POINT('',(-0.485,0.405,-0.155));
#11844=CARTESIAN_POINT('',(-0.34,0.405,-0.01));
#11845=CARTESIAN_POINT('',(-0.34,0.405,-0.01));
#11846=CARTESIAN_POINT('',(-0.485,0.405,-0.01));
#11847=CARTESIAN_POINT('',(-0.485,0.405,-0.01));
#11848=CARTESIAN_POINT('',(-0.485,0.405,-0.155));
#11849=CARTESIAN_POINT('',(-0.175,0.405,0.01));
#11850=CARTESIAN_POINT('',(-0.175,0.405,0.01));
#11851=CARTESIAN_POINT('',(-0.32,0.405,0.01));
#11852=CARTESIAN_POINT('',(-0.175,0.405,0.155));
#11853=CARTESIAN_POINT('',(-0.175,0.405,0.155));
#11854=CARTESIAN_POINT('',(-0.32,0.405,0.155));
#11855=CARTESIAN_POINT('',(-0.32,0.405,0.155));
#11856=CARTESIAN_POINT('',(-0.32,0.405,0.01));
#11857=CARTESIAN_POINT('',(-0.175,0.405,-0.155));
#11858=CARTESIAN_POINT('',(-0.175,0.405,-0.155));
#11859=CARTESIAN_POINT('',(-0.32,0.405,-0.155));
#11860=CARTESIAN_POINT('',(-0.175,0.405,-0.01));
#11861=CARTESIAN_POINT('',(-0.175,0.405,-0.01));
#11862=CARTESIAN_POINT('',(-0.32,0.405,-0.01));
#11863=CARTESIAN_POINT('',(-0.32,0.405,-0.01));
#11864=CARTESIAN_POINT('',(-0.32,0.405,-0.155));
#11865=CARTESIAN_POINT('',(-0.00999999999999996,0.405,0.01));
#11866=CARTESIAN_POINT('',(-0.00999999999999996,0.405,0.01));
#11867=CARTESIAN_POINT('',(-0.155,0.405,0.01));
#11868=CARTESIAN_POINT('',(-0.00999999999999996,0.405,0.155));
#11869=CARTESIAN_POINT('',(-0.00999999999999996,0.405,0.155));
#11870=CARTESIAN_POINT('',(-0.155,0.405,0.155));
#11871=CARTESIAN_POINT('',(-0.155,0.405,0.155));
#11872=CARTESIAN_POINT('',(-0.155,0.405,0.01));
#11873=CARTESIAN_POINT('',(-0.00999999999999996,0.405,-0.155));
#11874=CARTESIAN_POINT('',(-0.00999999999999996,0.405,-0.155));
#11875=CARTESIAN_POINT('',(-0.155,0.405,-0.155));
#11876=CARTESIAN_POINT('',(-0.00999999999999996,0.405,-0.01));
#11877=CARTESIAN_POINT('',(-0.00999999999999996,0.405,-0.01));
#11878=CARTESIAN_POINT('',(-0.155,0.405,-0.01));
#11879=CARTESIAN_POINT('',(-0.155,0.405,-0.01));
#11880=CARTESIAN_POINT('',(-0.155,0.405,-0.155));
#11881=CARTESIAN_POINT('',(0.155,0.405,0.01));
#11882=CARTESIAN_POINT('',(0.155,0.405,0.01));
#11883=CARTESIAN_POINT('',(0.0100000000000001,0.405,0.01));
#11884=CARTESIAN_POINT('',(0.155,0.405,0.155));
#11885=CARTESIAN_POINT('',(0.155,0.405,0.155));
#11886=CARTESIAN_POINT('',(0.0100000000000001,0.405,0.155));
#11887=CARTESIAN_POINT('',(0.0100000000000001,0.405,0.155));
#11888=CARTESIAN_POINT('',(0.0100000000000001,0.405,0.01));
#11889=CARTESIAN_POINT('',(0.155,0.405,-0.155));
#11890=CARTESIAN_POINT('',(0.155,0.405,-0.155));
#11891=CARTESIAN_POINT('',(0.0100000000000001,0.405,-0.155));
#11892=CARTESIAN_POINT('',(0.155,0.405,-0.01));
#11893=CARTESIAN_POINT('',(0.155,0.405,-0.01));
#11894=CARTESIAN_POINT('',(0.0100000000000001,0.405,-0.01));
#11895=CARTESIAN_POINT('',(0.0100000000000001,0.405,-0.01));
#11896=CARTESIAN_POINT('',(0.0100000000000001,0.405,-0.155));
#11897=CARTESIAN_POINT('',(0.32,0.405,0.01));
#11898=CARTESIAN_POINT('',(0.32,0.405,0.01));
#11899=CARTESIAN_POINT('',(0.175,0.405,0.01));
#11900=CARTESIAN_POINT('',(0.32,0.405,0.155));
#11901=CARTESIAN_POINT('',(0.32,0.405,0.155));
#11902=CARTESIAN_POINT('',(0.175,0.405,0.155));
#11903=CARTESIAN_POINT('',(0.175,0.405,0.155));
#11904=CARTESIAN_POINT('',(0.175,0.405,0.01));
#11905=CARTESIAN_POINT('',(0.32,0.405,-0.155));
#11906=CARTESIAN_POINT('',(0.32,0.405,-0.155));
#11907=CARTESIAN_POINT('',(0.175,0.405,-0.155));
#11908=CARTESIAN_POINT('',(0.32,0.405,-0.01));
#11909=CARTESIAN_POINT('',(0.32,0.405,-0.01));
#11910=CARTESIAN_POINT('',(0.175,0.405,-0.01));
#11911=CARTESIAN_POINT('',(0.175,0.405,-0.01));
#11912=CARTESIAN_POINT('',(0.175,0.405,-0.155));
#11913=CARTESIAN_POINT('',(0.485,0.405,0.01));
#11914=CARTESIAN_POINT('',(0.485,0.405,0.01));
#11915=CARTESIAN_POINT('',(0.34,0.405,0.01));
#11916=CARTESIAN_POINT('',(0.485,0.405,0.155));
#11917=CARTESIAN_POINT('',(0.485,0.405,0.155));
#11918=CARTESIAN_POINT('',(0.34,0.405,0.155));
#11919=CARTESIAN_POINT('',(0.34,0.405,0.155));
#11920=CARTESIAN_POINT('',(0.34,0.405,0.01));
#11921=CARTESIAN_POINT('',(0.485,0.405,-0.155));
#11922=CARTESIAN_POINT('',(0.485,0.405,-0.155));
#11923=CARTESIAN_POINT('',(0.34,0.405,-0.155));
#11924=CARTESIAN_POINT('',(0.485,0.405,-0.01));
#11925=CARTESIAN_POINT('',(0.485,0.405,-0.01));
#11926=CARTESIAN_POINT('',(0.34,0.405,-0.01));
#11927=CARTESIAN_POINT('',(0.34,0.405,-0.01));
#11928=CARTESIAN_POINT('',(0.34,0.405,-0.155));
#11929=CARTESIAN_POINT('',(-0.34,0.405,0.01));
#11930=CARTESIAN_POINT('',(-0.34,0.405,0.01));
#11931=CARTESIAN_POINT('',(-0.485,0.405,0.01));
#11932=CARTESIAN_POINT('',(-0.34,0.405,0.155));
#11933=CARTESIAN_POINT('',(-0.34,0.405,0.155));
#11934=CARTESIAN_POINT('',(-0.485,0.405,0.155));
#11935=CARTESIAN_POINT('',(-0.485,0.405,0.155));
#11936=CARTESIAN_POINT('',(-0.485,0.405,0.01));
#11937=CARTESIAN_POINT('',(0.50475,0.405,-0.155));
#11938=CARTESIAN_POINT('',(0.50475,0.405,-0.155));
#11939=CARTESIAN_POINT('',(0.50475,0.405,-0.01));
#11940=CARTESIAN_POINT('',(0.62975,0.405,-0.155));
#11941=CARTESIAN_POINT('',(0.62975,0.405,-0.155));
#11942=CARTESIAN_POINT('',(0.66975,0.405,-0.115));
#11943=CARTESIAN_POINT('',(0.66975,0.405,-0.115));
#11944=CARTESIAN_POINT('',(0.66975,0.405,-0.05));
#11945=CARTESIAN_POINT('',(0.66975,0.405,-0.05));
#11946=CARTESIAN_POINT('',(0.62975,0.405,-0.01));
#11947=CARTESIAN_POINT('',(0.62975,0.405,-0.01));
#11948=CARTESIAN_POINT('',(0.50475,0.405,-0.01));
#11949=CARTESIAN_POINT('',(-0.62975,0.405,-0.155));
#11950=CARTESIAN_POINT('',(-0.62975,0.405,-0.155));
#11951=CARTESIAN_POINT('',(-0.66975,0.405,-0.115));
#11952=CARTESIAN_POINT('',(-0.50475,0.405,-0.155));
#11953=CARTESIAN_POINT('',(-0.50475,0.405,-0.155));
#11954=CARTESIAN_POINT('',(-0.50475,0.405,-0.01));
#11955=CARTESIAN_POINT('',(-0.50475,0.405,-0.01));
#11956=CARTESIAN_POINT('',(-0.62975,0.405,-0.01));
#11957=CARTESIAN_POINT('',(-0.62975,0.405,-0.01));
#11958=CARTESIAN_POINT('',(-0.66975,0.405,-0.05));
#11959=CARTESIAN_POINT('',(-0.66975,0.405,-0.05));
#11960=CARTESIAN_POINT('',(-0.66975,0.405,-0.115));
#11961=CARTESIAN_POINT('',(0.54475,0.405,0.01));
#11962=CARTESIAN_POINT('',(0.54475,0.405,0.01));
#11963=CARTESIAN_POINT('',(0.50475,0.405,0.05));
#11964=CARTESIAN_POINT('',(0.66975,0.405,0.01));
#11965=CARTESIAN_POINT('',(0.66975,0.405,0.01));
#11966=CARTESIAN_POINT('',(0.66975,0.405,0.155));
#11967=CARTESIAN_POINT('',(0.66975,0.405,0.155));
#11968=CARTESIAN_POINT('',(0.50475,0.405,0.155));
#11969=CARTESIAN_POINT('',(0.50475,0.405,0.155));
#11970=CARTESIAN_POINT('',(0.50475,0.405,0.05));
#11971=CARTESIAN_POINT('',(-0.54475,0.405,0.01));
#11972=CARTESIAN_POINT('',(-0.54475,0.405,0.01));
#11973=CARTESIAN_POINT('',(-0.66975,0.405,0.01));
#11974=CARTESIAN_POINT('',(-0.50475,0.405,0.05));
#11975=CARTESIAN_POINT('',(-0.50475,0.405,0.0499999999999999));
#11976=CARTESIAN_POINT('',(-0.50475,0.405,0.155));
#11977=CARTESIAN_POINT('',(-0.50475,0.405,0.155));
#11978=CARTESIAN_POINT('',(-0.66975,0.405,0.155));
#11979=CARTESIAN_POINT('',(-0.66975,0.405,0.155));
#11980=CARTESIAN_POINT('',(-0.66975,0.405,0.01));
#11981=CARTESIAN_POINT('',(0.102499999999999,0.405,-0.178));
#11982=CARTESIAN_POINT('',(0.102499999999999,0.405,-0.189));
#11983=CARTESIAN_POINT('',(0.102499999999999,0.405,-0.189));
#11984=CARTESIAN_POINT('',(-0.1025,0.405,-0.189));
#11985=CARTESIAN_POINT('',(-0.1025,0.405,-0.189));
#11986=CARTESIAN_POINT('',(-0.31,0.405,-0.189));
#11987=CARTESIAN_POINT('',(-0.475,0.405,-0.189));
#11988=CARTESIAN_POINT('',(-0.6365,0.405,-0.178));
#11989=CARTESIAN_POINT('',(-0.9015,0.405,0.212));
#11990=CARTESIAN_POINT('',(-0.6365,0.405,0.212));
#11991=CARTESIAN_POINT('',(-0.6365,0.405,0.212));
#11992=CARTESIAN_POINT('',(-0.515,0.405,0.189));
#11993=CARTESIAN_POINT('',(-0.35,0.405,0.189));
#11994=CARTESIAN_POINT('',(-0.185,0.405,0.189));
#11995=CARTESIAN_POINT('',(-0.1025,0.405,0.178));
#11996=CARTESIAN_POINT('',(-0.1025,0.405,0.188999995322188));
#11997=CARTESIAN_POINT('',(-0.1025,0.405,0.189));
#11998=CARTESIAN_POINT('',(0.102499999999999,0.405,0.189));
#11999=CARTESIAN_POINT('',(0.102499999999999,0.405,0.189));
#12000=CARTESIAN_POINT('',(0.145,0.405,0.189));
#12001=CARTESIAN_POINT('',(0.31,0.405,0.189));
#12002=CARTESIAN_POINT('',(0.475,0.405,0.189));
#12003=CARTESIAN_POINT('',(0.6365,0.405,0.178));
#12004=CARTESIAN_POINT('',(0.6365,0.405,0.212));
#12005=CARTESIAN_POINT('',(0.6365,0.405,0.212));
#12006=CARTESIAN_POINT('',(0.6365,0.405,-0.212));
#12007=CARTESIAN_POINT('',(0.515,0.405,-0.189));
#12008=CARTESIAN_POINT('',(0.35,0.405,-0.189));
#12009=CARTESIAN_POINT('',(0.7,0.405,-0.03));
#12010=CARTESIAN_POINT('',(0.7,0.405,-0.03));
#12011=CARTESIAN_POINT('',(0.7,0.405,0.03));
#12012=CARTESIAN_POINT('',(0.725,0.405,-0.0299999999999999));
#12013=CARTESIAN_POINT('',(0.725,0.405,-0.055));
#12014=CARTESIAN_POINT('',(0.835,0.405,-0.055));
#12015=CARTESIAN_POINT('',(0.835,0.405,-0.055));
#12016=CARTESIAN_POINT('',(0.835,0.405,-0.0300000000000001));
#12017=CARTESIAN_POINT('',(0.86,0.405,-0.03));
#12018=CARTESIAN_POINT('',(0.86,0.405,0.03));
#12019=CARTESIAN_POINT('',(0.86,0.405,0.03));
#12020=CARTESIAN_POINT('',(0.835,0.405,0.0300000000000001));
#12021=CARTESIAN_POINT('',(0.835,0.405,0.055));
#12022=CARTESIAN_POINT('',(0.725,0.405,0.055));
#12023=CARTESIAN_POINT('',(0.725,0.405,0.0549999999999999));
#12024=CARTESIAN_POINT('',(0.725,0.405,0.0299999999999999));
#12025=CARTESIAN_POINT('',(-0.78,0.405,0.));
#12026=CARTESIAN_POINT('',(-0.78,0.405,-0.0925));
#12027=CARTESIAN_POINT('',(-0.1025,0.405,0.189));
#12028=CARTESIAN_POINT('',(0.102499999999999,0.405,0.189));
#12029=CARTESIAN_POINT('',(0.1025,0.295,0.189));
#12030=CARTESIAN_POINT('',(-0.1025,0.295,0.189));
#12031=CARTESIAN_POINT('',(-0.1025,0.295,0.189));
#12032=CARTESIAN_POINT('',(-0.1025,0.405,0.189));
#12033=CARTESIAN_POINT('',(-0.9015,0.405,0.212));
#12034=CARTESIAN_POINT('',(-0.6365,0.405,0.212));
#12035=CARTESIAN_POINT('',(-0.6365,0.405,0.212));
#12036=CARTESIAN_POINT('',(-0.1025,0.405,0.178));
#12037=CARTESIAN_POINT('',(-0.1025,0.295,0.239));
#12038=CARTESIAN_POINT('',(-0.1025,0.295,0.239));
#12039=CARTESIAN_POINT('',(-0.1025,0.33,0.239));
#12040=CARTESIAN_POINT('',(-0.1025,0.33,0.239));
#12041=CARTESIAN_POINT('',(-0.1025,0.405,0.188999995322188));
#12042=CARTESIAN_POINT('',(0.102499999999999,0.405,0.189));
#12043=CARTESIAN_POINT('',(0.1025,0.405,0.188999995322188));
#12044=CARTESIAN_POINT('',(0.1025,0.33,0.239));
#12045=CARTESIAN_POINT('',(0.1025,0.33,0.239));
#12046=CARTESIAN_POINT('',(0.1025,0.295,0.239));
#12047=CARTESIAN_POINT('',(0.1025,0.295,0.239));
#12048=CARTESIAN_POINT('',(0.6365,0.405,0.178));
#12049=CARTESIAN_POINT('',(0.6365,0.405,0.212));
#12050=CARTESIAN_POINT('',(0.6365,0.405,0.212));
#12051=CARTESIAN_POINT('',(0.6365,0.405,-0.212));
#12052=CARTESIAN_POINT('',(0.102499999999999,0.405,-0.178));
#12053=CARTESIAN_POINT('',(0.102499999999999,0.405,-0.189));
#12054=CARTESIAN_POINT('',(0.102499999999999,0.405,-0.189));
#12055=CARTESIAN_POINT('',(-0.1025,0.405,-0.189));
#12056=CARTESIAN_POINT('',(-0.1025,0.405,-0.189));
#12057=CARTESIAN_POINT('',(-0.6365,0.405,-0.178));
#12058=CARTESIAN_POINT('',(0.1025,0.295,0.239));
#12059=CARTESIAN_POINT('',(0.1025,0.295,0.239));
#12060=CARTESIAN_POINT('',(0.1025,0.33,0.239));
#12061=CARTESIAN_POINT('',(0.1025,0.33,0.239));
#12062=CARTESIAN_POINT('',(0.1025,0.405,0.188999995322188));
#12063=CARTESIAN_POINT('',(-0.78,0.405,0.));
#12064=CARTESIAN_POINT('',(-0.78,0.38,0.));
#12065=CARTESIAN_POINT('',(-0.78,0.38,-0.0675));
#12066=CARTESIAN_POINT('',(-0.78,0.,0.));
#12067=CARTESIAN_POINT('',(0.725,0.405,-0.0299999999999999));
#12068=CARTESIAN_POINT('',(0.725,0.405,-0.055));
#12069=CARTESIAN_POINT('',(0.7,0.405,-0.03));
#12070=CARTESIAN_POINT('',(0.7,0.405,-0.03));
#12071=CARTESIAN_POINT('',(0.7,0.405,0.03));
#12072=CARTESIAN_POINT('',(0.725,0.405,0.0299999999999999));
#12073=CARTESIAN_POINT('',(0.725,0.405,0.0549999999999999));
#12074=CARTESIAN_POINT('',(0.725,0.405,0.055));
#12075=CARTESIAN_POINT('',(0.835,0.405,0.055));
#12076=CARTESIAN_POINT('',(0.835,0.405,0.0300000000000001));
#12077=CARTESIAN_POINT('',(0.86,0.405,0.03));
#12078=CARTESIAN_POINT('',(0.86,0.405,0.03));
#12079=CARTESIAN_POINT('',(0.86,0.405,-0.03));
#12080=CARTESIAN_POINT('',(0.835,0.405,-0.0300000000000001));
#12081=CARTESIAN_POINT('',(0.835,0.405,-0.0549999999999999));
#12082=CARTESIAN_POINT('',(0.835,0.405,-0.055));
#12083=CARTESIAN_POINT('',(-0.515,0.405,0.189));
#12084=CARTESIAN_POINT('',(-0.475,0.405,-0.189));
#12085=CARTESIAN_POINT('',(0.475,0.405,0.189));
#12086=CARTESIAN_POINT('',(0.515,0.405,-0.189));
#12087=CARTESIAN_POINT('',(0.31,0.405,0.189));
#12088=CARTESIAN_POINT('',(0.35,0.405,-0.189));
#12089=CARTESIAN_POINT('',(0.145,0.405,0.189));
#12090=CARTESIAN_POINT('',(-0.185,0.405,0.189));
#12091=CARTESIAN_POINT('',(-0.35,0.405,0.189));
#12092=CARTESIAN_POINT('',(-0.31,0.405,-0.189));
#12093=CARTESIAN_POINT('',(0.6865,-0.005,-0.164));
#12094=CARTESIAN_POINT('',(0.6865,0.025,0.164));
#12095=CARTESIAN_POINT('',(0.6865,-0.005,-0.164));
#12096=CARTESIAN_POINT('',(0.6865,0.025,0.164));
#12097=CARTESIAN_POINT('',(0.6865,-0.005,-0.164));
#12098=CARTESIAN_POINT('',(0.6865,0.025,0.164));
#12099=CARTESIAN_POINT('',(0.6865,-0.005,-0.164));
#12100=CARTESIAN_POINT('',(0.6865,0.025,0.164));
#12101=CARTESIAN_POINT('',(0.6865,-0.005,-0.164));
#12102=CARTESIAN_POINT('',(0.6865,0.025,0.164));
#12103=CARTESIAN_POINT('',(0.6865,-0.005,-0.164));
#12104=CARTESIAN_POINT('',(0.6865,0.025,0.164));
#12105=CARTESIAN_POINT('',(0.6865,0.025,0.164));
#12106=CARTESIAN_POINT('',(0.6865,-0.005,-0.164));
#12107=CARTESIAN_POINT('',(1.6,0.025,-0.289));
#12108=CARTESIAN_POINT('',(1.6,0.025,-0.189));
#12109=CARTESIAN_POINT('',(1.6,0.025,-0.189));
#12110=CARTESIAN_POINT('',(1.6,0.025,-0.289));
#12111=CARTESIAN_POINT('',(1.6,0.025,-0.189));
#12112=CARTESIAN_POINT('',(1.6,0.025,-0.189));
#12113=CARTESIAN_POINT('',(1.6,0.025,-0.189));
#12114=CARTESIAN_POINT('',(1.6,0.025,-0.189));
#12115=CARTESIAN_POINT('',(-0.54475,0.12,0.01));
#12116=CARTESIAN_POINT('',(-0.66975,0.12,0.01));
#12117=CARTESIAN_POINT('',(-0.66975,0.12,0.01));
#12118=CARTESIAN_POINT('',(-0.54475,0.12,0.01));
#12119=CARTESIAN_POINT('',(-0.54475,0.12,0.01));
#12120=CARTESIAN_POINT('',(-0.54475,0.12,0.01));
#12121=CARTESIAN_POINT('',(-0.66975,0.12,0.01));
#12122=CARTESIAN_POINT('',(-0.66975,0.12,0.155));
#12123=CARTESIAN_POINT('',(-0.66975,0.12,0.155));
#12124=CARTESIAN_POINT('',(-0.66975,0.12,0.01));
#12125=CARTESIAN_POINT('',(-0.66975,0.12,0.155));
#12126=CARTESIAN_POINT('',(-0.50475,0.12,0.155));
#12127=CARTESIAN_POINT('',(-0.50475,0.12,0.155));
#12128=CARTESIAN_POINT('',(-0.66975,0.12,0.155));
#12129=CARTESIAN_POINT('',(-0.50475,0.12,0.155));
#12130=CARTESIAN_POINT('',(-0.50475,0.12,0.05));
#12131=CARTESIAN_POINT('',(-0.50475,0.12,0.05));
#12132=CARTESIAN_POINT('',(-0.50475,0.12,0.155));
#12133=CARTESIAN_POINT('',(-0.50475,0.12,0.05));
#12134=CARTESIAN_POINT('',(-0.50475,0.12,0.05));
#12135=CARTESIAN_POINT('',(0.,0.12,0.));
#12136=CARTESIAN_POINT('',(0.54475,0.12,0.01));
#12137=CARTESIAN_POINT('',(0.50475,0.12,0.05));
#12138=CARTESIAN_POINT('',(0.50475,0.12,0.05));
#12139=CARTESIAN_POINT('',(0.54475,0.12,0.01));
#12140=CARTESIAN_POINT('',(0.54475,0.12,0.01));
#12141=CARTESIAN_POINT('',(0.54475,0.12,0.01));
#12142=CARTESIAN_POINT('',(0.50475,0.12,0.05));
#12143=CARTESIAN_POINT('',(0.50475,0.12,0.155));
#12144=CARTESIAN_POINT('',(0.50475,0.12,0.155));
#12145=CARTESIAN_POINT('',(0.50475,0.12,0.05));
#12146=CARTESIAN_POINT('',(0.50475,0.12,0.155));
#12147=CARTESIAN_POINT('',(0.66975,0.12,0.155));
#12148=CARTESIAN_POINT('',(0.66975,0.12,0.155));
#12149=CARTESIAN_POINT('',(0.50475,0.12,0.155));
#12150=CARTESIAN_POINT('',(0.66975,0.12,0.155));
#12151=CARTESIAN_POINT('',(0.66975,0.12,0.01));
#12152=CARTESIAN_POINT('',(0.66975,0.12,0.01));
#12153=CARTESIAN_POINT('',(0.66975,0.12,0.155));
#12154=CARTESIAN_POINT('',(0.66975,0.12,0.01));
#12155=CARTESIAN_POINT('',(0.66975,0.12,0.01));
#12156=CARTESIAN_POINT('',(0.,0.12,0.));
#12157=CARTESIAN_POINT('',(-0.62975,0.12,-0.155));
#12158=CARTESIAN_POINT('',(-0.66975,0.12,-0.115));
#12159=CARTESIAN_POINT('',(-0.66975,0.12,-0.115));
#12160=CARTESIAN_POINT('',(-0.62975,0.12,-0.155));
#12161=CARTESIAN_POINT('',(-0.62975,0.12,-0.155));
#12162=CARTESIAN_POINT('',(-0.62975,0.12,-0.155));
#12163=CARTESIAN_POINT('',(-0.66975,0.12,-0.115));
#12164=CARTESIAN_POINT('',(-0.66975,0.12,-0.05));
#12165=CARTESIAN_POINT('',(-0.66975,0.12,-0.05));
#12166=CARTESIAN_POINT('',(-0.66975,0.12,-0.115));
#12167=CARTESIAN_POINT('',(-0.66975,0.12,-0.05));
#12168=CARTESIAN_POINT('',(-0.62975,0.12,-0.01));
#12169=CARTESIAN_POINT('',(-0.62975,0.12,-0.01));
#12170=CARTESIAN_POINT('',(-0.66975,0.12,-0.05));
#12171=CARTESIAN_POINT('',(-0.62975,0.12,-0.01));
#12172=CARTESIAN_POINT('',(-0.50475,0.12,-0.01));
#12173=CARTESIAN_POINT('',(-0.50475,0.12,-0.01));
#12174=CARTESIAN_POINT('',(-0.62975,0.12,-0.01));
#12175=CARTESIAN_POINT('',(-0.50475,0.12,-0.01));
#12176=CARTESIAN_POINT('',(-0.50475,0.12,-0.155));
#12177=CARTESIAN_POINT('',(-0.50475,0.12,-0.155));
#12178=CARTESIAN_POINT('',(-0.50475,0.12,-0.01));
#12179=CARTESIAN_POINT('',(-0.50475,0.12,-0.155));
#12180=CARTESIAN_POINT('',(-0.50475,0.12,-0.155));
#12181=CARTESIAN_POINT('',(0.,0.12,0.));
#12182=CARTESIAN_POINT('',(0.50475,0.12,-0.155));
#12183=CARTESIAN_POINT('',(0.50475,0.12,-0.01));
#12184=CARTESIAN_POINT('',(0.50475,0.12,-0.01));
#12185=CARTESIAN_POINT('',(0.50475,0.12,-0.155));
#12186=CARTESIAN_POINT('',(0.50475,0.12,-0.155));
#12187=CARTESIAN_POINT('',(0.50475,0.12,-0.155));
#12188=CARTESIAN_POINT('',(0.50475,0.12,-0.01));
#12189=CARTESIAN_POINT('',(0.62975,0.12,-0.01));
#12190=CARTESIAN_POINT('',(0.62975,0.12,-0.01));
#12191=CARTESIAN_POINT('',(0.50475,0.12,-0.01));
#12192=CARTESIAN_POINT('',(0.62975,0.12,-0.01));
#12193=CARTESIAN_POINT('',(0.66975,0.12,-0.05));
#12194=CARTESIAN_POINT('',(0.66975,0.12,-0.05));
#12195=CARTESIAN_POINT('',(0.62975,0.12,-0.01));
#12196=CARTESIAN_POINT('',(0.66975,0.12,-0.05));
#12197=CARTESIAN_POINT('',(0.66975,0.12,-0.115));
#12198=CARTESIAN_POINT('',(0.66975,0.12,-0.115));
#12199=CARTESIAN_POINT('',(0.66975,0.12,-0.05));
#12200=CARTESIAN_POINT('',(0.66975,0.12,-0.115));
#12201=CARTESIAN_POINT('',(0.62975,0.12,-0.155));
#12202=CARTESIAN_POINT('',(0.62975,0.12,-0.155));
#12203=CARTESIAN_POINT('',(0.66975,0.12,-0.115));
#12204=CARTESIAN_POINT('',(0.62975,0.12,-0.155));
#12205=CARTESIAN_POINT('',(0.62975,0.12,-0.155));
#12206=CARTESIAN_POINT('',(0.,0.12,0.));
#12207=CARTESIAN_POINT('',(-0.34,0.12,0.01));
#12208=CARTESIAN_POINT('',(-0.485,0.12,0.01));
#12209=CARTESIAN_POINT('',(-0.485,0.12,0.01));
#12210=CARTESIAN_POINT('',(-0.34,0.12,0.01));
#12211=CARTESIAN_POINT('',(-0.34,0.12,0.01));
#12212=CARTESIAN_POINT('',(-0.34,0.12,0.01));
#12213=CARTESIAN_POINT('',(-0.485,0.12,0.01));
#12214=CARTESIAN_POINT('',(-0.485,0.12,0.155));
#12215=CARTESIAN_POINT('',(-0.485,0.12,0.155));
#12216=CARTESIAN_POINT('',(-0.485,0.12,0.01));
#12217=CARTESIAN_POINT('',(-0.485,0.12,0.155));
#12218=CARTESIAN_POINT('',(-0.34,0.12,0.155));
#12219=CARTESIAN_POINT('',(-0.34,0.12,0.155));
#12220=CARTESIAN_POINT('',(-0.485,0.12,0.155));
#12221=CARTESIAN_POINT('',(-0.34,0.12,0.155));
#12222=CARTESIAN_POINT('',(-0.34,0.12,0.155));
#12223=CARTESIAN_POINT('',(0.,0.12,0.));
#12224=CARTESIAN_POINT('',(0.485,0.12,-0.155));
#12225=CARTESIAN_POINT('',(0.34,0.12,-0.155));
#12226=CARTESIAN_POINT('',(0.34,0.12,-0.155));
#12227=CARTESIAN_POINT('',(0.485,0.12,-0.155));
#12228=CARTESIAN_POINT('',(0.485,0.12,-0.155));
#12229=CARTESIAN_POINT('',(0.485,0.12,-0.155));
#12230=CARTESIAN_POINT('',(0.34,0.12,-0.155));
#12231=CARTESIAN_POINT('',(0.34,0.12,-0.01));
#12232=CARTESIAN_POINT('',(0.34,0.12,-0.01));
#12233=CARTESIAN_POINT('',(0.34,0.12,-0.155));
#12234=CARTESIAN_POINT('',(0.34,0.12,-0.01));
#12235=CARTESIAN_POINT('',(0.485,0.12,-0.01));
#12236=CARTESIAN_POINT('',(0.485,0.12,-0.01));
#12237=CARTESIAN_POINT('',(0.34,0.12,-0.01));
#12238=CARTESIAN_POINT('',(0.485,0.12,-0.01));
#12239=CARTESIAN_POINT('',(0.485,0.12,-0.01));
#12240=CARTESIAN_POINT('',(0.825,0.12,-0.165));
#12241=CARTESIAN_POINT('',(0.485,0.12,0.01));
#12242=CARTESIAN_POINT('',(0.34,0.12,0.01));
#12243=CARTESIAN_POINT('',(0.34,0.12,0.01));
#12244=CARTESIAN_POINT('',(0.485,0.12,0.01));
#12245=CARTESIAN_POINT('',(0.485,0.12,0.01));
#12246=CARTESIAN_POINT('',(0.485,0.12,0.01));
#12247=CARTESIAN_POINT('',(0.34,0.12,0.01));
#12248=CARTESIAN_POINT('',(0.34,0.12,0.155));
#12249=CARTESIAN_POINT('',(0.34,0.12,0.155));
#12250=CARTESIAN_POINT('',(0.34,0.12,0.01));
#12251=CARTESIAN_POINT('',(0.34,0.12,0.155));
#12252=CARTESIAN_POINT('',(0.485,0.12,0.155));
#12253=CARTESIAN_POINT('',(0.485,0.12,0.155));
#12254=CARTESIAN_POINT('',(0.34,0.12,0.155));
#12255=CARTESIAN_POINT('',(0.485,0.12,0.155));
#12256=CARTESIAN_POINT('',(0.485,0.12,0.155));
#12257=CARTESIAN_POINT('',(0.825,0.12,0.));
#12258=CARTESIAN_POINT('',(0.32,0.12,-0.155));
#12259=CARTESIAN_POINT('',(0.175,0.12,-0.155));
#12260=CARTESIAN_POINT('',(0.175,0.12,-0.155));
#12261=CARTESIAN_POINT('',(0.32,0.12,-0.155));
#12262=CARTESIAN_POINT('',(0.32,0.12,-0.155));
#12263=CARTESIAN_POINT('',(0.32,0.12,-0.155));
#12264=CARTESIAN_POINT('',(0.175,0.12,-0.155));
#12265=CARTESIAN_POINT('',(0.175,0.12,-0.01));
#12266=CARTESIAN_POINT('',(0.175,0.12,-0.01));
#12267=CARTESIAN_POINT('',(0.175,0.12,-0.155));
#12268=CARTESIAN_POINT('',(0.175,0.12,-0.01));
#12269=CARTESIAN_POINT('',(0.32,0.12,-0.01));
#12270=CARTESIAN_POINT('',(0.32,0.12,-0.01));
#12271=CARTESIAN_POINT('',(0.175,0.12,-0.01));
#12272=CARTESIAN_POINT('',(0.32,0.12,-0.01));
#12273=CARTESIAN_POINT('',(0.32,0.12,-0.01));
#12274=CARTESIAN_POINT('',(0.66,0.12,-0.165));
#12275=CARTESIAN_POINT('',(0.32,0.12,0.01));
#12276=CARTESIAN_POINT('',(0.175,0.12,0.01));
#12277=CARTESIAN_POINT('',(0.175,0.12,0.01));
#12278=CARTESIAN_POINT('',(0.32,0.12,0.01));
#12279=CARTESIAN_POINT('',(0.32,0.12,0.01));
#12280=CARTESIAN_POINT('',(0.32,0.12,0.01));
#12281=CARTESIAN_POINT('',(0.175,0.12,0.01));
#12282=CARTESIAN_POINT('',(0.175,0.12,0.155));
#12283=CARTESIAN_POINT('',(0.175,0.12,0.155));
#12284=CARTESIAN_POINT('',(0.175,0.12,0.01));
#12285=CARTESIAN_POINT('',(0.175,0.12,0.155));
#12286=CARTESIAN_POINT('',(0.32,0.12,0.155));
#12287=CARTESIAN_POINT('',(0.32,0.12,0.155));
#12288=CARTESIAN_POINT('',(0.175,0.12,0.155));
#12289=CARTESIAN_POINT('',(0.32,0.12,0.155));
#12290=CARTESIAN_POINT('',(0.32,0.12,0.155));
#12291=CARTESIAN_POINT('',(0.66,0.12,0.));
#12292=CARTESIAN_POINT('',(0.155,0.12,-0.155));
#12293=CARTESIAN_POINT('',(0.0100000000000001,0.12,-0.155));
#12294=CARTESIAN_POINT('',(0.0100000000000001,0.12,-0.155));
#12295=CARTESIAN_POINT('',(0.155,0.12,-0.155));
#12296=CARTESIAN_POINT('',(0.155,0.12,-0.155));
#12297=CARTESIAN_POINT('',(0.155,0.12,-0.155));
#12298=CARTESIAN_POINT('',(0.0100000000000001,0.12,-0.155));
#12299=CARTESIAN_POINT('',(0.0100000000000001,0.12,-0.01));
#12300=CARTESIAN_POINT('',(0.0100000000000001,0.12,-0.01));
#12301=CARTESIAN_POINT('',(0.0100000000000001,0.12,-0.155));
#12302=CARTESIAN_POINT('',(0.0100000000000001,0.12,-0.01));
#12303=CARTESIAN_POINT('',(0.155,0.12,-0.01));
#12304=CARTESIAN_POINT('',(0.155,0.12,-0.01));
#12305=CARTESIAN_POINT('',(0.0100000000000001,0.12,-0.01));
#12306=CARTESIAN_POINT('',(0.155,0.12,-0.01));
#12307=CARTESIAN_POINT('',(0.155,0.12,-0.01));
#12308=CARTESIAN_POINT('',(0.495,0.12,-0.165));
#12309=CARTESIAN_POINT('',(0.155,0.12,0.01));
#12310=CARTESIAN_POINT('',(0.0100000000000001,0.12,0.01));
#12311=CARTESIAN_POINT('',(0.0100000000000001,0.12,0.01));
#12312=CARTESIAN_POINT('',(0.155,0.12,0.01));
#12313=CARTESIAN_POINT('',(0.155,0.12,0.01));
#12314=CARTESIAN_POINT('',(0.155,0.12,0.01));
#12315=CARTESIAN_POINT('',(0.0100000000000001,0.12,0.01));
#12316=CARTESIAN_POINT('',(0.0100000000000001,0.12,0.155));
#12317=CARTESIAN_POINT('',(0.0100000000000001,0.12,0.155));
#12318=CARTESIAN_POINT('',(0.0100000000000001,0.12,0.01));
#12319=CARTESIAN_POINT('',(0.0100000000000001,0.12,0.155));
#12320=CARTESIAN_POINT('',(0.155,0.12,0.155));
#12321=CARTESIAN_POINT('',(0.155,0.12,0.155));
#12322=CARTESIAN_POINT('',(0.0100000000000001,0.12,0.155));
#12323=CARTESIAN_POINT('',(0.155,0.12,0.155));
#12324=CARTESIAN_POINT('',(0.155,0.12,0.155));
#12325=CARTESIAN_POINT('',(0.495,0.12,0.));
#12326=CARTESIAN_POINT('',(-0.00999999999999996,0.12,-0.155));
#12327=CARTESIAN_POINT('',(-0.155,0.12,-0.155));
#12328=CARTESIAN_POINT('',(-0.155,0.12,-0.155));
#12329=CARTESIAN_POINT('',(-0.00999999999999996,0.12,-0.155));
#12330=CARTESIAN_POINT('',(-0.00999999999999996,0.12,-0.155));
#12331=CARTESIAN_POINT('',(-0.00999999999999996,0.12,-0.155));
#12332=CARTESIAN_POINT('',(-0.155,0.12,-0.155));
#12333=CARTESIAN_POINT('',(-0.155,0.12,-0.01));
#12334=CARTESIAN_POINT('',(-0.155,0.12,-0.01));
#12335=CARTESIAN_POINT('',(-0.155,0.12,-0.155));
#12336=CARTESIAN_POINT('',(-0.155,0.12,-0.01));
#12337=CARTESIAN_POINT('',(-0.00999999999999996,0.12,-0.01));
#12338=CARTESIAN_POINT('',(-0.00999999999999996,0.12,-0.01));
#12339=CARTESIAN_POINT('',(-0.155,0.12,-0.01));
#12340=CARTESIAN_POINT('',(-0.00999999999999996,0.12,-0.01));
#12341=CARTESIAN_POINT('',(-0.00999999999999996,0.12,-0.01));
#12342=CARTESIAN_POINT('',(0.33,0.12,-0.165));
#12343=CARTESIAN_POINT('',(-0.00999999999999996,0.12,0.01));
#12344=CARTESIAN_POINT('',(-0.155,0.12,0.01));
#12345=CARTESIAN_POINT('',(-0.155,0.12,0.01));
#12346=CARTESIAN_POINT('',(-0.00999999999999996,0.12,0.01));
#12347=CARTESIAN_POINT('',(-0.00999999999999996,0.12,0.01));
#12348=CARTESIAN_POINT('',(-0.00999999999999996,0.12,0.01));
#12349=CARTESIAN_POINT('',(-0.155,0.12,0.01));
#12350=CARTESIAN_POINT('',(-0.155,0.12,0.155));
#12351=CARTESIAN_POINT('',(-0.155,0.12,0.155));
#12352=CARTESIAN_POINT('',(-0.155,0.12,0.01));
#12353=CARTESIAN_POINT('',(-0.155,0.12,0.155));
#12354=CARTESIAN_POINT('',(-0.00999999999999996,0.12,0.155));
#12355=CARTESIAN_POINT('',(-0.00999999999999996,0.12,0.155));
#12356=CARTESIAN_POINT('',(-0.155,0.12,0.155));
#12357=CARTESIAN_POINT('',(-0.00999999999999996,0.12,0.155));
#12358=CARTESIAN_POINT('',(-0.00999999999999996,0.12,0.155));
#12359=CARTESIAN_POINT('',(0.33,0.12,0.));
#12360=CARTESIAN_POINT('',(-0.175,0.12,-0.155));
#12361=CARTESIAN_POINT('',(-0.32,0.12,-0.155));
#12362=CARTESIAN_POINT('',(-0.32,0.12,-0.155));
#12363=CARTESIAN_POINT('',(-0.175,0.12,-0.155));
#12364=CARTESIAN_POINT('',(-0.175,0.12,-0.155));
#12365=CARTESIAN_POINT('',(-0.175,0.12,-0.155));
#12366=CARTESIAN_POINT('',(-0.32,0.12,-0.155));
#12367=CARTESIAN_POINT('',(-0.32,0.12,-0.01));
#12368=CARTESIAN_POINT('',(-0.32,0.12,-0.01));
#12369=CARTESIAN_POINT('',(-0.32,0.12,-0.155));
#12370=CARTESIAN_POINT('',(-0.32,0.12,-0.01));
#12371=CARTESIAN_POINT('',(-0.175,0.12,-0.01));
#12372=CARTESIAN_POINT('',(-0.175,0.12,-0.01));
#12373=CARTESIAN_POINT('',(-0.32,0.12,-0.01));
#12374=CARTESIAN_POINT('',(-0.175,0.12,-0.01));
#12375=CARTESIAN_POINT('',(-0.175,0.12,-0.01));
#12376=CARTESIAN_POINT('',(0.165,0.12,-0.165));
#12377=CARTESIAN_POINT('',(-0.175,0.12,0.01));
#12378=CARTESIAN_POINT('',(-0.32,0.12,0.01));
#12379=CARTESIAN_POINT('',(-0.32,0.12,0.01));
#12380=CARTESIAN_POINT('',(-0.175,0.12,0.01));
#12381=CARTESIAN_POINT('',(-0.175,0.12,0.01));
#12382=CARTESIAN_POINT('',(-0.175,0.12,0.01));
#12383=CARTESIAN_POINT('',(-0.32,0.12,0.01));
#12384=CARTESIAN_POINT('',(-0.32,0.12,0.155));
#12385=CARTESIAN_POINT('',(-0.32,0.12,0.155));
#12386=CARTESIAN_POINT('',(-0.32,0.12,0.01));
#12387=CARTESIAN_POINT('',(-0.32,0.12,0.155));
#12388=CARTESIAN_POINT('',(-0.175,0.12,0.155));
#12389=CARTESIAN_POINT('',(-0.175,0.12,0.155));
#12390=CARTESIAN_POINT('',(-0.32,0.12,0.155));
#12391=CARTESIAN_POINT('',(-0.175,0.12,0.155));
#12392=CARTESIAN_POINT('',(-0.175,0.12,0.155));
#12393=CARTESIAN_POINT('',(0.165,0.12,0.));
#12394=CARTESIAN_POINT('',(-0.34,0.12,-0.155));
#12395=CARTESIAN_POINT('',(-0.485,0.12,-0.155));
#12396=CARTESIAN_POINT('',(-0.485,0.12,-0.155));
#12397=CARTESIAN_POINT('',(-0.34,0.12,-0.155));
#12398=CARTESIAN_POINT('',(-0.34,0.12,-0.155));
#12399=CARTESIAN_POINT('',(-0.34,0.12,-0.155));
#12400=CARTESIAN_POINT('',(-0.485,0.12,-0.155));
#12401=CARTESIAN_POINT('',(-0.485,0.12,-0.01));
#12402=CARTESIAN_POINT('',(-0.485,0.12,-0.01));
#12403=CARTESIAN_POINT('',(-0.485,0.12,-0.155));
#12404=CARTESIAN_POINT('',(-0.485,0.12,-0.01));
#12405=CARTESIAN_POINT('',(-0.34,0.12,-0.01));
#12406=CARTESIAN_POINT('',(-0.34,0.12,-0.01));
#12407=CARTESIAN_POINT('',(-0.485,0.12,-0.01));
#12408=CARTESIAN_POINT('',(-0.34,0.12,-0.01));
#12409=CARTESIAN_POINT('',(-0.34,0.12,-0.01));
#12410=CARTESIAN_POINT('',(0.,0.12,-0.165));
#12411=CARTESIAN_POINT('',(0.,0.,0.));
#12412=CARTESIAN_POINT('',(-0.6025,0.1675,0.11));
#12413=CARTESIAN_POINT('',(-0.6025,0.1645,0.11));
#12414=CARTESIAN_POINT('',(-0.6025,0.1645,-0.11));
#12415=CARTESIAN_POINT('',(-0.6025,0.1645,0.11));
#12416=CARTESIAN_POINT('',(-0.6025,0.1675,-0.11));
#12417=CARTESIAN_POINT('',(-0.6025,0.1625,-0.11));
#12418=CARTESIAN_POINT('',(-0.6025,0.1625,0.11));
#12419=CARTESIAN_POINT('',(-0.6025,0.1625,0.11));
#12420=CARTESIAN_POINT('',(-0.6025,0.1675,0.11));
#12421=CARTESIAN_POINT('',(0.6025,0.1625,0.11));
#12422=CARTESIAN_POINT('',(0.6025,0.1645,0.11));
#12423=CARTESIAN_POINT('',(0.6025,0.1645,0.11));
#12424=CARTESIAN_POINT('',(0.6025,0.1645,-0.11));
#12425=CARTESIAN_POINT('',(0.6025,0.1625,0.11));
#12426=CARTESIAN_POINT('',(0.6025,0.1625,0.11));
#12427=CARTESIAN_POINT('',(0.6025,0.1625,0.11));
#12428=CARTESIAN_POINT('',(0.6025,0.1625,-0.11));
#12429=CARTESIAN_POINT('',(0.6025,0.1625,-0.11));
#12430=CARTESIAN_POINT('',(0.,0.,0.11));
#12431=CARTESIAN_POINT('',(0.,0.1645,0.11));
#12432=CARTESIAN_POINT('',(-0.6025,0.1625,0.11));
#12433=CARTESIAN_POINT('',(0.,0.,-0.11));
#12434=CARTESIAN_POINT('',(0.,0.1645,-0.11));
#12435=CARTESIAN_POINT('',(-0.6025,0.1625,-0.11));
#12436=CARTESIAN_POINT('',(0.6,0.0675,-0.15));
#12437=CARTESIAN_POINT('',(-0.555,0.0675,-0.15));
#12438=CARTESIAN_POINT('',(-0.555,0.0675,-0.06));
#12439=CARTESIAN_POINT('',(-0.555,-0.0225,-0.15));
#12440=CARTESIAN_POINT('',(0.6,0.0675000000000001,-0.06));
#12441=CARTESIAN_POINT('',(-0.6,0.0675000000000001,-0.06));
#12442=CARTESIAN_POINT('',(-0.6,0.0675,-0.15));
#12443=CARTESIAN_POINT('',(-0.6,-0.0225,-0.15));
#12444=CARTESIAN_POINT('',(0.6,-0.0225,-0.15));
#12445=CARTESIAN_POINT('',(0.6,0.0675,-0.15));
#12446=CARTESIAN_POINT('',(0.555,0.0675,-0.15));
#12447=CARTESIAN_POINT('',(0.555,-0.0225,-0.15));
#12448=CARTESIAN_POINT('',(0.555,0.0675,-0.06));
#12449=CARTESIAN_POINT('',(0.6,-0.0225,-0.15));
#12450=CARTESIAN_POINT('',(0.6,-0.0225,-0.15));
#12451=CARTESIAN_POINT('',(0.6,0.0675,-0.15));
#12452=CARTESIAN_POINT('',(0.6,0.0675000000000001,-0.06));
#12453=CARTESIAN_POINT('',(0.6,0.0675000000000001,-0.06));
#12454=CARTESIAN_POINT('',(0.6,0.0675,-0.15));
#12455=CARTESIAN_POINT('',(0.435,0.0675,-0.15));
#12456=CARTESIAN_POINT('',(0.435,0.0675,-0.06));
#12457=CARTESIAN_POINT('',(0.435,-0.0225,-0.15));
#12458=CARTESIAN_POINT('',(0.6,0.0675000000000001,-0.06));
#12459=CARTESIAN_POINT('',(0.39,0.0675,-0.06));
#12460=CARTESIAN_POINT('',(0.39,0.0675,-0.15));
#12461=CARTESIAN_POINT('',(0.39,-0.0225,-0.15));
#12462=CARTESIAN_POINT('',(0.6,-0.0225,-0.15));
#12463=CARTESIAN_POINT('',(0.6,0.0675,-0.15));
#12464=CARTESIAN_POINT('',(0.27,0.0675,-0.15));
#12465=CARTESIAN_POINT('',(0.27,0.0675,-0.06));
#12466=CARTESIAN_POINT('',(0.27,-0.0225,-0.15));
#12467=CARTESIAN_POINT('',(0.6,0.0675000000000001,-0.06));
#12468=CARTESIAN_POINT('',(0.225,0.0675,-0.06));
#12469=CARTESIAN_POINT('',(0.225,0.0675,-0.15));
#12470=CARTESIAN_POINT('',(0.225,-0.0225,-0.15));
#12471=CARTESIAN_POINT('',(0.6,-0.0225,-0.15));
#12472=CARTESIAN_POINT('',(0.6,0.0675,-0.15));
#12473=CARTESIAN_POINT('',(0.105,0.0675,-0.15));
#12474=CARTESIAN_POINT('',(0.105,0.0675,-0.06));
#12475=CARTESIAN_POINT('',(0.105,-0.0225,-0.15));
#12476=CARTESIAN_POINT('',(0.6,0.0675000000000001,-0.06));
#12477=CARTESIAN_POINT('',(0.06,0.0675,-0.06));
#12478=CARTESIAN_POINT('',(0.06,0.0675,-0.15));
#12479=CARTESIAN_POINT('',(0.06,-0.0225,-0.15));
#12480=CARTESIAN_POINT('',(0.6,-0.0225,-0.15));
#12481=CARTESIAN_POINT('',(0.6,0.0675,-0.15));
#12482=CARTESIAN_POINT('',(-0.06,0.0675,-0.15));
#12483=CARTESIAN_POINT('',(-0.06,0.0675,-0.06));
#12484=CARTESIAN_POINT('',(-0.06,-0.0225,-0.15));
#12485=CARTESIAN_POINT('',(0.6,0.0675000000000001,-0.06));
#12486=CARTESIAN_POINT('',(-0.105,0.0675,-0.06));
#12487=CARTESIAN_POINT('',(-0.105,0.0675,-0.15));
#12488=CARTESIAN_POINT('',(-0.105,-0.0225,-0.15));
#12489=CARTESIAN_POINT('',(0.6,-0.0225,-0.15));
#12490=CARTESIAN_POINT('',(0.6,0.0675,-0.15));
#12491=CARTESIAN_POINT('',(-0.225,0.0675,-0.15));
#12492=CARTESIAN_POINT('',(-0.225,0.0675,-0.06));
#12493=CARTESIAN_POINT('',(-0.225,-0.0225,-0.15));
#12494=CARTESIAN_POINT('',(0.6,0.0675000000000001,-0.06));
#12495=CARTESIAN_POINT('',(-0.27,0.0675,-0.06));
#12496=CARTESIAN_POINT('',(-0.27,0.0675,-0.15));
#12497=CARTESIAN_POINT('',(-0.27,-0.0225,-0.15));
#12498=CARTESIAN_POINT('',(0.6,-0.0225,-0.15));
#12499=CARTESIAN_POINT('',(0.6,0.0675,-0.15));
#12500=CARTESIAN_POINT('',(-0.39,0.0675,-0.15));
#12501=CARTESIAN_POINT('',(-0.39,0.0675,-0.06));
#12502=CARTESIAN_POINT('',(-0.39,-0.0225,-0.15));
#12503=CARTESIAN_POINT('',(0.6,0.0675000000000001,-0.06));
#12504=CARTESIAN_POINT('',(-0.435,0.0675,-0.06));
#12505=CARTESIAN_POINT('',(-0.435,0.0675,-0.15));
#12506=CARTESIAN_POINT('',(-0.435,-0.0225,-0.15));
#12507=CARTESIAN_POINT('',(0.6,-0.0225,-0.15));
#12508=CARTESIAN_POINT('',(0.6,-0.0225,-0.15));
#12509=CARTESIAN_POINT('',(-0.555,-0.0225,-0.15));
#12510=CARTESIAN_POINT('',(-0.555,-0.0225,-0.359));
#12511=CARTESIAN_POINT('',(-0.6,-0.0225,-0.15));
#12512=CARTESIAN_POINT('',(-0.6,-0.0225,-0.359));
#12513=CARTESIAN_POINT('',(0.6,-0.0225,-0.359));
#12514=CARTESIAN_POINT('',(0.6,-0.0225,-0.15));
#12515=CARTESIAN_POINT('',(0.555,-0.0225,-0.15));
#12516=CARTESIAN_POINT('',(0.555,-0.0225,-0.359));
#12517=CARTESIAN_POINT('',(0.6,-0.0225,-0.359));
#12518=CARTESIAN_POINT('',(0.6,-0.0225,-0.359));
#12519=CARTESIAN_POINT('',(0.6,-0.0225,-0.15));
#12520=CARTESIAN_POINT('',(0.6,-0.0225,-0.15));
#12521=CARTESIAN_POINT('',(0.435,-0.0225,-0.15));
#12522=CARTESIAN_POINT('',(0.435,-0.0225,-0.359));
#12523=CARTESIAN_POINT('',(0.39,-0.0225,-0.15));
#12524=CARTESIAN_POINT('',(0.39,-0.0225,-0.359));
#12525=CARTESIAN_POINT('',(0.6,-0.0225,-0.359));
#12526=CARTESIAN_POINT('',(0.6,-0.0225,-0.15));
#12527=CARTESIAN_POINT('',(0.27,-0.0225,-0.15));
#12528=CARTESIAN_POINT('',(0.27,-0.0225,-0.359));
#12529=CARTESIAN_POINT('',(0.225,-0.0225,-0.15));
#12530=CARTESIAN_POINT('',(0.225,-0.0225,-0.359));
#12531=CARTESIAN_POINT('',(0.6,-0.0225,-0.359));
#12532=CARTESIAN_POINT('',(0.6,-0.0225,-0.15));
#12533=CARTESIAN_POINT('',(0.105,-0.0225,-0.15));
#12534=CARTESIAN_POINT('',(0.105,-0.0225,-0.359));
#12535=CARTESIAN_POINT('',(0.06,-0.0225,-0.15));
#12536=CARTESIAN_POINT('',(0.06,-0.0225,-0.359));
#12537=CARTESIAN_POINT('',(0.6,-0.0225,-0.359));
#12538=CARTESIAN_POINT('',(0.6,-0.0225,-0.15));
#12539=CARTESIAN_POINT('',(-0.06,-0.0225,-0.15));
#12540=CARTESIAN_POINT('',(-0.06,-0.0225,-0.359));
#12541=CARTESIAN_POINT('',(-0.105,-0.0225,-0.15));
#12542=CARTESIAN_POINT('',(-0.105,-0.0225,-0.359));
#12543=CARTESIAN_POINT('',(0.6,-0.0225,-0.359));
#12544=CARTESIAN_POINT('',(0.6,-0.0225,-0.15));
#12545=CARTESIAN_POINT('',(-0.225,-0.0225,-0.15));
#12546=CARTESIAN_POINT('',(-0.225,-0.0225,-0.359));
#12547=CARTESIAN_POINT('',(-0.27,-0.0225,-0.15));
#12548=CARTESIAN_POINT('',(-0.27,-0.0225,-0.359));
#12549=CARTESIAN_POINT('',(0.6,-0.0225,-0.359));
#12550=CARTESIAN_POINT('',(0.6,-0.0225,-0.15));
#12551=CARTESIAN_POINT('',(-0.39,-0.0225,-0.15));
#12552=CARTESIAN_POINT('',(-0.39,-0.0225,-0.359));
#12553=CARTESIAN_POINT('',(-0.435,-0.0225,-0.15));
#12554=CARTESIAN_POINT('',(-0.435,-0.0225,-0.359));
#12555=CARTESIAN_POINT('',(0.6,-0.0225,-0.359));
#12556=CARTESIAN_POINT('',(0.6,-0.0225,-0.359));
#12557=CARTESIAN_POINT('',(-0.555,-0.0225,-0.359));
#12558=CARTESIAN_POINT('',(-0.555,0.0225,-0.359));
#12559=CARTESIAN_POINT('',(-0.6,-0.0225,-0.359));
#12560=CARTESIAN_POINT('',(-0.6,0.0225,-0.359));
#12561=CARTESIAN_POINT('',(0.6,0.0225,-0.359));
#12562=CARTESIAN_POINT('',(0.6,-0.0225,-0.359));
#12563=CARTESIAN_POINT('',(0.555,-0.0225,-0.359));
#12564=CARTESIAN_POINT('',(0.555,0.0225,-0.359));
#12565=CARTESIAN_POINT('',(0.6,0.0225,-0.359));
#12566=CARTESIAN_POINT('',(0.6,0.0225,-0.359));
#12567=CARTESIAN_POINT('',(0.6,-0.0225,-0.359));
#12568=CARTESIAN_POINT('',(0.6,-0.0225,-0.359));
#12569=CARTESIAN_POINT('',(0.435,-0.0225,-0.359));
#12570=CARTESIAN_POINT('',(0.435,0.0225,-0.359));
#12571=CARTESIAN_POINT('',(0.39,-0.0225,-0.359));
#12572=CARTESIAN_POINT('',(0.39,0.0225,-0.359));
#12573=CARTESIAN_POINT('',(0.6,0.0225,-0.359));
#12574=CARTESIAN_POINT('',(0.6,-0.0225,-0.359));
#12575=CARTESIAN_POINT('',(0.27,-0.0225,-0.359));
#12576=CARTESIAN_POINT('',(0.27,0.0225,-0.359));
#12577=CARTESIAN_POINT('',(0.225,-0.0225,-0.359));
#12578=CARTESIAN_POINT('',(0.225,0.0225,-0.359));
#12579=CARTESIAN_POINT('',(0.6,0.0225,-0.359));
#12580=CARTESIAN_POINT('',(0.6,-0.0225,-0.359));
#12581=CARTESIAN_POINT('',(0.105,-0.0225,-0.359));
#12582=CARTESIAN_POINT('',(0.105,0.0225,-0.359));
#12583=CARTESIAN_POINT('',(0.06,-0.0225,-0.359));
#12584=CARTESIAN_POINT('',(0.06,0.0225,-0.359));
#12585=CARTESIAN_POINT('',(0.6,0.0225,-0.359));
#12586=CARTESIAN_POINT('',(0.6,-0.0225,-0.359));
#12587=CARTESIAN_POINT('',(-0.06,-0.0225,-0.359));
#12588=CARTESIAN_POINT('',(-0.06,0.0225,-0.359));
#12589=CARTESIAN_POINT('',(-0.105,-0.0225,-0.359));
#12590=CARTESIAN_POINT('',(-0.105,0.0225,-0.359));
#12591=CARTESIAN_POINT('',(0.6,0.0225,-0.359));
#12592=CARTESIAN_POINT('',(0.6,-0.0225,-0.359));
#12593=CARTESIAN_POINT('',(-0.225,-0.0225,-0.359));
#12594=CARTESIAN_POINT('',(-0.225,0.0225,-0.359));
#12595=CARTESIAN_POINT('',(-0.27,-0.0225,-0.359));
#12596=CARTESIAN_POINT('',(-0.27,0.0225,-0.359));
#12597=CARTESIAN_POINT('',(0.6,0.0225,-0.359));
#12598=CARTESIAN_POINT('',(0.6,-0.0225,-0.359));
#12599=CARTESIAN_POINT('',(-0.39,-0.0225,-0.359));
#12600=CARTESIAN_POINT('',(-0.39,0.0225,-0.359));
#12601=CARTESIAN_POINT('',(-0.435,-0.0225,-0.359));
#12602=CARTESIAN_POINT('',(-0.435,0.0225,-0.359));
#12603=CARTESIAN_POINT('',(0.6,0.0225,-0.359));
#12604=CARTESIAN_POINT('',(0.6,0.0225,-0.359));
#12605=CARTESIAN_POINT('',(-0.555,0.0225,-0.359));
#12606=CARTESIAN_POINT('',(-0.555,0.0225,-0.15));
#12607=CARTESIAN_POINT('',(-0.6,0.0225,-0.359));
#12608=CARTESIAN_POINT('',(-0.6,0.0225,-0.15));
#12609=CARTESIAN_POINT('',(0.6,0.0225,-0.15));
#12610=CARTESIAN_POINT('',(0.6,0.0225,-0.359));
#12611=CARTESIAN_POINT('',(0.555,0.0225,-0.359));
#12612=CARTESIAN_POINT('',(0.555,0.0225,-0.15));
#12613=CARTESIAN_POINT('',(0.6,0.0225,-0.15));
#12614=CARTESIAN_POINT('',(0.6,0.0225,-0.15));
#12615=CARTESIAN_POINT('',(0.6,0.0225,-0.359));
#12616=CARTESIAN_POINT('',(0.6,0.0225,-0.359));
#12617=CARTESIAN_POINT('',(0.435,0.0225,-0.359));
#12618=CARTESIAN_POINT('',(0.435,0.0225,-0.15));
#12619=CARTESIAN_POINT('',(0.39,0.0225,-0.359));
#12620=CARTESIAN_POINT('',(0.39,0.0225,-0.15));
#12621=CARTESIAN_POINT('',(0.6,0.0225,-0.15));
#12622=CARTESIAN_POINT('',(0.6,0.0225,-0.359));
#12623=CARTESIAN_POINT('',(0.27,0.0225,-0.359));
#12624=CARTESIAN_POINT('',(0.27,0.0225,-0.15));
#12625=CARTESIAN_POINT('',(0.225,0.0225,-0.359));
#12626=CARTESIAN_POINT('',(0.225,0.0225,-0.15));
#12627=CARTESIAN_POINT('',(0.6,0.0225,-0.15));
#12628=CARTESIAN_POINT('',(0.6,0.0225,-0.359));
#12629=CARTESIAN_POINT('',(0.105,0.0225,-0.359));
#12630=CARTESIAN_POINT('',(0.105,0.0225,-0.15));
#12631=CARTESIAN_POINT('',(0.06,0.0225,-0.359));
#12632=CARTESIAN_POINT('',(0.06,0.0225,-0.15));
#12633=CARTESIAN_POINT('',(0.6,0.0225,-0.15));
#12634=CARTESIAN_POINT('',(0.6,0.0225,-0.359));
#12635=CARTESIAN_POINT('',(-0.06,0.0225,-0.359));
#12636=CARTESIAN_POINT('',(-0.06,0.0225,-0.15));
#12637=CARTESIAN_POINT('',(-0.105,0.0225,-0.359));
#12638=CARTESIAN_POINT('',(-0.105,0.0225,-0.15));
#12639=CARTESIAN_POINT('',(0.6,0.0225,-0.15));
#12640=CARTESIAN_POINT('',(0.6,0.0225,-0.359));
#12641=CARTESIAN_POINT('',(-0.225,0.0225,-0.359));
#12642=CARTESIAN_POINT('',(-0.225,0.0225,-0.15));
#12643=CARTESIAN_POINT('',(-0.27,0.0225,-0.359));
#12644=CARTESIAN_POINT('',(-0.27,0.0225,-0.15));
#12645=CARTESIAN_POINT('',(0.6,0.0225,-0.15));
#12646=CARTESIAN_POINT('',(0.6,0.0225,-0.359));
#12647=CARTESIAN_POINT('',(-0.39,0.0225,-0.359));
#12648=CARTESIAN_POINT('',(-0.39,0.0225,-0.15));
#12649=CARTESIAN_POINT('',(-0.435,0.0225,-0.359));
#12650=CARTESIAN_POINT('',(-0.435,0.0225,-0.15));
#12651=CARTESIAN_POINT('',(0.6,0.0225,-0.15));
#12652=CARTESIAN_POINT('',(0.6,0.0675,-0.15));
#12653=CARTESIAN_POINT('',(0.6,0.0675,-0.105));
#12654=CARTESIAN_POINT('',(-0.555,0.0675,-0.105));
#12655=CARTESIAN_POINT('',(-0.6,0.0675,-0.105));
#12656=CARTESIAN_POINT('',(-0.555,0.0675,-0.15));
#12657=CARTESIAN_POINT('',(-0.6,0.0675,-0.15));
#12658=CARTESIAN_POINT('',(0.6,0.0675,-0.15));
#12659=CARTESIAN_POINT('',(0.555,0.0675,-0.15));
#12660=CARTESIAN_POINT('',(0.555,0.0675,-0.105));
#12661=CARTESIAN_POINT('',(0.6,0.0675,-0.105));
#12662=CARTESIAN_POINT('',(0.6,0.0675,-0.105));
#12663=CARTESIAN_POINT('',(0.6,0.0675,-0.15));
#12664=CARTESIAN_POINT('',(0.6,0.0675,-0.15));
#12665=CARTESIAN_POINT('',(0.6,0.0675,-0.105));
#12666=CARTESIAN_POINT('',(0.435,0.0675,-0.105));
#12667=CARTESIAN_POINT('',(0.39,0.0675,-0.105));
#12668=CARTESIAN_POINT('',(0.435,0.0675,-0.15));
#12669=CARTESIAN_POINT('',(0.39,0.0675,-0.15));
#12670=CARTESIAN_POINT('',(0.6,0.0675,-0.15));
#12671=CARTESIAN_POINT('',(0.6,0.0675,-0.105));
#12672=CARTESIAN_POINT('',(0.27,0.0675,-0.105));
#12673=CARTESIAN_POINT('',(0.225,0.0675,-0.105));
#12674=CARTESIAN_POINT('',(0.27,0.0675,-0.15));
#12675=CARTESIAN_POINT('',(0.225,0.0675,-0.15));
#12676=CARTESIAN_POINT('',(0.6,0.0675,-0.15));
#12677=CARTESIAN_POINT('',(0.6,0.0675,-0.105));
#12678=CARTESIAN_POINT('',(0.105,0.0675,-0.105));
#12679=CARTESIAN_POINT('',(0.06,0.0675,-0.105));
#12680=CARTESIAN_POINT('',(0.105,0.0675,-0.15));
#12681=CARTESIAN_POINT('',(0.06,0.0675,-0.15));
#12682=CARTESIAN_POINT('',(0.6,0.0675,-0.15));
#12683=CARTESIAN_POINT('',(0.6,0.0675,-0.105));
#12684=CARTESIAN_POINT('',(-0.06,0.0675,-0.105));
#12685=CARTESIAN_POINT('',(-0.105,0.0675,-0.105));
#12686=CARTESIAN_POINT('',(-0.06,0.0675,-0.15));
#12687=CARTESIAN_POINT('',(-0.105,0.0675,-0.15));
#12688=CARTESIAN_POINT('',(0.6,0.0675,-0.15));
#12689=CARTESIAN_POINT('',(0.6,0.0675,-0.105));
#12690=CARTESIAN_POINT('',(-0.225,0.0675,-0.105));
#12691=CARTESIAN_POINT('',(-0.27,0.0675,-0.105));
#12692=CARTESIAN_POINT('',(-0.225,0.0675,-0.15));
#12693=CARTESIAN_POINT('',(-0.27,0.0675,-0.15));
#12694=CARTESIAN_POINT('',(0.6,0.0675,-0.15));
#12695=CARTESIAN_POINT('',(0.6,0.0675,-0.105));
#12696=CARTESIAN_POINT('',(-0.39,0.0675,-0.105));
#12697=CARTESIAN_POINT('',(-0.435,0.0675,-0.105));
#12698=CARTESIAN_POINT('',(-0.39,0.0675,-0.15));
#12699=CARTESIAN_POINT('',(-0.435,0.0675,-0.15));
#12700=CARTESIAN_POINT('',(0.6,0.0675,-0.105));
#12701=CARTESIAN_POINT('',(-0.555,0.0675,-0.105));
#12702=CARTESIAN_POINT('',(-0.555,0.1625,-0.105));
#12703=CARTESIAN_POINT('',(-0.6,0.0675,-0.105));
#12704=CARTESIAN_POINT('',(-0.6,0.1625,-0.105));
#12705=CARTESIAN_POINT('',(0.6,0.1625,-0.105));
#12706=CARTESIAN_POINT('',(0.6,0.0675,-0.105));
#12707=CARTESIAN_POINT('',(0.555,0.0675,-0.105));
#12708=CARTESIAN_POINT('',(0.555,0.1625,-0.105));
#12709=CARTESIAN_POINT('',(0.6,0.1625,-0.105));
#12710=CARTESIAN_POINT('',(0.6,0.1625,-0.105));
#12711=CARTESIAN_POINT('',(0.6,0.0675,-0.105));
#12712=CARTESIAN_POINT('',(0.6,0.0675,-0.105));
#12713=CARTESIAN_POINT('',(0.435,0.0675,-0.105));
#12714=CARTESIAN_POINT('',(0.435,0.1625,-0.105));
#12715=CARTESIAN_POINT('',(0.39,0.0675,-0.105));
#12716=CARTESIAN_POINT('',(0.39,0.1625,-0.105));
#12717=CARTESIAN_POINT('',(0.6,0.1625,-0.105));
#12718=CARTESIAN_POINT('',(0.6,0.0675,-0.105));
#12719=CARTESIAN_POINT('',(0.27,0.0675,-0.105));
#12720=CARTESIAN_POINT('',(0.27,0.1625,-0.105));
#12721=CARTESIAN_POINT('',(0.225,0.0675,-0.105));
#12722=CARTESIAN_POINT('',(0.225,0.1625,-0.105));
#12723=CARTESIAN_POINT('',(0.6,0.1625,-0.105));
#12724=CARTESIAN_POINT('',(0.6,0.0675,-0.105));
#12725=CARTESIAN_POINT('',(0.105,0.0675,-0.105));
#12726=CARTESIAN_POINT('',(0.105,0.1625,-0.105));
#12727=CARTESIAN_POINT('',(0.06,0.0675,-0.105));
#12728=CARTESIAN_POINT('',(0.06,0.1625,-0.105));
#12729=CARTESIAN_POINT('',(0.6,0.1625,-0.105));
#12730=CARTESIAN_POINT('',(0.6,0.0675,-0.105));
#12731=CARTESIAN_POINT('',(-0.06,0.0675,-0.105));
#12732=CARTESIAN_POINT('',(-0.06,0.1625,-0.105));
#12733=CARTESIAN_POINT('',(-0.105,0.0675,-0.105));
#12734=CARTESIAN_POINT('',(-0.105,0.1625,-0.105));
#12735=CARTESIAN_POINT('',(0.6,0.1625,-0.105));
#12736=CARTESIAN_POINT('',(0.6,0.0675,-0.105));
#12737=CARTESIAN_POINT('',(-0.225,0.0675,-0.105));
#12738=CARTESIAN_POINT('',(-0.225,0.1625,-0.105));
#12739=CARTESIAN_POINT('',(-0.27,0.0675,-0.105));
#12740=CARTESIAN_POINT('',(-0.27,0.1625,-0.105));
#12741=CARTESIAN_POINT('',(0.6,0.1625,-0.105));
#12742=CARTESIAN_POINT('',(0.6,0.0675,-0.105));
#12743=CARTESIAN_POINT('',(-0.39,0.0675,-0.105));
#12744=CARTESIAN_POINT('',(-0.39,0.1625,-0.105));
#12745=CARTESIAN_POINT('',(-0.435,0.0675,-0.105));
#12746=CARTESIAN_POINT('',(-0.435,0.1625,-0.105));
#12747=CARTESIAN_POINT('',(0.6,0.1625,-0.105));
#12748=CARTESIAN_POINT('',(0.6,0.44,-0.06));
#12749=CARTESIAN_POINT('',(-0.555,0.44,-0.06));
#12750=CARTESIAN_POINT('',(-0.555,0.1625,-0.0599999999999998));
#12751=CARTESIAN_POINT('',(0.6,0.1625,-0.06));
#12752=CARTESIAN_POINT('',(-0.6,0.1625,-0.06));
#12753=CARTESIAN_POINT('',(-0.6,0.44,-0.06));
#12754=CARTESIAN_POINT('',(0.6,0.44,-0.06));
#12755=CARTESIAN_POINT('',(0.555,0.44,-0.06));
#12756=CARTESIAN_POINT('',(0.555,0.1625,-0.0599999999999998));
#12757=CARTESIAN_POINT('',(0.6,0.44,-0.06));
#12758=CARTESIAN_POINT('',(0.6,0.1625,-0.06));
#12759=CARTESIAN_POINT('',(0.6,0.1625,-0.06));
#12760=CARTESIAN_POINT('',(0.6,0.44,-0.06));
#12761=CARTESIAN_POINT('',(0.435,0.44,-0.06));
#12762=CARTESIAN_POINT('',(0.435,0.1625,-0.06));
#12763=CARTESIAN_POINT('',(0.6,0.1625,-0.06));
#12764=CARTESIAN_POINT('',(0.39,0.1625,-0.0599999999999998));
#12765=CARTESIAN_POINT('',(0.39,0.44,-0.06));
#12766=CARTESIAN_POINT('',(0.6,0.44,-0.06));
#12767=CARTESIAN_POINT('',(0.27,0.44,-0.06));
#12768=CARTESIAN_POINT('',(0.27,0.1625,-0.06));
#12769=CARTESIAN_POINT('',(0.6,0.1625,-0.06));
#12770=CARTESIAN_POINT('',(0.225,0.1625,-0.0599999999999998));
#12771=CARTESIAN_POINT('',(0.225,0.44,-0.06));
#12772=CARTESIAN_POINT('',(0.6,0.44,-0.06));
#12773=CARTESIAN_POINT('',(0.105,0.44,-0.06));
#12774=CARTESIAN_POINT('',(0.105,0.1625,-0.06));
#12775=CARTESIAN_POINT('',(0.6,0.1625,-0.06));
#12776=CARTESIAN_POINT('',(0.06,0.1625,-0.0599999999999998));
#12777=CARTESIAN_POINT('',(0.06,0.44,-0.06));
#12778=CARTESIAN_POINT('',(0.6,0.44,-0.06));
#12779=CARTESIAN_POINT('',(-0.06,0.44,-0.06));
#12780=CARTESIAN_POINT('',(-0.06,0.1625,-0.06));
#12781=CARTESIAN_POINT('',(0.6,0.1625,-0.06));
#12782=CARTESIAN_POINT('',(-0.105,0.1625,-0.0599999999999998));
#12783=CARTESIAN_POINT('',(-0.105,0.44,-0.06));
#12784=CARTESIAN_POINT('',(0.6,0.44,-0.06));
#12785=CARTESIAN_POINT('',(-0.225,0.44,-0.06));
#12786=CARTESIAN_POINT('',(-0.225,0.1625,-0.06));
#12787=CARTESIAN_POINT('',(0.6,0.1625,-0.06));
#12788=CARTESIAN_POINT('',(-0.27,0.1625,-0.0599999999999998));
#12789=CARTESIAN_POINT('',(-0.27,0.44,-0.06));
#12790=CARTESIAN_POINT('',(0.6,0.44,-0.06));
#12791=CARTESIAN_POINT('',(-0.39,0.44,-0.06));
#12792=CARTESIAN_POINT('',(-0.39,0.1625,-0.06));
#12793=CARTESIAN_POINT('',(0.6,0.1625,-0.06));
#12794=CARTESIAN_POINT('',(-0.435,0.1625,-0.06));
#12795=CARTESIAN_POINT('',(-0.435,0.44,-0.06));
#12796=CARTESIAN_POINT('',(0.6,-0.1495,0.015));
#12797=CARTESIAN_POINT('',(-0.555,-0.1495,0.015));
#12798=CARTESIAN_POINT('',(-0.555,-0.1495,0.105));
#12799=CARTESIAN_POINT('',(-0.555,-0.2395,0.015));
#12800=CARTESIAN_POINT('',(0.6,-0.1495,0.105));
#12801=CARTESIAN_POINT('',(-0.6,-0.1495,0.105));
#12802=CARTESIAN_POINT('',(-0.6,-0.1495,0.015));
#12803=CARTESIAN_POINT('',(-0.6,-0.2395,0.015));
#12804=CARTESIAN_POINT('',(0.6,-0.2395,0.015));
#12805=CARTESIAN_POINT('',(0.6,-0.1495,0.015));
#12806=CARTESIAN_POINT('',(0.555,-0.1495,0.015));
#12807=CARTESIAN_POINT('',(0.555,-0.2395,0.015));
#12808=CARTESIAN_POINT('',(0.555,-0.1495,0.105));
#12809=CARTESIAN_POINT('',(0.6,-0.2395,0.015));
#12810=CARTESIAN_POINT('',(0.6,-0.2395,0.015));
#12811=CARTESIAN_POINT('',(0.6,-0.1495,0.015));
#12812=CARTESIAN_POINT('',(0.6,-0.1495,0.105));
#12813=CARTESIAN_POINT('',(0.6,-0.1495,0.105));
#12814=CARTESIAN_POINT('',(0.6,-0.1495,0.015));
#12815=CARTESIAN_POINT('',(0.435,-0.1495,0.015));
#12816=CARTESIAN_POINT('',(0.435,-0.1495,0.105));
#12817=CARTESIAN_POINT('',(0.435,-0.2395,0.015));
#12818=CARTESIAN_POINT('',(0.6,-0.1495,0.105));
#12819=CARTESIAN_POINT('',(0.39,-0.1495,0.105));
#12820=CARTESIAN_POINT('',(0.39,-0.1495,0.015));
#12821=CARTESIAN_POINT('',(0.39,-0.2395,0.015));
#12822=CARTESIAN_POINT('',(0.6,-0.2395,0.015));
#12823=CARTESIAN_POINT('',(0.6,-0.1495,0.015));
#12824=CARTESIAN_POINT('',(0.27,-0.1495,0.015));
#12825=CARTESIAN_POINT('',(0.27,-0.1495,0.105));
#12826=CARTESIAN_POINT('',(0.27,-0.2395,0.015));
#12827=CARTESIAN_POINT('',(0.6,-0.1495,0.105));
#12828=CARTESIAN_POINT('',(0.225,-0.1495,0.105));
#12829=CARTESIAN_POINT('',(0.225,-0.1495,0.015));
#12830=CARTESIAN_POINT('',(0.225,-0.2395,0.015));
#12831=CARTESIAN_POINT('',(0.6,-0.2395,0.015));
#12832=CARTESIAN_POINT('',(0.6,-0.1495,0.015));
#12833=CARTESIAN_POINT('',(0.105,-0.1495,0.015));
#12834=CARTESIAN_POINT('',(0.105,-0.1495,0.105));
#12835=CARTESIAN_POINT('',(0.105,-0.2395,0.015));
#12836=CARTESIAN_POINT('',(0.6,-0.1495,0.105));
#12837=CARTESIAN_POINT('',(0.06,-0.1495,0.105));
#12838=CARTESIAN_POINT('',(0.06,-0.1495,0.015));
#12839=CARTESIAN_POINT('',(0.06,-0.2395,0.015));
#12840=CARTESIAN_POINT('',(0.6,-0.2395,0.015));
#12841=CARTESIAN_POINT('',(0.6,-0.1495,0.015));
#12842=CARTESIAN_POINT('',(-0.06,-0.1495,0.015));
#12843=CARTESIAN_POINT('',(-0.06,-0.1495,0.105));
#12844=CARTESIAN_POINT('',(-0.06,-0.2395,0.015));
#12845=CARTESIAN_POINT('',(0.6,-0.1495,0.105));
#12846=CARTESIAN_POINT('',(-0.105,-0.1495,0.105));
#12847=CARTESIAN_POINT('',(-0.105,-0.1495,0.015));
#12848=CARTESIAN_POINT('',(-0.105,-0.2395,0.015));
#12849=CARTESIAN_POINT('',(0.6,-0.2395,0.015));
#12850=CARTESIAN_POINT('',(0.6,-0.1495,0.015));
#12851=CARTESIAN_POINT('',(-0.225,-0.1495,0.015));
#12852=CARTESIAN_POINT('',(-0.225,-0.1495,0.105));
#12853=CARTESIAN_POINT('',(-0.225,-0.2395,0.015));
#12854=CARTESIAN_POINT('',(0.6,-0.1495,0.105));
#12855=CARTESIAN_POINT('',(-0.27,-0.1495,0.105));
#12856=CARTESIAN_POINT('',(-0.27,-0.1495,0.015));
#12857=CARTESIAN_POINT('',(-0.27,-0.2395,0.015));
#12858=CARTESIAN_POINT('',(0.6,-0.2395,0.015));
#12859=CARTESIAN_POINT('',(0.6,-0.1495,0.015));
#12860=CARTESIAN_POINT('',(-0.39,-0.1495,0.015));
#12861=CARTESIAN_POINT('',(-0.39,-0.1495,0.105));
#12862=CARTESIAN_POINT('',(-0.39,-0.2395,0.015));
#12863=CARTESIAN_POINT('',(0.6,-0.1495,0.105));
#12864=CARTESIAN_POINT('',(-0.435,-0.1495,0.105));
#12865=CARTESIAN_POINT('',(-0.435,-0.1495,0.015));
#12866=CARTESIAN_POINT('',(-0.435,-0.2395,0.015));
#12867=CARTESIAN_POINT('',(0.6,-0.2395,0.015));
#12868=CARTESIAN_POINT('',(0.6,-0.2395,0.015));
#12869=CARTESIAN_POINT('',(-0.555,-0.2395,0.015));
#12870=CARTESIAN_POINT('',(-0.555,-0.2395,-0.359));
#12871=CARTESIAN_POINT('',(-0.6,-0.2395,0.015));
#12872=CARTESIAN_POINT('',(-0.6,-0.2395,-0.359));
#12873=CARTESIAN_POINT('',(0.6,-0.2395,-0.359));
#12874=CARTESIAN_POINT('',(0.6,-0.2395,0.015));
#12875=CARTESIAN_POINT('',(0.555,-0.2395,0.015));
#12876=CARTESIAN_POINT('',(0.555,-0.2395,-0.359));
#12877=CARTESIAN_POINT('',(0.6,-0.2395,-0.359));
#12878=CARTESIAN_POINT('',(0.6,-0.2395,-0.359));
#12879=CARTESIAN_POINT('',(0.6,-0.2395,0.015));
#12880=CARTESIAN_POINT('',(0.6,-0.2395,0.015));
#12881=CARTESIAN_POINT('',(0.435,-0.2395,0.015));
#12882=CARTESIAN_POINT('',(0.435,-0.2395,-0.359));
#12883=CARTESIAN_POINT('',(0.39,-0.2395,0.015));
#12884=CARTESIAN_POINT('',(0.39,-0.2395,-0.359));
#12885=CARTESIAN_POINT('',(0.6,-0.2395,-0.359));
#12886=CARTESIAN_POINT('',(0.6,-0.2395,0.015));
#12887=CARTESIAN_POINT('',(0.27,-0.2395,0.015));
#12888=CARTESIAN_POINT('',(0.27,-0.2395,-0.359));
#12889=CARTESIAN_POINT('',(0.225,-0.2395,0.015));
#12890=CARTESIAN_POINT('',(0.225,-0.2395,-0.359));
#12891=CARTESIAN_POINT('',(0.6,-0.2395,-0.359));
#12892=CARTESIAN_POINT('',(0.6,-0.2395,0.015));
#12893=CARTESIAN_POINT('',(0.105,-0.2395,0.015));
#12894=CARTESIAN_POINT('',(0.105,-0.2395,-0.359));
#12895=CARTESIAN_POINT('',(0.06,-0.2395,0.015));
#12896=CARTESIAN_POINT('',(0.06,-0.2395,-0.359));
#12897=CARTESIAN_POINT('',(0.6,-0.2395,-0.359));
#12898=CARTESIAN_POINT('',(0.6,-0.2395,0.015));
#12899=CARTESIAN_POINT('',(-0.06,-0.2395,0.015));
#12900=CARTESIAN_POINT('',(-0.06,-0.2395,-0.359));
#12901=CARTESIAN_POINT('',(-0.105,-0.2395,0.015));
#12902=CARTESIAN_POINT('',(-0.105,-0.2395,-0.359));
#12903=CARTESIAN_POINT('',(0.6,-0.2395,-0.359));
#12904=CARTESIAN_POINT('',(0.6,-0.2395,0.015));
#12905=CARTESIAN_POINT('',(-0.225,-0.2395,0.015));
#12906=CARTESIAN_POINT('',(-0.225,-0.2395,-0.359));
#12907=CARTESIAN_POINT('',(-0.27,-0.2395,0.015));
#12908=CARTESIAN_POINT('',(-0.27,-0.2395,-0.359));
#12909=CARTESIAN_POINT('',(0.6,-0.2395,-0.359));
#12910=CARTESIAN_POINT('',(0.6,-0.2395,0.015));
#12911=CARTESIAN_POINT('',(-0.39,-0.2395,0.015));
#12912=CARTESIAN_POINT('',(-0.39,-0.2395,-0.359));
#12913=CARTESIAN_POINT('',(-0.435,-0.2395,0.015));
#12914=CARTESIAN_POINT('',(-0.435,-0.2395,-0.359));
#12915=CARTESIAN_POINT('',(0.6,-0.2395,-0.359));
#12916=CARTESIAN_POINT('',(0.6,-0.2395,-0.359));
#12917=CARTESIAN_POINT('',(-0.555,-0.2395,-0.359));
#12918=CARTESIAN_POINT('',(-0.555,-0.1945,-0.359));
#12919=CARTESIAN_POINT('',(-0.6,-0.2395,-0.359));
#12920=CARTESIAN_POINT('',(-0.6,-0.1945,-0.359));
#12921=CARTESIAN_POINT('',(0.6,-0.1945,-0.359));
#12922=CARTESIAN_POINT('',(0.6,-0.2395,-0.359));
#12923=CARTESIAN_POINT('',(0.555,-0.2395,-0.359));
#12924=CARTESIAN_POINT('',(0.555,-0.1945,-0.359));
#12925=CARTESIAN_POINT('',(0.6,-0.1945,-0.359));
#12926=CARTESIAN_POINT('',(0.6,-0.1945,-0.359));
#12927=CARTESIAN_POINT('',(0.6,-0.2395,-0.359));
#12928=CARTESIAN_POINT('',(0.6,-0.2395,-0.359));
#12929=CARTESIAN_POINT('',(0.435,-0.2395,-0.359));
#12930=CARTESIAN_POINT('',(0.435,-0.1945,-0.359));
#12931=CARTESIAN_POINT('',(0.39,-0.2395,-0.359));
#12932=CARTESIAN_POINT('',(0.39,-0.1945,-0.359));
#12933=CARTESIAN_POINT('',(0.6,-0.1945,-0.359));
#12934=CARTESIAN_POINT('',(0.6,-0.2395,-0.359));
#12935=CARTESIAN_POINT('',(0.27,-0.2395,-0.359));
#12936=CARTESIAN_POINT('',(0.27,-0.1945,-0.359));
#12937=CARTESIAN_POINT('',(0.225,-0.2395,-0.359));
#12938=CARTESIAN_POINT('',(0.225,-0.1945,-0.359));
#12939=CARTESIAN_POINT('',(0.6,-0.1945,-0.359));
#12940=CARTESIAN_POINT('',(0.6,-0.2395,-0.359));
#12941=CARTESIAN_POINT('',(0.105,-0.2395,-0.359));
#12942=CARTESIAN_POINT('',(0.105,-0.1945,-0.359));
#12943=CARTESIAN_POINT('',(0.06,-0.2395,-0.359));
#12944=CARTESIAN_POINT('',(0.06,-0.1945,-0.359));
#12945=CARTESIAN_POINT('',(0.6,-0.1945,-0.359));
#12946=CARTESIAN_POINT('',(0.6,-0.2395,-0.359));
#12947=CARTESIAN_POINT('',(-0.06,-0.2395,-0.359));
#12948=CARTESIAN_POINT('',(-0.06,-0.1945,-0.359));
#12949=CARTESIAN_POINT('',(-0.105,-0.2395,-0.359));
#12950=CARTESIAN_POINT('',(-0.105,-0.1945,-0.359));
#12951=CARTESIAN_POINT('',(0.6,-0.1945,-0.359));
#12952=CARTESIAN_POINT('',(0.6,-0.2395,-0.359));
#12953=CARTESIAN_POINT('',(-0.225,-0.2395,-0.359));
#12954=CARTESIAN_POINT('',(-0.225,-0.1945,-0.359));
#12955=CARTESIAN_POINT('',(-0.27,-0.2395,-0.359));
#12956=CARTESIAN_POINT('',(-0.27,-0.1945,-0.359));
#12957=CARTESIAN_POINT('',(0.6,-0.1945,-0.359));
#12958=CARTESIAN_POINT('',(0.6,-0.2395,-0.359));
#12959=CARTESIAN_POINT('',(-0.39,-0.2395,-0.359));
#12960=CARTESIAN_POINT('',(-0.39,-0.1945,-0.359));
#12961=CARTESIAN_POINT('',(-0.435,-0.2395,-0.359));
#12962=CARTESIAN_POINT('',(-0.435,-0.1945,-0.359));
#12963=CARTESIAN_POINT('',(0.6,-0.1945,-0.359));
#12964=CARTESIAN_POINT('',(0.6,-0.1945,-0.359));
#12965=CARTESIAN_POINT('',(-0.555,-0.1945,-0.359));
#12966=CARTESIAN_POINT('',(-0.555,-0.1945,0.015));
#12967=CARTESIAN_POINT('',(-0.6,-0.1945,-0.359));
#12968=CARTESIAN_POINT('',(-0.6,-0.1945,0.015));
#12969=CARTESIAN_POINT('',(0.6,-0.1945,0.015));
#12970=CARTESIAN_POINT('',(0.6,-0.1945,-0.359));
#12971=CARTESIAN_POINT('',(0.555,-0.1945,-0.359));
#12972=CARTESIAN_POINT('',(0.555,-0.1945,0.015));
#12973=CARTESIAN_POINT('',(0.6,-0.1945,0.015));
#12974=CARTESIAN_POINT('',(0.6,-0.1945,0.015));
#12975=CARTESIAN_POINT('',(0.6,-0.1945,-0.359));
#12976=CARTESIAN_POINT('',(0.6,-0.1945,-0.359));
#12977=CARTESIAN_POINT('',(0.435,-0.1945,-0.359));
#12978=CARTESIAN_POINT('',(0.435,-0.1945,0.015));
#12979=CARTESIAN_POINT('',(0.39,-0.1945,-0.359));
#12980=CARTESIAN_POINT('',(0.39,-0.1945,0.015));
#12981=CARTESIAN_POINT('',(0.6,-0.1945,0.015));
#12982=CARTESIAN_POINT('',(0.6,-0.1945,-0.359));
#12983=CARTESIAN_POINT('',(0.27,-0.1945,-0.359));
#12984=CARTESIAN_POINT('',(0.27,-0.1945,0.015));
#12985=CARTESIAN_POINT('',(0.225,-0.1945,-0.359));
#12986=CARTESIAN_POINT('',(0.225,-0.1945,0.015));
#12987=CARTESIAN_POINT('',(0.6,-0.1945,0.015));
#12988=CARTESIAN_POINT('',(0.6,-0.1945,-0.359));
#12989=CARTESIAN_POINT('',(0.105,-0.1945,-0.359));
#12990=CARTESIAN_POINT('',(0.105,-0.1945,0.015));
#12991=CARTESIAN_POINT('',(0.06,-0.1945,-0.359));
#12992=CARTESIAN_POINT('',(0.06,-0.1945,0.015));
#12993=CARTESIAN_POINT('',(0.6,-0.1945,0.015));
#12994=CARTESIAN_POINT('',(0.6,-0.1945,-0.359));
#12995=CARTESIAN_POINT('',(-0.06,-0.1945,-0.359));
#12996=CARTESIAN_POINT('',(-0.06,-0.1945,0.015));
#12997=CARTESIAN_POINT('',(-0.105,-0.1945,-0.359));
#12998=CARTESIAN_POINT('',(-0.105,-0.1945,0.015));
#12999=CARTESIAN_POINT('',(0.6,-0.1945,0.015));
#13000=CARTESIAN_POINT('',(0.6,-0.1945,-0.359));
#13001=CARTESIAN_POINT('',(-0.225,-0.1945,-0.359));
#13002=CARTESIAN_POINT('',(-0.225,-0.1945,0.015));
#13003=CARTESIAN_POINT('',(-0.27,-0.1945,-0.359));
#13004=CARTESIAN_POINT('',(-0.27,-0.1945,0.015));
#13005=CARTESIAN_POINT('',(0.6,-0.1945,0.015));
#13006=CARTESIAN_POINT('',(0.6,-0.1945,-0.359));
#13007=CARTESIAN_POINT('',(-0.39,-0.1945,-0.359));
#13008=CARTESIAN_POINT('',(-0.39,-0.1945,0.015));
#13009=CARTESIAN_POINT('',(-0.435,-0.1945,-0.359));
#13010=CARTESIAN_POINT('',(-0.435,-0.1945,0.015));
#13011=CARTESIAN_POINT('',(0.6,-0.1945,0.015));
#13012=CARTESIAN_POINT('',(0.6,-0.1495,0.015));
#13013=CARTESIAN_POINT('',(0.6,-0.1495,0.06));
#13014=CARTESIAN_POINT('',(-0.555,-0.1495,0.06));
#13015=CARTESIAN_POINT('',(-0.6,-0.1495,0.06));
#13016=CARTESIAN_POINT('',(-0.555,-0.1495,0.015));
#13017=CARTESIAN_POINT('',(-0.6,-0.1495,0.015));
#13018=CARTESIAN_POINT('',(0.6,-0.1495,0.015));
#13019=CARTESIAN_POINT('',(0.555,-0.1495,0.015));
#13020=CARTESIAN_POINT('',(0.555,-0.1495,0.06));
#13021=CARTESIAN_POINT('',(0.6,-0.1495,0.06));
#13022=CARTESIAN_POINT('',(0.6,-0.1495,0.06));
#13023=CARTESIAN_POINT('',(0.6,-0.1495,0.015));
#13024=CARTESIAN_POINT('',(0.6,-0.1495,0.015));
#13025=CARTESIAN_POINT('',(0.6,-0.1495,0.06));
#13026=CARTESIAN_POINT('',(0.435,-0.1495,0.06));
#13027=CARTESIAN_POINT('',(0.39,-0.1495,0.06));
#13028=CARTESIAN_POINT('',(0.435,-0.1495,0.015));
#13029=CARTESIAN_POINT('',(0.39,-0.1495,0.015));
#13030=CARTESIAN_POINT('',(0.6,-0.1495,0.015));
#13031=CARTESIAN_POINT('',(0.6,-0.1495,0.06));
#13032=CARTESIAN_POINT('',(0.27,-0.1495,0.06));
#13033=CARTESIAN_POINT('',(0.225,-0.1495,0.06));
#13034=CARTESIAN_POINT('',(0.27,-0.1495,0.015));
#13035=CARTESIAN_POINT('',(0.225,-0.1495,0.015));
#13036=CARTESIAN_POINT('',(0.6,-0.1495,0.015));
#13037=CARTESIAN_POINT('',(0.6,-0.1495,0.06));
#13038=CARTESIAN_POINT('',(0.105,-0.1495,0.06));
#13039=CARTESIAN_POINT('',(0.06,-0.1495,0.06));
#13040=CARTESIAN_POINT('',(0.105,-0.1495,0.015));
#13041=CARTESIAN_POINT('',(0.06,-0.1495,0.015));
#13042=CARTESIAN_POINT('',(0.6,-0.1495,0.015));
#13043=CARTESIAN_POINT('',(0.6,-0.1495,0.06));
#13044=CARTESIAN_POINT('',(-0.06,-0.1495,0.06));
#13045=CARTESIAN_POINT('',(-0.105,-0.1495,0.06));
#13046=CARTESIAN_POINT('',(-0.06,-0.1495,0.015));
#13047=CARTESIAN_POINT('',(-0.105,-0.1495,0.015));
#13048=CARTESIAN_POINT('',(0.6,-0.1495,0.015));
#13049=CARTESIAN_POINT('',(0.6,-0.1495,0.06));
#13050=CARTESIAN_POINT('',(-0.225,-0.1495,0.06));
#13051=CARTESIAN_POINT('',(-0.27,-0.1495,0.06));
#13052=CARTESIAN_POINT('',(-0.225,-0.1495,0.015));
#13053=CARTESIAN_POINT('',(-0.27,-0.1495,0.015));
#13054=CARTESIAN_POINT('',(0.6,-0.1495,0.015));
#13055=CARTESIAN_POINT('',(0.6,-0.1495,0.06));
#13056=CARTESIAN_POINT('',(-0.39,-0.1495,0.06));
#13057=CARTESIAN_POINT('',(-0.435,-0.1495,0.06));
#13058=CARTESIAN_POINT('',(-0.39,-0.1495,0.015));
#13059=CARTESIAN_POINT('',(-0.435,-0.1495,0.015));
#13060=CARTESIAN_POINT('',(0.6,-0.1495,0.06));
#13061=CARTESIAN_POINT('',(-0.555,-0.1495,0.06));
#13062=CARTESIAN_POINT('',(-0.555,0.1625,0.0600000000000002));
#13063=CARTESIAN_POINT('',(-0.6,-0.1495,0.06));
#13064=CARTESIAN_POINT('',(-0.6,0.1625,0.06));
#13065=CARTESIAN_POINT('',(-0.6025,0.1625,0.06));
#13066=CARTESIAN_POINT('',(0.6,-0.1495,0.06));
#13067=CARTESIAN_POINT('',(0.555,-0.1495,0.06));
#13068=CARTESIAN_POINT('',(0.555,0.1625,0.0600000000000002));
#13069=CARTESIAN_POINT('',(-0.6025,0.1625,0.06));
#13070=CARTESIAN_POINT('',(0.6,0.1625,0.06));
#13071=CARTESIAN_POINT('',(0.6,-0.1495,0.06));
#13072=CARTESIAN_POINT('',(0.6,-0.1495,0.06));
#13073=CARTESIAN_POINT('',(0.435,-0.1495,0.06));
#13074=CARTESIAN_POINT('',(0.435,0.1625,0.0600000000000003));
#13075=CARTESIAN_POINT('',(0.39,-0.1495,0.06));
#13076=CARTESIAN_POINT('',(0.39,0.1625,0.0600000000000002));
#13077=CARTESIAN_POINT('',(-0.6025,0.1625,0.06));
#13078=CARTESIAN_POINT('',(0.6,-0.1495,0.06));
#13079=CARTESIAN_POINT('',(0.27,-0.1495,0.06));
#13080=CARTESIAN_POINT('',(0.27,0.1625,0.0600000000000003));
#13081=CARTESIAN_POINT('',(0.225,-0.1495,0.06));
#13082=CARTESIAN_POINT('',(0.225,0.1625,0.0600000000000002));
#13083=CARTESIAN_POINT('',(-0.6025,0.1625,0.06));
#13084=CARTESIAN_POINT('',(0.6,-0.1495,0.06));
#13085=CARTESIAN_POINT('',(0.105,-0.1495,0.06));
#13086=CARTESIAN_POINT('',(0.105,0.1625,0.0600000000000003));
#13087=CARTESIAN_POINT('',(0.06,-0.1495,0.06));
#13088=CARTESIAN_POINT('',(0.06,0.1625,0.0600000000000002));
#13089=CARTESIAN_POINT('',(-0.6025,0.1625,0.06));
#13090=CARTESIAN_POINT('',(0.6,-0.1495,0.06));
#13091=CARTESIAN_POINT('',(-0.06,-0.1495,0.06));
#13092=CARTESIAN_POINT('',(-0.06,0.1625,0.0600000000000003));
#13093=CARTESIAN_POINT('',(-0.105,-0.1495,0.06));
#13094=CARTESIAN_POINT('',(-0.105,0.1625,0.0600000000000002));
#13095=CARTESIAN_POINT('',(-0.6025,0.1625,0.06));
#13096=CARTESIAN_POINT('',(0.6,-0.1495,0.06));
#13097=CARTESIAN_POINT('',(-0.225,-0.1495,0.06));
#13098=CARTESIAN_POINT('',(-0.225,0.1625,0.0600000000000003));
#13099=CARTESIAN_POINT('',(-0.27,-0.1495,0.06));
#13100=CARTESIAN_POINT('',(-0.27,0.1625,0.0600000000000002));
#13101=CARTESIAN_POINT('',(-0.6025,0.1625,0.06));
#13102=CARTESIAN_POINT('',(0.6,-0.1495,0.06));
#13103=CARTESIAN_POINT('',(-0.39,-0.1495,0.06));
#13104=CARTESIAN_POINT('',(-0.39,0.1625,0.0600000000000003));
#13105=CARTESIAN_POINT('',(-0.435,-0.1495,0.06));
#13106=CARTESIAN_POINT('',(-0.435,0.1625,0.0600000000000002));
#13107=CARTESIAN_POINT('',(-0.6025,0.1625,0.06));
#13108=CARTESIAN_POINT('',(0.6,0.41,0.105));
#13109=CARTESIAN_POINT('',(-0.555,0.41,0.105));
#13110=CARTESIAN_POINT('',(-0.555,0.1625,0.105));
#13111=CARTESIAN_POINT('',(-0.6025,0.1625,0.105));
#13112=CARTESIAN_POINT('',(-0.6,0.1625,0.105));
#13113=CARTESIAN_POINT('',(-0.6,0.41,0.105));
#13114=CARTESIAN_POINT('',(0.6,0.41,0.105));
#13115=CARTESIAN_POINT('',(0.555,0.41,0.105));
#13116=CARTESIAN_POINT('',(0.555,0.1625,0.105));
#13117=CARTESIAN_POINT('',(0.6,0.41,0.105));
#13118=CARTESIAN_POINT('',(0.6,0.1625,0.105));
#13119=CARTESIAN_POINT('',(-0.6025,0.1625,0.105));
#13120=CARTESIAN_POINT('',(0.6,0.41,0.105));
#13121=CARTESIAN_POINT('',(0.435,0.41,0.105));
#13122=CARTESIAN_POINT('',(0.435,0.1625,0.105));
#13123=CARTESIAN_POINT('',(-0.6025,0.1625,0.105));
#13124=CARTESIAN_POINT('',(0.39,0.1625,0.105));
#13125=CARTESIAN_POINT('',(0.39,0.41,0.105));
#13126=CARTESIAN_POINT('',(0.6,0.41,0.105));
#13127=CARTESIAN_POINT('',(0.27,0.41,0.105));
#13128=CARTESIAN_POINT('',(0.27,0.1625,0.105));
#13129=CARTESIAN_POINT('',(-0.6025,0.1625,0.105));
#13130=CARTESIAN_POINT('',(0.225,0.1625,0.105));
#13131=CARTESIAN_POINT('',(0.225,0.41,0.105));
#13132=CARTESIAN_POINT('',(0.6,0.41,0.105));
#13133=CARTESIAN_POINT('',(0.105,0.41,0.105));
#13134=CARTESIAN_POINT('',(0.105,0.1625,0.105));
#13135=CARTESIAN_POINT('',(-0.6025,0.1625,0.105));
#13136=CARTESIAN_POINT('',(0.06,0.1625,0.105));
#13137=CARTESIAN_POINT('',(0.06,0.41,0.105));
#13138=CARTESIAN_POINT('',(0.6,0.41,0.105));
#13139=CARTESIAN_POINT('',(-0.06,0.41,0.105));
#13140=CARTESIAN_POINT('',(-0.06,0.1625,0.105));
#13141=CARTESIAN_POINT('',(-0.6025,0.1625,0.105));
#13142=CARTESIAN_POINT('',(-0.105,0.1625,0.105));
#13143=CARTESIAN_POINT('',(-0.105,0.41,0.105));
#13144=CARTESIAN_POINT('',(0.6,0.41,0.105));
#13145=CARTESIAN_POINT('',(-0.225,0.41,0.105));
#13146=CARTESIAN_POINT('',(-0.225,0.1625,0.105));
#13147=CARTESIAN_POINT('',(-0.6025,0.1625,0.105));
#13148=CARTESIAN_POINT('',(-0.27,0.1625,0.105));
#13149=CARTESIAN_POINT('',(-0.27,0.41,0.105));
#13150=CARTESIAN_POINT('',(0.6,0.41,0.105));
#13151=CARTESIAN_POINT('',(-0.39,0.41,0.105));
#13152=CARTESIAN_POINT('',(-0.39,0.1625,0.105));
#13153=CARTESIAN_POINT('',(-0.6025,0.1625,0.105));
#13154=CARTESIAN_POINT('',(-0.435,0.1625,0.105));
#13155=CARTESIAN_POINT('',(-0.435,0.41,0.105));
#13156=CARTESIAN_POINT('',(-0.6025,0.1625,0.11));
#13157=CARTESIAN_POINT('',(-0.555,0.1625,0.6861));
#13158=CARTESIAN_POINT('',(-0.6,0.1625,0.11));
#13159=CARTESIAN_POINT('',(-0.555,0.1625,0.6861));
#13160=CARTESIAN_POINT('',(-0.6,0.1625,-0.15));
#13161=CARTESIAN_POINT('',(0.6,0.1625,0.11));
#13162=CARTESIAN_POINT('',(0.555,0.1625,0.6861));
#13163=CARTESIAN_POINT('',(0.6,0.1625,-0.15));
#13164=CARTESIAN_POINT('',(0.555,0.1625,0.6861));
#13165=CARTESIAN_POINT('',(0.435,0.1625,0.6861));
#13166=CARTESIAN_POINT('',(0.39,0.1625,0.6861));
#13167=CARTESIAN_POINT('',(0.435,0.1625,0.6861));
#13168=CARTESIAN_POINT('',(0.39,0.1625,0.6861));
#13169=CARTESIAN_POINT('',(0.27,0.1625,0.6861));
#13170=CARTESIAN_POINT('',(0.225,0.1625,0.6861));
#13171=CARTESIAN_POINT('',(0.27,0.1625,0.6861));
#13172=CARTESIAN_POINT('',(0.225,0.1625,0.6861));
#13173=CARTESIAN_POINT('',(0.105,0.1625,0.6861));
#13174=CARTESIAN_POINT('',(0.06,0.1625,0.6861));
#13175=CARTESIAN_POINT('',(0.105,0.1625,0.6861));
#13176=CARTESIAN_POINT('',(0.06,0.1625,0.6861));
#13177=CARTESIAN_POINT('',(-0.06,0.1625,0.6861));
#13178=CARTESIAN_POINT('',(-0.105,0.1625,0.6861));
#13179=CARTESIAN_POINT('',(-0.06,0.1625,0.6861));
#13180=CARTESIAN_POINT('',(-0.105,0.1625,0.6861));
#13181=CARTESIAN_POINT('',(-0.225,0.1625,0.6861));
#13182=CARTESIAN_POINT('',(-0.27,0.1625,0.6861));
#13183=CARTESIAN_POINT('',(-0.225,0.1625,0.6861));
#13184=CARTESIAN_POINT('',(-0.27,0.1625,0.6861));
#13185=CARTESIAN_POINT('',(-0.39,0.1625,0.6861));
#13186=CARTESIAN_POINT('',(-0.435,0.1625,0.6861));
#13187=CARTESIAN_POINT('',(-0.39,0.1625,0.6861));
#13188=CARTESIAN_POINT('',(-0.435,0.1625,0.6861));
#13189=CARTESIAN_POINT('',(-0.6,0.0675,-0.15));
#13190=CARTESIAN_POINT('',(0.6,0.0675,-0.15));
#13191=CARTESIAN_POINT('',(0.6,-0.1495,0.015));
#13192=CARTESIAN_POINT('',(-0.6,-0.1495,0.015));
#13193=CARTESIAN_POINT('',(-0.435,-0.6861,0.6861));
#13194=CARTESIAN_POINT('',(-0.555,0.1625,0.6861));
#13195=CARTESIAN_POINT('',(-0.39,0.1625,0.6861));
#13196=CARTESIAN_POINT('',(-0.27,-0.6861,0.6861));
#13197=CARTESIAN_POINT('',(-0.225,0.1625,0.6861));
#13198=CARTESIAN_POINT('',(-0.105,-0.6861,0.6861));
#13199=CARTESIAN_POINT('',(-0.06,0.1625,0.6861));
#13200=CARTESIAN_POINT('',(0.06,-0.6861,0.6861));
#13201=CARTESIAN_POINT('',(0.105,0.1625,0.6861));
#13202=CARTESIAN_POINT('',(0.225,-0.6861,0.6861));
#13203=CARTESIAN_POINT('',(0.27,0.1625,0.6861));
#13204=CARTESIAN_POINT('',(0.39,-0.6861,0.6861));
#13205=CARTESIAN_POINT('',(0.435,0.1625,0.6861));
#13206=CARTESIAN_POINT('',(0.555,-0.6861,0.6861));
#13207=CARTESIAN_POINT('',(-0.435,-0.6861,0.6861));
#13208=CARTESIAN_POINT('',(-0.555,0.1625,0.6861));
#13209=CARTESIAN_POINT('',(-0.39,0.1625,0.6861));
#13210=CARTESIAN_POINT('',(-0.27,-0.6861,0.6861));
#13211=CARTESIAN_POINT('',(-0.225,0.1625,0.6861));
#13212=CARTESIAN_POINT('',(-0.105,-0.6861,0.6861));
#13213=CARTESIAN_POINT('',(-0.06,0.1625,0.6861));
#13214=CARTESIAN_POINT('',(0.06,-0.6861,0.6861));
#13215=CARTESIAN_POINT('',(0.105,0.1625,0.6861));
#13216=CARTESIAN_POINT('',(0.225,-0.6861,0.6861));
#13217=CARTESIAN_POINT('',(0.27,0.1625,0.6861));
#13218=CARTESIAN_POINT('',(0.39,-0.6861,0.6861));
#13219=CARTESIAN_POINT('',(0.555,-0.6861,0.6861));
#13220=CARTESIAN_POINT('',(0.435,0.1625,0.6861));
#13221=CARTESIAN_POINT('',(1.2,0.1645,10.));
#13222=CARTESIAN_POINT('',(0.,-0.06,0.));
#13223=CARTESIAN_POINT('',(-0.6025,0.1675,0.11));
#13224=CARTESIAN_POINT('',(-0.6025,0.1645,0.11));
#13225=CARTESIAN_POINT('',(-0.6025,0.1645,0.11));
#13226=CARTESIAN_POINT('',(-0.6025,0.1645,-0.11));
#13227=CARTESIAN_POINT('',(-0.6025,0.1675,0.11));
#13228=CARTESIAN_POINT('',(-0.6025,0.1675,0.11));
#13229=CARTESIAN_POINT('',(-0.6025,0.1675,0.11));
#13230=CARTESIAN_POINT('',(-0.6025,0.1675,-0.11));
#13231=CARTESIAN_POINT('',(-0.6025,0.1675,-0.11));
#13232=CARTESIAN_POINT('',(0.6025,0.1625,0.11));
#13233=CARTESIAN_POINT('',(0.6025,0.1645,0.11));
#13234=CARTESIAN_POINT('',(0.6025,0.1645,-0.11));
#13235=CARTESIAN_POINT('',(0.6025,0.1645,0.11));
#13236=CARTESIAN_POINT('',(0.6025,0.1625,-0.11));
#13237=CARTESIAN_POINT('',(0.6025,0.1675,-0.11));
#13238=CARTESIAN_POINT('',(0.6025,0.1675,0.11));
#13239=CARTESIAN_POINT('',(0.6025,0.1675,0.11));
#13240=CARTESIAN_POINT('',(0.6025,0.1625,0.11));
#13241=CARTESIAN_POINT('',(0.,0.,0.11));
#13242=CARTESIAN_POINT('',(0.,0.1645,0.11));
#13243=CARTESIAN_POINT('',(0.6025,0.1675,0.11));
#13244=CARTESIAN_POINT('',(0.,0.,-0.11));
#13245=CARTESIAN_POINT('',(0.,0.1645,-0.11));
#13246=CARTESIAN_POINT('',(0.6025,0.1675,-0.11));
#13247=CARTESIAN_POINT('',(0.6,0.44,-0.06));
#13248=CARTESIAN_POINT('',(-0.555,0.440000000000001,-0.06));
#13249=CARTESIAN_POINT('',(-0.555,0.44,-0.06));
#13250=CARTESIAN_POINT('',(-0.555,0.1675,-0.0599999999999998));
#13251=CARTESIAN_POINT('',(0.6,0.44,-0.06));
#13252=CARTESIAN_POINT('',(-0.6,0.44,-0.06));
#13253=CARTESIAN_POINT('',(-0.6,0.44,-0.06));
#13254=CARTESIAN_POINT('',(-0.6,0.1675,-0.06));
#13255=CARTESIAN_POINT('',(0.6,0.1675,-0.06));
#13256=CARTESIAN_POINT('',(0.6,0.44,-0.06));
#13257=CARTESIAN_POINT('',(-0.435,0.44,-0.06));
#13258=CARTESIAN_POINT('',(-0.435,0.1675,-0.0599999999999998));
#13259=CARTESIAN_POINT('',(-0.435,0.44,-0.06));
#13260=CARTESIAN_POINT('',(0.6,0.1675,-0.06));
#13261=CARTESIAN_POINT('',(-0.39,0.1675,-0.0599999999999998));
#13262=CARTESIAN_POINT('',(-0.39,0.44,-0.06));
#13263=CARTESIAN_POINT('',(-0.39,0.44,-0.06));
#13264=CARTESIAN_POINT('',(0.6,0.44,-0.06));
#13265=CARTESIAN_POINT('',(0.6,0.44,-0.06));
#13266=CARTESIAN_POINT('',(-0.27,0.44,-0.06));
#13267=CARTESIAN_POINT('',(-0.27,0.1675,-0.0599999999999998));
#13268=CARTESIAN_POINT('',(-0.27,0.44,-0.06));
#13269=CARTESIAN_POINT('',(0.6,0.1675,-0.06));
#13270=CARTESIAN_POINT('',(-0.225,0.1675,-0.0599999999999998));
#13271=CARTESIAN_POINT('',(-0.225,0.44,-0.06));
#13272=CARTESIAN_POINT('',(-0.225,0.44,-0.06));
#13273=CARTESIAN_POINT('',(0.6,0.44,-0.06));
#13274=CARTESIAN_POINT('',(0.6,0.44,-0.06));
#13275=CARTESIAN_POINT('',(-0.105,0.44,-0.06));
#13276=CARTESIAN_POINT('',(-0.105,0.1675,-0.0599999999999998));
#13277=CARTESIAN_POINT('',(-0.105,0.44,-0.06));
#13278=CARTESIAN_POINT('',(0.6,0.1675,-0.06));
#13279=CARTESIAN_POINT('',(-0.06,0.1675,-0.0599999999999998));
#13280=CARTESIAN_POINT('',(-0.0599999999999998,0.44,-0.06));
#13281=CARTESIAN_POINT('',(-0.0599999999999998,0.44,-0.06));
#13282=CARTESIAN_POINT('',(0.6,0.44,-0.06));
#13283=CARTESIAN_POINT('',(0.6,0.44,-0.06));
#13284=CARTESIAN_POINT('',(0.06,0.44,-0.06));
#13285=CARTESIAN_POINT('',(0.06,0.1675,-0.0599999999999998));
#13286=CARTESIAN_POINT('',(0.0600000000000001,0.44,-0.06));
#13287=CARTESIAN_POINT('',(0.6,0.1675,-0.06));
#13288=CARTESIAN_POINT('',(0.105,0.1675,-0.0599999999999998));
#13289=CARTESIAN_POINT('',(0.105,0.44,-0.06));
#13290=CARTESIAN_POINT('',(0.105,0.44,-0.06));
#13291=CARTESIAN_POINT('',(0.6,0.44,-0.06));
#13292=CARTESIAN_POINT('',(0.6,0.44,-0.06));
#13293=CARTESIAN_POINT('',(0.225,0.44,-0.06));
#13294=CARTESIAN_POINT('',(0.225,0.1675,-0.0599999999999998));
#13295=CARTESIAN_POINT('',(0.225,0.44,-0.06));
#13296=CARTESIAN_POINT('',(0.6,0.1675,-0.06));
#13297=CARTESIAN_POINT('',(0.27,0.1675,-0.0599999999999998));
#13298=CARTESIAN_POINT('',(0.27,0.44,-0.06));
#13299=CARTESIAN_POINT('',(0.27,0.44,-0.06));
#13300=CARTESIAN_POINT('',(0.6,0.44,-0.06));
#13301=CARTESIAN_POINT('',(0.6,0.44,-0.06));
#13302=CARTESIAN_POINT('',(0.39,0.44,-0.06));
#13303=CARTESIAN_POINT('',(0.39,0.1675,-0.0599999999999998));
#13304=CARTESIAN_POINT('',(0.39,0.44,-0.06));
#13305=CARTESIAN_POINT('',(0.6,0.1675,-0.06));
#13306=CARTESIAN_POINT('',(0.435,0.1675,-0.0599999999999998));
#13307=CARTESIAN_POINT('',(0.435,0.44,-0.06));
#13308=CARTESIAN_POINT('',(0.435,0.44,-0.06));
#13309=CARTESIAN_POINT('',(0.6,0.44,-0.06));
#13310=CARTESIAN_POINT('',(0.6,0.44,-0.06));
#13311=CARTESIAN_POINT('',(0.555,0.44,-0.06));
#13312=CARTESIAN_POINT('',(0.555,0.1675,-0.0599999999999998));
#13313=CARTESIAN_POINT('',(0.555,0.44,-0.06));
#13314=CARTESIAN_POINT('',(0.6,0.1675,-0.06));
#13315=CARTESIAN_POINT('',(0.6,0.1675,-0.06));
#13316=CARTESIAN_POINT('',(0.6,0.44,-0.06));
#13317=CARTESIAN_POINT('',(0.6,0.44,-0.06));
#13318=CARTESIAN_POINT('',(0.6,0.44,-0.06));
#13319=CARTESIAN_POINT('',(0.6,0.0675,-0.105));
#13320=CARTESIAN_POINT('',(-0.555,0.0675000000000006,-0.105));
#13321=CARTESIAN_POINT('',(-0.555,0.1675,-0.105));
#13322=CARTESIAN_POINT('',(-0.555,0.44,-0.105));
#13323=CARTESIAN_POINT('',(0.6,0.1675,-0.105));
#13324=CARTESIAN_POINT('',(-0.6,0.1675,-0.105));
#13325=CARTESIAN_POINT('',(-0.6,0.0675,-0.105));
#13326=CARTESIAN_POINT('',(-0.6,0.44,-0.105));
#13327=CARTESIAN_POINT('',(0.6,0.44,-0.105));
#13328=CARTESIAN_POINT('',(0.6,0.0675,-0.105));
#13329=CARTESIAN_POINT('',(-0.435,0.0675,-0.105));
#13330=CARTESIAN_POINT('',(-0.435,0.44,-0.105));
#13331=CARTESIAN_POINT('',(-0.435,0.1675,-0.105));
#13332=CARTESIAN_POINT('',(0.6,0.44,-0.105));
#13333=CARTESIAN_POINT('',(-0.39,0.44,-0.105));
#13334=CARTESIAN_POINT('',(-0.39,0.0675,-0.105));
#13335=CARTESIAN_POINT('',(-0.39,0.1675,-0.105));
#13336=CARTESIAN_POINT('',(0.6,0.1675,-0.105));
#13337=CARTESIAN_POINT('',(0.6,0.0675,-0.105));
#13338=CARTESIAN_POINT('',(-0.27,0.0675,-0.105));
#13339=CARTESIAN_POINT('',(-0.27,0.44,-0.105));
#13340=CARTESIAN_POINT('',(-0.27,0.1675,-0.105));
#13341=CARTESIAN_POINT('',(0.6,0.44,-0.105));
#13342=CARTESIAN_POINT('',(-0.225,0.44,-0.105));
#13343=CARTESIAN_POINT('',(-0.225,0.0675,-0.105));
#13344=CARTESIAN_POINT('',(-0.225,0.1675,-0.105));
#13345=CARTESIAN_POINT('',(0.6,0.1675,-0.105));
#13346=CARTESIAN_POINT('',(0.6,0.0675,-0.105));
#13347=CARTESIAN_POINT('',(-0.105,0.0675,-0.105));
#13348=CARTESIAN_POINT('',(-0.105,0.44,-0.105));
#13349=CARTESIAN_POINT('',(-0.105,0.1675,-0.105));
#13350=CARTESIAN_POINT('',(0.6,0.44,-0.105));
#13351=CARTESIAN_POINT('',(-0.0599999999999998,0.44,-0.105));
#13352=CARTESIAN_POINT('',(-0.0599999999999998,0.0675,-0.105));
#13353=CARTESIAN_POINT('',(-0.06,0.1675,-0.105));
#13354=CARTESIAN_POINT('',(0.6,0.1675,-0.105));
#13355=CARTESIAN_POINT('',(0.6,0.0675,-0.105));
#13356=CARTESIAN_POINT('',(0.06,0.0675,-0.105));
#13357=CARTESIAN_POINT('',(0.06,0.44,-0.105));
#13358=CARTESIAN_POINT('',(0.06,0.1675,-0.105));
#13359=CARTESIAN_POINT('',(0.6,0.44,-0.105));
#13360=CARTESIAN_POINT('',(0.105,0.44,-0.105));
#13361=CARTESIAN_POINT('',(0.105,0.0675,-0.105));
#13362=CARTESIAN_POINT('',(0.105,0.1675,-0.105));
#13363=CARTESIAN_POINT('',(0.6,0.1675,-0.105));
#13364=CARTESIAN_POINT('',(0.6,0.0675,-0.105));
#13365=CARTESIAN_POINT('',(0.225,0.0675,-0.105));
#13366=CARTESIAN_POINT('',(0.225,0.44,-0.105));
#13367=CARTESIAN_POINT('',(0.225,0.1675,-0.105));
#13368=CARTESIAN_POINT('',(0.6,0.44,-0.105));
#13369=CARTESIAN_POINT('',(0.27,0.44,-0.105));
#13370=CARTESIAN_POINT('',(0.27,0.0675,-0.105));
#13371=CARTESIAN_POINT('',(0.27,0.1675,-0.105));
#13372=CARTESIAN_POINT('',(0.6,0.1675,-0.105));
#13373=CARTESIAN_POINT('',(0.6,0.0675,-0.105));
#13374=CARTESIAN_POINT('',(0.39,0.0675,-0.105));
#13375=CARTESIAN_POINT('',(0.39,0.44,-0.105));
#13376=CARTESIAN_POINT('',(0.39,0.1675,-0.105));
#13377=CARTESIAN_POINT('',(0.6,0.44,-0.105));
#13378=CARTESIAN_POINT('',(0.435,0.44,-0.105));
#13379=CARTESIAN_POINT('',(0.435,0.0675,-0.105));
#13380=CARTESIAN_POINT('',(0.435,0.1675,-0.105));
#13381=CARTESIAN_POINT('',(0.6,0.1675,-0.105));
#13382=CARTESIAN_POINT('',(0.6,0.0675,-0.105));
#13383=CARTESIAN_POINT('',(0.555,0.0675,-0.105));
#13384=CARTESIAN_POINT('',(0.555,0.44,-0.105));
#13385=CARTESIAN_POINT('',(0.555,0.1675,-0.105));
#13386=CARTESIAN_POINT('',(0.6,0.44,-0.105));
#13387=CARTESIAN_POINT('',(0.6,0.44,-0.105));
#13388=CARTESIAN_POINT('',(0.6,0.0675,-0.105));
#13389=CARTESIAN_POINT('',(0.6,0.1675,-0.105));
#13390=CARTESIAN_POINT('',(0.6,0.1675,-0.105));
#13391=CARTESIAN_POINT('',(0.6,0.44,-0.105));
#13392=CARTESIAN_POINT('',(-0.555,0.44,-0.105));
#13393=CARTESIAN_POINT('',(-0.6,0.44,-0.105));
#13394=CARTESIAN_POINT('',(0.6,0.44,-0.105));
#13395=CARTESIAN_POINT('',(-0.435,0.44,-0.105));
#13396=CARTESIAN_POINT('',(-0.39,0.44,-0.105));
#13397=CARTESIAN_POINT('',(0.6,0.44,-0.105));
#13398=CARTESIAN_POINT('',(-0.27,0.44,-0.105));
#13399=CARTESIAN_POINT('',(-0.225,0.44,-0.105));
#13400=CARTESIAN_POINT('',(0.6,0.44,-0.105));
#13401=CARTESIAN_POINT('',(-0.105,0.44,-0.105));
#13402=CARTESIAN_POINT('',(-0.0599999999999998,0.44,-0.105));
#13403=CARTESIAN_POINT('',(0.6,0.44,-0.105));
#13404=CARTESIAN_POINT('',(0.06,0.44,-0.105));
#13405=CARTESIAN_POINT('',(0.105,0.44,-0.105));
#13406=CARTESIAN_POINT('',(0.6,0.44,-0.105));
#13407=CARTESIAN_POINT('',(0.225,0.44,-0.105));
#13408=CARTESIAN_POINT('',(0.27,0.44,-0.105));
#13409=CARTESIAN_POINT('',(0.6,0.44,-0.105));
#13410=CARTESIAN_POINT('',(0.39,0.44,-0.105));
#13411=CARTESIAN_POINT('',(0.435,0.44,-0.105));
#13412=CARTESIAN_POINT('',(0.6,0.44,-0.105));
#13413=CARTESIAN_POINT('',(0.555,0.44,-0.105));
#13414=CARTESIAN_POINT('',(0.6,0.44,-0.105));
#13415=CARTESIAN_POINT('',(0.6,0.44,0.105));
#13416=CARTESIAN_POINT('',(-0.555,0.440000000000001,0.105));
#13417=CARTESIAN_POINT('',(-0.555,0.44,0.105));
#13418=CARTESIAN_POINT('',(-0.555,0.1675,0.105));
#13419=CARTESIAN_POINT('',(0.6,0.44,0.105));
#13420=CARTESIAN_POINT('',(-0.6,0.44,0.105));
#13421=CARTESIAN_POINT('',(-0.6,0.44,0.105));
#13422=CARTESIAN_POINT('',(-0.6,0.1675,0.105));
#13423=CARTESIAN_POINT('',(0.6025,0.1675,0.105));
#13424=CARTESIAN_POINT('',(0.6,0.44,0.105));
#13425=CARTESIAN_POINT('',(-0.435,0.44,0.105));
#13426=CARTESIAN_POINT('',(-0.435,0.1675,0.105));
#13427=CARTESIAN_POINT('',(-0.435,0.44,0.105));
#13428=CARTESIAN_POINT('',(0.6025,0.1675,0.105));
#13429=CARTESIAN_POINT('',(-0.39,0.1675,0.105));
#13430=CARTESIAN_POINT('',(-0.39,0.44,0.105));
#13431=CARTESIAN_POINT('',(-0.39,0.44,0.105));
#13432=CARTESIAN_POINT('',(0.6,0.44,0.105));
#13433=CARTESIAN_POINT('',(0.6,0.44,0.105));
#13434=CARTESIAN_POINT('',(-0.27,0.44,0.105));
#13435=CARTESIAN_POINT('',(-0.27,0.1675,0.105));
#13436=CARTESIAN_POINT('',(-0.27,0.44,0.105));
#13437=CARTESIAN_POINT('',(0.6025,0.1675,0.105));
#13438=CARTESIAN_POINT('',(-0.225,0.1675,0.105));
#13439=CARTESIAN_POINT('',(-0.225,0.44,0.105));
#13440=CARTESIAN_POINT('',(-0.225,0.44,0.105));
#13441=CARTESIAN_POINT('',(0.6,0.44,0.105));
#13442=CARTESIAN_POINT('',(0.6,0.44,0.105));
#13443=CARTESIAN_POINT('',(-0.105,0.44,0.105));
#13444=CARTESIAN_POINT('',(-0.105,0.1675,0.105));
#13445=CARTESIAN_POINT('',(-0.105,0.44,0.105));
#13446=CARTESIAN_POINT('',(0.6025,0.1675,0.105));
#13447=CARTESIAN_POINT('',(-0.06,0.1675,0.105));
#13448=CARTESIAN_POINT('',(-0.06,0.44,0.105));
#13449=CARTESIAN_POINT('',(-0.0599999999999998,0.44,0.105));
#13450=CARTESIAN_POINT('',(0.6,0.44,0.105));
#13451=CARTESIAN_POINT('',(0.6,0.44,0.105));
#13452=CARTESIAN_POINT('',(0.06,0.44,0.105));
#13453=CARTESIAN_POINT('',(0.06,0.1675,0.105));
#13454=CARTESIAN_POINT('',(0.0600000000000001,0.44,0.105));
#13455=CARTESIAN_POINT('',(0.6025,0.1675,0.105));
#13456=CARTESIAN_POINT('',(0.105,0.1675,0.105));
#13457=CARTESIAN_POINT('',(0.105,0.44,0.105));
#13458=CARTESIAN_POINT('',(0.105,0.44,0.105));
#13459=CARTESIAN_POINT('',(0.6,0.44,0.105));
#13460=CARTESIAN_POINT('',(0.6,0.44,0.105));
#13461=CARTESIAN_POINT('',(0.225,0.44,0.105));
#13462=CARTESIAN_POINT('',(0.225,0.1675,0.105));
#13463=CARTESIAN_POINT('',(0.225,0.44,0.105));
#13464=CARTESIAN_POINT('',(0.6025,0.1675,0.105));
#13465=CARTESIAN_POINT('',(0.27,0.1675,0.105));
#13466=CARTESIAN_POINT('',(0.27,0.44,0.105));
#13467=CARTESIAN_POINT('',(0.27,0.44,0.105));
#13468=CARTESIAN_POINT('',(0.6,0.44,0.105));
#13469=CARTESIAN_POINT('',(0.6,0.44,0.105));
#13470=CARTESIAN_POINT('',(0.39,0.44,0.105));
#13471=CARTESIAN_POINT('',(0.39,0.1675,0.105));
#13472=CARTESIAN_POINT('',(0.39,0.44,0.105));
#13473=CARTESIAN_POINT('',(0.6025,0.1675,0.105));
#13474=CARTESIAN_POINT('',(0.435,0.1675,0.105));
#13475=CARTESIAN_POINT('',(0.435,0.44,0.105));
#13476=CARTESIAN_POINT('',(0.435,0.44,0.105));
#13477=CARTESIAN_POINT('',(0.6,0.44,0.105));
#13478=CARTESIAN_POINT('',(0.6,0.44,0.105));
#13479=CARTESIAN_POINT('',(0.555,0.44,0.105));
#13480=CARTESIAN_POINT('',(0.555,0.1675,0.105));
#13481=CARTESIAN_POINT('',(0.555,0.44,0.105));
#13482=CARTESIAN_POINT('',(0.6025,0.1675,0.105));
#13483=CARTESIAN_POINT('',(0.6,0.1675,0.105));
#13484=CARTESIAN_POINT('',(0.6,0.44,0.105));
#13485=CARTESIAN_POINT('',(0.6,0.44,0.105));
#13486=CARTESIAN_POINT('',(0.6,0.44,0.105));
#13487=CARTESIAN_POINT('',(0.6,-0.1495,0.06));
#13488=CARTESIAN_POINT('',(-0.555,-0.149499999999999,0.06));
#13489=CARTESIAN_POINT('',(-0.555,0.1675,0.0600000000000003));
#13490=CARTESIAN_POINT('',(-0.555,0.44,0.06));
#13491=CARTESIAN_POINT('',(0.6025,0.1675,0.06));
#13492=CARTESIAN_POINT('',(-0.6,0.1675,0.06));
#13493=CARTESIAN_POINT('',(-0.6,-0.1495,0.06));
#13494=CARTESIAN_POINT('',(-0.6,0.44,0.06));
#13495=CARTESIAN_POINT('',(0.6,0.44,0.06));
#13496=CARTESIAN_POINT('',(0.6,-0.1495,0.06));
#13497=CARTESIAN_POINT('',(-0.435,-0.1495,0.06));
#13498=CARTESIAN_POINT('',(-0.435,0.44,0.06));
#13499=CARTESIAN_POINT('',(-0.435,0.1675,0.0600000000000003));
#13500=CARTESIAN_POINT('',(0.6,0.44,0.06));
#13501=CARTESIAN_POINT('',(-0.39,0.44,0.06));
#13502=CARTESIAN_POINT('',(-0.39,-0.1495,0.06));
#13503=CARTESIAN_POINT('',(-0.39,0.1675,0.0600000000000003));
#13504=CARTESIAN_POINT('',(0.6025,0.1675,0.06));
#13505=CARTESIAN_POINT('',(0.6,-0.1495,0.06));
#13506=CARTESIAN_POINT('',(-0.27,-0.1495,0.06));
#13507=CARTESIAN_POINT('',(-0.27,0.44,0.06));
#13508=CARTESIAN_POINT('',(-0.27,0.1675,0.0600000000000003));
#13509=CARTESIAN_POINT('',(0.6,0.44,0.06));
#13510=CARTESIAN_POINT('',(-0.225,0.44,0.06));
#13511=CARTESIAN_POINT('',(-0.225,-0.1495,0.06));
#13512=CARTESIAN_POINT('',(-0.225,0.1675,0.0600000000000003));
#13513=CARTESIAN_POINT('',(0.6025,0.1675,0.06));
#13514=CARTESIAN_POINT('',(0.6,-0.1495,0.06));
#13515=CARTESIAN_POINT('',(-0.105,-0.1495,0.06));
#13516=CARTESIAN_POINT('',(-0.105,0.44,0.06));
#13517=CARTESIAN_POINT('',(-0.105,0.1675,0.0600000000000003));
#13518=CARTESIAN_POINT('',(0.6,0.44,0.06));
#13519=CARTESIAN_POINT('',(-0.0599999999999998,0.44,0.06));
#13520=CARTESIAN_POINT('',(-0.06,-0.1495,0.06));
#13521=CARTESIAN_POINT('',(-0.06,0.1675,0.0600000000000003));
#13522=CARTESIAN_POINT('',(0.6025,0.1675,0.06));
#13523=CARTESIAN_POINT('',(0.6,-0.1495,0.06));
#13524=CARTESIAN_POINT('',(0.06,-0.1495,0.06));
#13525=CARTESIAN_POINT('',(0.06,0.44,0.06));
#13526=CARTESIAN_POINT('',(0.06,0.1675,0.0600000000000003));
#13527=CARTESIAN_POINT('',(0.6,0.44,0.06));
#13528=CARTESIAN_POINT('',(0.105,0.44,0.06));
#13529=CARTESIAN_POINT('',(0.105,-0.1495,0.06));
#13530=CARTESIAN_POINT('',(0.105,0.1675,0.0600000000000003));
#13531=CARTESIAN_POINT('',(0.6025,0.1675,0.06));
#13532=CARTESIAN_POINT('',(0.6,-0.1495,0.06));
#13533=CARTESIAN_POINT('',(0.225,-0.1495,0.06));
#13534=CARTESIAN_POINT('',(0.225,0.44,0.06));
#13535=CARTESIAN_POINT('',(0.225,0.1675,0.0600000000000003));
#13536=CARTESIAN_POINT('',(0.6,0.44,0.06));
#13537=CARTESIAN_POINT('',(0.27,0.44,0.06));
#13538=CARTESIAN_POINT('',(0.27,-0.1495,0.06));
#13539=CARTESIAN_POINT('',(0.27,0.1675,0.0600000000000003));
#13540=CARTESIAN_POINT('',(0.6025,0.1675,0.06));
#13541=CARTESIAN_POINT('',(0.6,-0.1495,0.06));
#13542=CARTESIAN_POINT('',(0.39,-0.1495,0.06));
#13543=CARTESIAN_POINT('',(0.39,0.44,0.06));
#13544=CARTESIAN_POINT('',(0.39,0.1675,0.0600000000000003));
#13545=CARTESIAN_POINT('',(0.6,0.44,0.06));
#13546=CARTESIAN_POINT('',(0.435,0.44,0.06));
#13547=CARTESIAN_POINT('',(0.435,-0.1495,0.06));
#13548=CARTESIAN_POINT('',(0.435,0.1675,0.0600000000000003));
#13549=CARTESIAN_POINT('',(0.6025,0.1675,0.06));
#13550=CARTESIAN_POINT('',(0.6,-0.1495,0.06));
#13551=CARTESIAN_POINT('',(0.555,-0.1495,0.06));
#13552=CARTESIAN_POINT('',(0.555,0.44,0.06));
#13553=CARTESIAN_POINT('',(0.555,0.1675,0.0600000000000003));
#13554=CARTESIAN_POINT('',(0.6,0.44,0.06));
#13555=CARTESIAN_POINT('',(0.6,0.44,0.06));
#13556=CARTESIAN_POINT('',(0.6,-0.1495,0.06));
#13557=CARTESIAN_POINT('',(0.6,0.1675,0.06));
#13558=CARTESIAN_POINT('',(0.6025,0.1675,0.06));
#13559=CARTESIAN_POINT('',(0.6,0.44,0.06));
#13560=CARTESIAN_POINT('',(-0.555,0.44,0.06));
#13561=CARTESIAN_POINT('',(-0.6,0.44,0.06));
#13562=CARTESIAN_POINT('',(0.6,0.44,0.06));
#13563=CARTESIAN_POINT('',(-0.435,0.44,0.06));
#13564=CARTESIAN_POINT('',(-0.39,0.44,0.06));
#13565=CARTESIAN_POINT('',(0.6,0.44,0.06));
#13566=CARTESIAN_POINT('',(-0.27,0.44,0.06));
#13567=CARTESIAN_POINT('',(-0.225,0.44,0.06));
#13568=CARTESIAN_POINT('',(0.6,0.44,0.06));
#13569=CARTESIAN_POINT('',(-0.105,0.44,0.06));
#13570=CARTESIAN_POINT('',(-0.0599999999999998,0.44,0.06));
#13571=CARTESIAN_POINT('',(0.6,0.44,0.06));
#13572=CARTESIAN_POINT('',(0.06,0.44,0.06));
#13573=CARTESIAN_POINT('',(0.105,0.44,0.06));
#13574=CARTESIAN_POINT('',(0.6,0.44,0.06));
#13575=CARTESIAN_POINT('',(0.225,0.44,0.06));
#13576=CARTESIAN_POINT('',(0.27,0.44,0.06));
#13577=CARTESIAN_POINT('',(0.6,0.44,0.06));
#13578=CARTESIAN_POINT('',(0.39,0.44,0.06));
#13579=CARTESIAN_POINT('',(0.435,0.44,0.06));
#13580=CARTESIAN_POINT('',(0.6,0.44,0.06));
#13581=CARTESIAN_POINT('',(0.555,0.44,0.06));
#13582=CARTESIAN_POINT('',(0.6,0.44,0.06));
#13583=CARTESIAN_POINT('',(0.6,0.0675,-0.15));
#13584=CARTESIAN_POINT('',(0.6,0.1675,-0.15));
#13585=CARTESIAN_POINT('',(-0.6,0.0675,-0.15));
#13586=CARTESIAN_POINT('',(-0.6,0.1675,-0.15));
#13587=CARTESIAN_POINT('',(0.6025,0.1675,0.11));
#13588=CARTESIAN_POINT('',(-0.435,0.1675,0.6861));
#13589=CARTESIAN_POINT('',(-0.39,0.1675,0.6861));
#13590=CARTESIAN_POINT('',(-0.27,0.1675,0.6861));
#13591=CARTESIAN_POINT('',(-0.225,0.1675,0.6861));
#13592=CARTESIAN_POINT('',(-0.105,0.1675,0.6861));
#13593=CARTESIAN_POINT('',(-0.06,0.1675,0.6861));
#13594=CARTESIAN_POINT('',(0.06,0.1675,0.6861));
#13595=CARTESIAN_POINT('',(0.105,0.1675,0.6861));
#13596=CARTESIAN_POINT('',(0.225,0.1675,0.6861));
#13597=CARTESIAN_POINT('',(0.27,0.1675,0.6861));
#13598=CARTESIAN_POINT('',(0.39,0.1675,0.6861));
#13599=CARTESIAN_POINT('',(0.435,0.1675,0.6861));
#13600=CARTESIAN_POINT('',(0.555,0.1675,0.6861));
#13601=CARTESIAN_POINT('',(-0.555,0.1675,0.6861));
#13602=CARTESIAN_POINT('',(-0.555,0.1675,0.6861));
#13603=CARTESIAN_POINT('',(-0.6,0.1675,0.11));
#13604=CARTESIAN_POINT('',(-0.435,0.1675,0.6861));
#13605=CARTESIAN_POINT('',(-0.39,0.1675,0.6861));
#13606=CARTESIAN_POINT('',(-0.27,0.1675,0.6861));
#13607=CARTESIAN_POINT('',(-0.225,0.1675,0.6861));
#13608=CARTESIAN_POINT('',(-0.105,0.1675,0.6861));
#13609=CARTESIAN_POINT('',(-0.06,0.1675,0.6861));
#13610=CARTESIAN_POINT('',(0.06,0.1675,0.6861));
#13611=CARTESIAN_POINT('',(0.105,0.1675,0.6861));
#13612=CARTESIAN_POINT('',(0.225,0.1675,0.6861));
#13613=CARTESIAN_POINT('',(0.27,0.1675,0.6861));
#13614=CARTESIAN_POINT('',(0.39,0.1675,0.6861));
#13615=CARTESIAN_POINT('',(0.435,0.1675,0.6861));
#13616=CARTESIAN_POINT('',(0.555,0.1675,0.6861));
#13617=CARTESIAN_POINT('',(0.6,0.1675,0.11));
#13618=CARTESIAN_POINT('',(0.6,-0.1495,0.015));
#13619=CARTESIAN_POINT('',(-0.6,-0.1495,0.015));
#13620=CARTESIAN_POINT('',(0.555,0.1675,0.6861));
#13621=CARTESIAN_POINT('',(0.435,0.6861,0.6861));
#13622=CARTESIAN_POINT('',(0.39,0.1675,0.6861));
#13623=CARTESIAN_POINT('',(0.27,0.6861,0.6861));
#13624=CARTESIAN_POINT('',(0.225,0.1675,0.6861));
#13625=CARTESIAN_POINT('',(0.105,0.6861,0.6861));
#13626=CARTESIAN_POINT('',(0.06,0.1675,0.6861));
#13627=CARTESIAN_POINT('',(-0.06,0.6861,0.6861));
#13628=CARTESIAN_POINT('',(-0.105,0.1675,0.6861));
#13629=CARTESIAN_POINT('',(-0.225,0.6861,0.6861));
#13630=CARTESIAN_POINT('',(-0.27,0.1675,0.6861));
#13631=CARTESIAN_POINT('',(-0.39,0.6861,0.6861));
#13632=CARTESIAN_POINT('',(-0.435,0.1675,0.6861));
#13633=CARTESIAN_POINT('',(-0.555,0.8536,0.6861));
#13634=CARTESIAN_POINT('',(0.555,0.1675,0.6861));
#13635=CARTESIAN_POINT('',(0.435,0.6861,0.6861));
#13636=CARTESIAN_POINT('',(0.39,0.1675,0.6861));
#13637=CARTESIAN_POINT('',(0.27,0.6861,0.6861));
#13638=CARTESIAN_POINT('',(0.225,0.1675,0.6861));
#13639=CARTESIAN_POINT('',(0.105,0.6861,0.6861));
#13640=CARTESIAN_POINT('',(0.06,0.1675,0.6861));
#13641=CARTESIAN_POINT('',(-0.06,0.6861,0.6861));
#13642=CARTESIAN_POINT('',(-0.105,0.1675,0.6861));
#13643=CARTESIAN_POINT('',(-0.225,0.6861,0.6861));
#13644=CARTESIAN_POINT('',(-0.27,0.1675,0.6861));
#13645=CARTESIAN_POINT('',(-0.39,0.6861,0.6861));
#13646=CARTESIAN_POINT('',(-0.555,0.8536,0.6861));
#13647=CARTESIAN_POINT('',(-0.435,0.1675,0.6861));
#13648=CARTESIAN_POINT('',(1.2,0.1645,-10.));
#13649=CARTESIAN_POINT('',(0.,-0.06,-2.0145439845974E-17));
#13650=MECHANICAL_DESIGN_GEOMETRIC_PRESENTATION_REPRESENTATION('',(#8525,
#8526,#8527),#13651);
#13651=(
GEOMETRIC_REPRESENTATION_CONTEXT(3)
GLOBAL_UNCERTAINTY_ASSIGNED_CONTEXT((#13655))
GLOBAL_UNIT_ASSIGNED_CONTEXT((#13661,#13660,#13659))
REPRESENTATION_CONTEXT('IPBT-108-H1-T-D-RA-GP',
'TOP_LEVEL_ASSEMBLY_PART')
);
#13652=(
GEOMETRIC_REPRESENTATION_CONTEXT(3)
GLOBAL_UNCERTAINTY_ASSIGNED_CONTEXT((#13656))
GLOBAL_UNIT_ASSIGNED_CONTEXT((#13661,#13660,#13659))
REPRESENTATION_CONTEXT('IPBT-108-H1-T-D-RA-GP_terminal',
'COMPONENT_PART')
);
#13653=(
GEOMETRIC_REPRESENTATION_CONTEXT(3)
GLOBAL_UNCERTAINTY_ASSIGNED_CONTEXT((#13657))
GLOBAL_UNIT_ASSIGNED_CONTEXT((#13661,#13660,#13659))
REPRESENTATION_CONTEXT('IPBT-108-H1-D-T-RA-GP_pin','COMPONENT_PART')
);
#13654=(
GEOMETRIC_REPRESENTATION_CONTEXT(3)
GLOBAL_UNCERTAINTY_ASSIGNED_CONTEXT((#13658))
GLOBAL_UNIT_ASSIGNED_CONTEXT((#13661,#13660,#13659))
REPRESENTATION_CONTEXT('IPBT-108-H1-D-T-RA-GP2_pin','COMPONENT_PART')
);
#13655=UNCERTAINTY_MEASURE_WITH_UNIT(LENGTH_MEASURE(3.93700787401575E-7),
#13661,'DISTANCE_ACCURACY_VALUE','Maximum Tolerance applied to model');
#13656=UNCERTAINTY_MEASURE_WITH_UNIT(LENGTH_MEASURE(3.93700787401575E-7),
#13661,'DISTANCE_ACCURACY_VALUE','Maximum Tolerance applied to model');
#13657=UNCERTAINTY_MEASURE_WITH_UNIT(LENGTH_MEASURE(3.93700787401575E-7),
#13661,'DISTANCE_ACCURACY_VALUE','Maximum Tolerance applied to model');
#13658=UNCERTAINTY_MEASURE_WITH_UNIT(LENGTH_MEASURE(3.93700787401575E-7),
#13661,'DISTANCE_ACCURACY_VALUE','Maximum Tolerance applied to model');
#13659=(
NAMED_UNIT(*)
SI_UNIT($,.STERADIAN.)
SOLID_ANGLE_UNIT()
);
#13660=(
NAMED_UNIT(*)
PLANE_ANGLE_UNIT()
SI_UNIT($,.RADIAN.)
);
#13661=(
CONVERSION_BASED_UNIT('INCH',#13663)
LENGTH_UNIT()
NAMED_UNIT(#13662)
);
#13662=DIMENSIONAL_EXPONENTS(1.,0.,0.,0.,0.,0.,0.);
#13663=LENGTH_MEASURE_WITH_UNIT(LENGTH_MEASURE(25.4),#13664);
#13664=(
LENGTH_UNIT()
NAMED_UNIT(*)
SI_UNIT(.MILLI.,.METRE.)
);
#13665=PRODUCT_DEFINITION_SHAPE('','',#13672);
#13666=PRODUCT_DEFINITION_SHAPE('','',#13673);
#13667=PRODUCT_DEFINITION_SHAPE(' ','NAUO PRDDFN',#21);
#13668=PRODUCT_DEFINITION_SHAPE('','',#13674);
#13669=PRODUCT_DEFINITION_SHAPE(' ','NAUO PRDDFN',#22);
#13670=PRODUCT_DEFINITION_SHAPE('','',#13675);
#13671=PRODUCT_DEFINITION_SHAPE(' ','NAUO PRDDFN',#23);
#13672=PRODUCT_DEFINITION('','',#13680,#13676);
#13673=PRODUCT_DEFINITION('','',#13681,#13677);
#13674=PRODUCT_DEFINITION('','',#13682,#13678);
#13675=PRODUCT_DEFINITION('','',#13683,#13679);
#13676=PRODUCT_DEFINITION_CONTEXT('',#13701,'design');
#13677=PRODUCT_DEFINITION_CONTEXT('',#13701,'design');
#13678=PRODUCT_DEFINITION_CONTEXT('',#13701,'design');
#13679=PRODUCT_DEFINITION_CONTEXT('',#13701,'design');
#13680=PRODUCT_DEFINITION_FORMATION_WITH_SPECIFIED_SOURCE('','',#13688,
 .NOT_KNOWN.);
#13681=PRODUCT_DEFINITION_FORMATION_WITH_SPECIFIED_SOURCE('','',#13689,
 .NOT_KNOWN.);
#13682=PRODUCT_DEFINITION_FORMATION_WITH_SPECIFIED_SOURCE('','',#13690,
 .NOT_KNOWN.);
#13683=PRODUCT_DEFINITION_FORMATION_WITH_SPECIFIED_SOURCE('','',#13691,
 .NOT_KNOWN.);
#13684=PRODUCT_RELATED_PRODUCT_CATEGORY('','',(#13688));
#13685=PRODUCT_RELATED_PRODUCT_CATEGORY('','',(#13689));
#13686=PRODUCT_RELATED_PRODUCT_CATEGORY('','',(#13690));
#13687=PRODUCT_RELATED_PRODUCT_CATEGORY('','',(#13691));
#13688=PRODUCT('IPBT-108-H1-T-D-RA-GP','IPBT-108-H1-T-D-RA-GP',
'IPBT-108-H1-T-D-RA-GP',(#13696));
#13689=PRODUCT('IPBT-108-H1-T-D-RA-GP_terminal',
'IPBT-108-H1-T-D-RA-GP_terminal','IPBT-108-H1-T-D-RA-GP_terminal',(#13697));
#13690=PRODUCT('IPBT-108-H1-D-T-RA-GP_pin','IPBT-108-H1-D-T-RA-GP_pin',
'IPBT-108-H1-D-T-RA-GP_pin',(#13698));
#13691=PRODUCT('IPBT-108-H1-D-T-RA-GP2_pin',
'IPBT-108-H1-D-T-RA-GP2_pin','IPBT-108-H1-D-T-RA-GP2_pin',(#13699));
#13692=PRODUCT_CATEGORY('','');
#13693=PRODUCT_CATEGORY('','');
#13694=PRODUCT_CATEGORY('','');
#13695=PRODUCT_CATEGORY('','');
#13696=PRODUCT_CONTEXT('',#13701,'mechanical');
#13697=PRODUCT_CONTEXT('',#13701,'mechanical');
#13698=PRODUCT_CONTEXT('',#13701,'mechanical');
#13699=PRODUCT_CONTEXT('',#13701,'mechanical');
#13700=APPLICATION_PROTOCOL_DEFINITION('international standard',
'automotive_design',2010,#13701);
#13701=APPLICATION_CONTEXT(
'core data for automotive mechanical design processes');
ENDSEC;
END-ISO-10303-21;
